ticker,dt,open,high,low,close,adj_close,volume,ema_9,ema_21,sma_50,macd,macd_signal,macd_hist,retorno_log,rsi_14,stoch_k,stoch_d,roc_10,vol_ratio,volatilidad_20,atr_14,bb_upper,bb_mid,bb_lower,bb_width,sent_pos,sent_neg,sent_neu,retorno_3d,target
DIS,2025-05-09,0.1269477543538038,0.10929224843524299,0.13480507280413434,0.18124150430448527,0.16085887499600826,0.15545157326270134,0.0,0.0,0.0038919984600069846,0.5558746062691431,0.23051367735209552,0.8994724453995537,0.7206428558814004,0.8818672882677062,0.9861202641186613,0.9788438681974321,0.8076092748209308,0.11899205973489609,0.9663118961799242,0.9177809578386568,0.0,0.0,0.03761015453336247,0.6755508468665092,0.1362,0.309,0.5548,1.9633610299747657,1
DIS,2025-05-12,0.33822181484876257,0.3379874819451132,0.3179896665100985,0.38740371545083807,0.3661440490472909,0.3546921451206365,0.10316785012365814,0.05517479908332179,0.0011626640931208243,0.6779716949406557,0.33458265970473067,0.9753481642909143,1.0,0.9621571714468266,0.9829134366645246,0.9946987215691003,0.9541197269829166,0.2788515902945432,1.0,1.0,0.1612305907319973,0.040502242588595916,0.014060023335839,0.7980027426679202,0.1863846153846154,0.08141538461538461,0.7321923076923077,0.21318133682177898,1
DIS,2025-05-13,0.35563703024747895,0.39865190178141585,0.3879755753875065,0.42772995015858584,0.4063006062486023,0.24688702312712504,0.19280937937202847,0.10831644102412197,0.0,0.7780181911646046,0.4423144737565343,0.9998951582966187,0.7227047807953177,0.9760353727895769,0.9719400974560298,0.9999999999999999,0.9433780790817281,0.18428247827189348,0.9879876227301747,0.9635910615475934,0.30150075928842224,0.0827765452698328,0.003797232635936787,0.8867618585307238,0.1863846153846154,0.08141538461538461,0.7321923076923077,0.22653478241343938,1
DIS,2025-05-14,0.4074243813015581,0.45690900337024587,0.41991545326444335,0.4984141368373356,0.47668292148875313,0.27894031879898773,0.2769794637416183,0.16185485580042114,0.00324055308329374,0.8661513782877487,0.5500619319851545,0.9999999999999998,0.7706650004345909,1.0,0.982908195468489,0.9988445646216868,0.9999999999999999,0.20138656566750446,0.9829422024156043,0.9412559381394491,0.434563039838622,0.12696527430860005,0.0,0.9599489525971459,0.1863846153846154,0.08141538461538461,0.7321923076923077,-0.0264983683742116,0
DIS,2025-05-16,0.4321723189734188,0.45835339431872946,0.4476279943635513,0.5201631173538743,0.49834182567957797,0.16858952934051383,0.3974183556992381,0.25418806578742226,0.012228398383107741,0.970043151990241,0.74153030404094,0.8921346159315156,0.7440031372180764,0.9777822769653374,0.9999999999999999,0.9991268792689703,0.9563935008585444,0.11761047643049226,0.9109292598058492,0.8094657106137692,0.6240868231180627,0.21882350758164337,0.036612397993504686,1.0,0.1863846153846154,0.08141538461538461,0.7321923076923077,-0.2679848047965595,0
DIS,2025-05-19,0.44133822181484916,0.4366875300914783,0.4701737905119776,0.48572723153602126,0.46405160183744876,0.07431941718539142,0.43843104638298236,0.29352719934710203,0.018124087422068502,0.992869604563768,0.8204365305526744,0.8067163330948985,0.6025377448957504,0.9298441034301116,0.9712483931890978,0.9949326513351991,0.9474029401425093,0.044277749987232926,0.9036902646978902,0.7230332107864307,0.6892777340464287,0.26416716294906806,0.0691810359547882,0.9850774236403834,0.1863846153846154,0.08141538461538461,0.7321923076923077,-0.14875943692985272,0
DIS,2025-05-20,0.456003666361136,0.45642753972075134,0.4659464537341478,0.47213411871318556,0.4505170675631902,0.05480849695047635,0.4688457419009655,0.3282847349810165,0.025776111212913122,1.0,0.8853059810276809,0.712646857472746,0.6355989353144462,0.9103410219161848,0.9560085726689278,0.9950658235742356,0.9359972982720524,0.029557077659821254,0.9128559389740629,0.6734774748973585,0.7433846602100553,0.30572963430585487,0.10192024406677147,0.9651262577041462,0.1863846153846154,0.08141538461538461,0.7321923076923077,-0.2643857393100506,0
DIS,2025-05-21,0.4216315307057741,0.4126143476167554,0.3870361672146547,0.3860444041685547,0.36479378880287516,0.14822418962081366,0.478005463098226,0.3535151731242614,0.036132708777238065,0.9792205940092734,0.9321178072119012,0.5916310883551478,0.5183523946633599,0.789553389705765,0.8809644114369669,0.9522467106338368,0.5500188525888055,0.11157530783447793,0.9601667250391108,0.6409529435626152,0.7742745624819252,0.3423875078561385,0.13939860578467478,0.9283726478049033,0.1863846153846154,0.08141538461538461,0.7321923076923077,0.23499105903537632,1
DIS,2025-05-22,0.34326306141154905,0.37939335580163736,0.3799906059182723,0.4164023561395558,0.3950195468417137,0.0917596266689451,0.49068285187748373,0.3786970325831862,0.04633265598798664,0.9617572168650294,0.9652948088020801,0.5002553481990422,0.7065985138708732,0.8077982149088035,0.9074247462774827,0.929288266202494,0.4801396962877963,0.06446499532378581,0.9411439637938563,0.6173007341748676,0.8078184061692957,0.3758018299983634,0.17080756125393481,0.9017985285195709,0.1863846153846154,0.08141538461538461,0.7321923076923077,0.04455222587909358,1
DIS,2025-05-23,0.3258478460128318,0.30958112662493953,0.32362611554720555,0.35251472587222477,0.33140677958370013,0.09634333590496844,0.4895660341278587,0.39686462684164603,0.056928439217244886,0.9269019714978647,0.9833089861981696,0.39863949872215987,0.553278857383504,0.7196965260301514,0.8395661053110709,0.8874019427840605,0.41962024817648813,0.06821821295025661,0.9664526336655581,0.5612977458887983,0.8236898544077214,0.40655838192581895,0.20738666471869593,0.8607008269742578,0.1863846153846154,0.08141538461538461,0.7321923076923077,0.31311768754301506,1
DIS,2025-05-27,0.39138405132905607,0.4318728935965339,0.3879755753875065,0.47213411871318556,0.4505170675631902,0.14949325385556791,0.5097537320968666,0.42222785088514714,0.0682415293342995,0.9181298196764529,0.9955741990002327,0.3601119847605944,0.8510739165847235,0.7969108225613831,0.8830049238583311,0.8881359495872477,0.3668032488728893,0.1130141774807223,0.9686940277689944,0.6067351947433025,0.8430826694482096,0.4416815791330082,0.2485110040944376,0.8161336575231806,0.1863846153846154,0.08141538461538461,0.7321923076923077,0.06810380615830214,1
DIS,2025-05-28,0.4450045829514204,0.41165142031776636,0.43588539220291267,0.43407340280924345,0.4126185469192629,0.03858960473046835,0.5191962878441521,0.4424703151969629,0.07826831912919996,0.8961134142188562,1.0,0.3075750378506703,0.5961773999150325,0.7452882424564004,0.7363242757633867,0.8265882186981877,0.3226822212056013,0.01715817853126579,0.9857619754454752,0.5434483564810538,0.8493307248347959,0.47387778991890084,0.29210032316422696,0.7632166813337116,0.1863846153846154,0.08141538461538461,0.7321923076923077,0.15635744530308449,1
DIS,2025-05-29,0.4362969752520627,0.401540683678383,0.40535462658525123,0.45672859084730355,0.435176104043026,0.13645079172017258,0.530742760823669,0.46254807724160285,0.08871562216701623,0.8769781916088751,0.9988591602238182,0.27026939320689447,0.6937773479251083,0.7606449659742062,0.7581996122729177,0.7973193160361913,0.29620365717328584,0.10113689368041133,0.9791223184728679,0.5062851247217947,0.8428553664891707,0.5072130907860068,0.3438474766954962,0.695164830860725,0.1863846153846154,0.08141538461538461,0.7321923076923077,0.16380846558627948,1
DIS,2025-05-30,0.4362969752520627,0.4540202214732787,0.4452794739314241,0.5029451744449478,0.48119899460352045,0.2168416132445072,0.5481254619459781,0.48421905918186425,0.09922895345391769,0.8653668253264963,0.9951057382940458,0.2527607977455867,0.7311937769229793,0.7920028138485972,0.7224325832161962,0.7395587313903738,0.33972042976853484,0.1647410406782972,0.9714061925462147,0.49249911699447535,0.8222248999657449,0.5423837967355256,0.40549595303950037,0.6096941027791838,0.1863846153846154,0.08141538461538461,0.7321923076923077,0.04218529297448881,1
DIS,2025-06-02,0.46700274977085243,0.46605681271064014,0.48661343353687236,0.49886724059809673,0.4771345288002298,0.08279073507718673,0.5613122591050832,0.5036180529894692,0.11084717411599154,0.8490064866621692,0.988100402545083,0.23096762907642282,0.6508292436585154,0.7856286801360582,0.6759554913810878,0.7178430593989557,0.3074714989302537,0.05130058154970084,0.9748370223621399,0.45328898664918416,0.7915282530618377,0.5747540462811931,0.46821986227247825,0.5198674937696157,0.1863846153846154,0.08141538461538461,0.7321923076923077,-0.03971471184366515,0
DIS,2025-06-03,0.46929422548121025,0.5185363505055367,0.49929544387036184,0.5283189850475756,0.5064616339061292,0.13787566186097588,0.5770522574119168,0.5234318496107466,0.12250657906474238,0.8362959223296857,0.9793864622558939,0.21951716974557928,0.7040868854868957,0.807039707299943,0.6726206018897973,0.6870588430552698,0.3426373355167111,0.09836246329982472,0.9650322714723607,0.4579108886942168,0.7287241331619834,0.6087538296925166,0.5497210511944468,0.3944828408842302,0.1863846153846154,0.08141538461538461,0.7321923076923077,0.026723710875930173,1
DIS,2025-06-04,0.5210815765352885,0.4877226769378913,0.5209018318459373,0.5233348436792022,0.5014985151698994,0.03424211735200322,0.5887658410767411,0.5410757433231179,0.13348160788123842,0.819212340078429,0.9682357684478498,0.20318691519572185,0.6494312535756961,0.7982845449646497,0.655101599941786,0.6628387504592776,0.3474613827881819,0.013623442168330765,0.9668499030320152,0.41755922679635293,0.5957558177928179,0.6424847168215018,0.666691048695828,0.1972985371991916,0.1863846153846154,0.08141538461538461,0.7321923076923077,0.19522999536098173,1
DIS,2025-06-05,0.5151237396883594,0.5016851227732309,0.4673555659934241,0.4798368826461257,0.4581852684782657,0.10793077191774453,0.5904707610957329,0.5538984416176529,0.14248587687432224,0.7906464424973347,0.9523264943576117,0.17129660429522503,0.5881024104236413,0.7210480149454205,0.5022128834929215,0.600340598103914,0.37191197790639885,0.102803651451929,0.37840279441539637,0.4081864075163605,0.549570440663298,0.6590020828664436,0.7142959710634349,0.12216255477729973,0.1863846153846154,0.08141538461538461,0.7321923076923077,0.6105214949921345,1
DIS,2025-06-06,0.4981668194317139,0.4959075589792974,0.531705025833725,0.5419120978704122,0.5199961681803877,0.038659968688038865,0.6027745160334499,0.5701466068748893,0.15330417196824087,0.7760269229149956,0.9360223726686223,0.16865047626211774,0.7559342419086346,0.7748695677920671,0.7203953066505959,0.6175259668120596,0.38933322946916354,0.044436459656332514,0.3239750908564457,0.4141299058523419,0.526339816193393,0.6728930312673107,0.7463528693740473,0.07598559407676145,0.1863846153846154,0.08141538461538461,0.7321923076923077,0.48763071092708254,1
DIS,2025-06-09,0.5265811182401468,0.5869041887337509,0.5678722404884926,0.6216583597643854,0.5994060679600581,0.09318449680974841,0.6266721596739018,0.5908160449293698,0.16584587105850002,0.776286997566497,0.9230427032382615,0.19092977172724684,0.7822839125980457,0.8367640360435579,0.8255506607791597,0.6788393746313998,0.47159416061614967,0.1047739260778043,0.3351822614496345,0.43826624642761225,0.5101373904737443,0.6882713072310387,0.7769789502465927,0.03528037432963374,0.1863846153846154,0.08141538461538461,0.7321923076923077,0.22204718417047165,1
DIS,2025-06-10,0.5976168652612284,0.7982667308618208,0.6406763738844532,0.7607612143180784,0.737917223572989,0.36931277030439946,0.670305157373237,0.6198947227878584,0.18288149279866772,0.8009172623371976,0.9186848242233623,0.24870994156000575,0.8708011779163123,0.9253339962462482,0.7990469748184134,0.7856156138591871,0.47878913551725555,0.3986717596565055,0.23220121123191573,0.5528676418531432,0.5753282580468992,0.7013080580425664,0.7626041910952428,0.0836501669710841,0.1863846153846154,0.08141538461538461,0.7321923076923077,-0.04830493805791136,0
DIS,2025-06-12,0.7506874427131072,0.7448242657679351,0.7407233442930954,0.755323969188944,0.7325024975252834,0.09368458350819614,0.7372253405538176,0.6723665924161697,0.21730730464183523,0.8241956059256835,0.9222757884476394,0.2904018132738109,0.5950411953221126,0.870150402709276,0.7894088831250082,0.8237302373254228,0.48480436234016944,0.11772683919152487,0.23024419869000912,0.4770359359219182,0.6740774072408948,0.7231572806507773,0.7438833876002646,0.15299762349907847,0.1863846153846154,0.08141538461538461,0.7321923076923077,-0.02956214152711789,0
DIS,2025-06-16,0.7117323556370296,0.7905633124699092,0.7505871301080322,0.7947439963751695,0.7717558401036415,0.13418909308397686,0.7769076267732533,0.7138335474627509,0.25911302385537116,0.8139401784811433,0.9203198835778881,0.27266059078079086,0.7630438463119853,0.8654740550516818,0.8263379594637875,0.7730159144177885,0.48194558946072785,0.15835479431315153,0.23385444002606848,0.4443571156558864,0.7380868628654333,0.7417946243458147,0.7382503438713899,0.19055949215595203,0.1863846153846154,0.08141538461538461,0.7321923076923077,-0.10815571396484225,0
DIS,2025-06-17,0.7561869844179645,0.741935483870968,0.74025364020667,0.7335749886724052,0.7108481550244736,0.1253709814012982,0.7857026169946915,0.7297181898866167,0.2876432300285803,0.795525036177358,0.9151873467361538,0.24351846059840343,0.5647305980228845,0.7577964348255816,0.6990217415686064,0.7405021320323304,0.4314368128714221,0.14574445664645708,0.246204829079686,0.4045351150564821,0.7597736755254676,0.7504488936301654,0.7397416960838736,0.19957370925664447,0.1863846153846154,0.08141538461538461,0.7321923076923077,-0.024122441121734783,0
DIS,2025-06-18,0.7053162236480288,0.7140105922002897,0.7022076092062006,0.7213411871318529,0.6986638809946308,0.09873319746388193,0.7905821326890345,0.7432537549752309,0.316140422077245,0.7728830837313573,0.9055419063690942,0.21327458785654768,0.6386757297544184,0.73664560768353,0.6386717156069064,0.7205206947979863,0.42757433087646146,0.11438883818884003,0.2457854556080178,0.37563435315625104,0.7769616472617411,0.7591505116947492,0.7436011165287675,0.20383837667975763,0.1863846153846154,0.08141538461538461,0.7321923076923077,0.08369080498044523,1
DIS,2025-06-20,0.7222731439046743,0.7284545016851229,0.7050258337247541,0.7109198006343451,0.6882860362106955,0.3248829570955769,0.7926489859789188,0.7547879724871098,0.34575075703221625,0.7475762004477446,0.8916341611167133,0.1847101379818198,0.6414070592160168,0.717818225113468,0.5914451864363205,0.6360257945873607,0.446766964038547,0.3434327090054556,0.20184399038103407,0.36853235189654987,0.7852137775271952,0.7704942236887549,0.7558665522197674,0.19483503295861943,0.1863846153846154,0.08141538461538461,0.7321923076923077,0.15071843270326868,1
DIS,2025-06-23,0.6494042163153066,0.67741935483871,0.6167214654767497,0.7163570457634796,0.6937007622584019,0.10292487893629801,0.7952608128957728,0.7656758177596172,0.3674452053070043,0.7238675019093134,0.8747075718934121,0.16447892045818469,0.6656355975016857,0.7232472096337449,0.604488885587212,0.6020207286595155,0.4143280465235278,0.1101994367187238,0.2012071711757304,0.3790169056771483,0.7931258032520301,0.7809679018459783,0.7670416093801489,0.18687168552082373,0.1863846153846154,0.08141538461538461,0.7321923076923077,0.27498339591375,1
DIS,2025-06-24,0.6993583868010997,0.7298988926336065,0.7449506810709252,0.7571363842319894,0.7571356236058335,0.10298016490296055,0.808577515900593,0.7802856497376451,0.3954195903480704,0.7141638812919293,0.8587922852047312,0.1712563100010665,0.7540499136143556,0.785054767202899,0.7572990628342982,0.6446929902920931,0.40425880165035105,0.1099602893255749,0.17664783044250965,0.3765033721090013,0.7981208030807467,0.7958966843216828,0.7861809721854249,0.16919434515291837,0.1863846153846154,0.08141538461538461,0.7321923076923077,0.22082577706549622,1
DIS,2025-06-25,0.7461044912923915,0.7607125662012519,0.7862846406763735,0.7920253738106027,0.7920234288399168,0.06845407872219053,0.8254056189036696,0.7961586984744287,0.4243118680942315,0.7094017202189642,0.8448949811108764,0.18478011090899787,0.710036717905853,0.8166578897982332,0.8413413636818267,0.7345848685616166,0.3475846504152721,0.07696607183781785,0.12312267879972472,0.3480493695449439,0.8170749486230484,0.8078720866303519,0.7938946954491115,0.17030794360027957,0.1863846153846154,0.08141538461538461,0.7321923076923077,0.26258891288696873,1
DIS,2025-06-26,0.8015582034830429,0.8545979778526727,0.8356035697510569,0.8844585410058894,0.8844569536121742,0.1554867552414866,0.8552277729538869,0.8174544854391632,0.4550831163932969,0.720946028673558,0.8366014820775625,0.22233481735686975,0.7953542640667286,0.8913998803589652,0.9327722650181012,0.8526739482225579,0.3770521905973984,0.16282695442414596,0.12898728036938745,0.3628713774358462,0.845728821733359,0.8244177659661762,0.8032919034037285,0.174329556460652,0.1863846153846154,0.08141538461538461,0.7321923076923077,0.10399818451889731,1
DIS,2025-06-27,0.8872593950504122,0.915743861338469,0.9201503053076561,0.9243316719528769,0.9243306860325609,0.2307761898419575,0.8861426886074764,0.8397760179010545,0.4862945530195999,0.7338265144073753,0.8331179262412447,0.25456934422613403,0.7161539297823174,0.9200368256309762,0.8971664514234585,0.9029866116955204,0.42008513860033647,0.2343547263351225,0.1299889523681802,0.3503163099981538,0.8779298107841322,0.8415706614160707,0.8117585637874982,0.18097390827642434,0.1863846153846154,0.08141538461538461,0.7321923076923077,0.0313726070799345,1
DIS,2025-07-02,0.9546287809349217,0.9523350987000487,0.9694692343823395,0.9533303126415946,0.9533293494573867,0.07701837755791832,0.9675703374360207,0.9056040001017998,0.5856388058024153,0.7569455188406409,0.8408392275641314,0.2890146433044797,0.6236005673133699,0.8668491272535818,0.7985981574082383,0.8580410446368175,0.4472580499890836,0.07747753992235414,0.1547228487784733,0.27299723970197787,0.977097467728238,0.8929420084616746,0.8357208748772766,0.20322081668003916,0.1863846153846154,0.08141538461538461,0.7321923076923077,-0.05513287971443004,0
DIS,2025-07-03,0.9431714023831343,0.9783341357727497,0.9868482855800851,0.9995468962392389,0.9995483926885234,0.0,0.9893294098768353,0.9254989329040306,0.61733436621968,0.7578268565874006,0.8423798670059446,0.2882397122650941,0.7246376244037,0.9034320137799013,0.8983076838133518,0.85769058540124,0.4784800169975606,0.0,0.15282744582039376,0.2595609575128156,1.0,0.9104068299975636,0.8493930348674272,0.19995725336253567,0.1863846153846154,0.08141538461538461,0.7321923076923077,-0.15367062496006767,0
DIS,2025-07-07,0.9495875343721352,0.9961482908040447,0.9718177548144666,0.9614861803352968,0.9614856512040584,0.06964021400695095,1.0,0.9407580254261916,0.6473447890122319,0.7451652094992192,0.8405146745968335,0.2654150397451823,0.6019332271457568,0.8184689075323505,0.816193956185612,0.846086490712106,0.4641019409341726,0.0725982475428993,0.14716646145148338,0.24511827547104204,0.999717584473192,0.9280557679052372,0.8751820909222716,0.1736367140901408,0.1863846153846154,0.08141538461538461,0.7321923076923077,-0.07539829390721808,0
DIS,2025-07-08,0.9500458295142069,0.9528165623495424,0.9361202442461245,0.9007702763932937,0.9007695571055168,0.059573142077395336,0.997790421186445,0.9501200804710983,0.674002694152648,0.7171634936933661,0.8321718301230296,0.2220041217826811,0.5681789584511572,0.6930123610507631,0.68520957043235,0.8052986996784874,0.42890084271378703,0.06150714947408693,0.1690746011404286,0.2268353763847163,0.9911245283988626,0.9414081239309531,0.8989754191321668,0.14566891904130475,0.1863846153846154,0.08141538461538461,0.7321923076923077,-0.09808876554713808,0
DIS,2025-07-09,0.8868010999083404,0.8873375060182962,0.8792860497886332,0.845944721341187,0.8459471665062468,0.062136400531750485,0.9863198250130276,0.9545589626512117,0.699436075400925,0.6787303154883202,0.8160947803558851,0.1701722314401285,0.5759859290288791,0.5906822084679461,0.5669398222743707,0.6861000796746671,0.3656618476625716,0.06522186837101603,0.1708210950766692,0.20463857310056388,0.9829907833781188,0.9500534353379617,0.9156944501053625,0.12515037541708263,0.1863846153846154,0.08141538461538461,0.7321923076923077,-0.03428491312834936,0
DIS,2025-07-10,0.8308890925756183,0.8680789600385177,0.8797557538750587,0.8889895786135025,0.8889912734870018,0.0662526920496267,0.9847616603512623,0.9617915241096036,0.7257550855507677,0.6536178323590205,0.7970893080725374,0.1505469863141438,0.7212588202630724,0.6420459643683142,0.6597999773433249,0.6298425223837217,0.3696066800625203,0.08109398082161799,0.09279852606680006,0.19831217838425397,0.988396700704155,0.9553510600128194,0.9206292855698703,0.12277449380118607,0.1863846153846154,0.08141538461538461,0.7321923076923077,-0.13150008723227358,0
DIS,2025-07-14,0.7923923006416125,0.7982667308618208,0.8318459370596525,0.8169460806524693,0.8169439413914068,0.06536309058605638,0.9589237414475997,0.9638215221103072,0.7741925587163703,0.5795107230217633,0.7437374362609162,0.08805317404750695,0.6641192477756432,0.5150278740799371,0.29043676885267694,0.4618135906465649,0.2645885453815489,0.08585331428047906,0.11078011035978208,0.14108533840538884,0.9882519570307204,0.9596745155268,0.926985441039883,0.11639345427230097,0.1863846153846154,0.08141538461538461,0.7321923076923077,0.12424059680157273,1
DIS,2025-07-15,0.8130155820348302,0.7852672123254703,0.798027242837013,0.7720888083371094,0.7720888434747311,0.09276231306432522,0.9421544068179246,0.9615287978910771,0.7978390921582612,0.5401057755454386,0.7114324211942757,0.06141818548657471,0.5898053153761285,0.4398850402387068,0.025984049480154356,0.23381928973019994,0.20492045667267395,0.12370431529337235,0.11663947115322199,0.11144199137509381,0.9848666042872072,0.9621227353966204,0.9322730037658968,0.10956465040132454,0.1863846153846154,0.08141538461538461,0.7321923076923077,0.14319222474963778,1
DIS,2025-07-16,0.77314390467461,0.8016369764082816,0.798027242837013,0.8101495242410506,0.8101515849591951,0.06270433818928406,0.9354756069436689,0.9622717131716447,0.8207959972208103,0.5147399846289546,0.6793826042809588,0.06312843265444759,0.7146578336961675,0.4962091724127472,0.11866591797942706,0.09859007364242196,0.2354533314793525,0.09189934219673555,0.10006211312260266,0.12009289729790928,0.9848260551330625,0.9634691363534498,0.9342501101929561,0.10758850436870065,0.1863846153846154,0.08141538461538461,0.7321923076923077,0.05704424011396614,1
DIS,2025-07-17,0.7910174152153981,0.8892633606162743,0.8388914983560358,0.9184413230629804,0.9184415442233043,0.14277349590758195,0.9492986453764987,0.9709906116475526,0.84604529971406,0.5157716513580659,0.6539951506231301,0.10777721925674288,0.8182651782471113,0.6341066983109046,0.5074909661676198,0.17666813669240344,0.301510773276988,0.1857029580663861,0.12772708624186568,0.16242361518946302,0.9879793993315094,0.9707486913900878,0.943216027095632,0.10021005584796161,0.1863846153846154,0.08141538461538461,0.7321923076923077,-0.056735439907022456,0
DIS,2025-07-18,0.8927589367552704,0.878189696677901,0.8642555190230157,0.8826461259628458,0.8826459626762526,0.13154290567962787,0.9540216695482204,0.9762580722188297,0.8705909678357378,0.5064740158684755,0.6314104976744734,0.12656059175590756,0.6044778480625315,0.5712283014363634,0.3789636418012714,0.3036408615027686,0.26054955746049646,0.17031792052933298,0.13501602270358581,0.1493515008103362,0.9839328267251988,0.9772002826210304,0.9546586090116147,0.08704796898096293,0.1863846153846154,0.08141538461538461,0.7321923076923077,0.07802946907091246,1
DIS,2025-07-21,0.8515123739688351,0.8690418873375068,0.8872710192578674,0.8563661078386948,0.8563660665003177,0.05378319356873429,0.9531488492684286,0.9790946644740446,0.8864765975709936,0.49123683233151,0.6096149598510977,0.13184896038460556,0.6183073147774758,0.5258917641836728,0.28722827168944154,0.3642755888825267,0.2660958316667775,0.09158514531531013,0.13894823880395224,0.11967449500144689,0.9739412102157283,0.9830942459874703,0.9683293258803154,0.06895610009420441,0.1863846153846154,0.08141538461538461,0.7321923076923077,0.05872796036861416,1
DIS,2025-07-22,0.8368469294225473,0.8430428502648057,0.876937529356506,0.8663343905754415,0.8663333591829101,0.034232065358064584,0.9542146893062702,0.9824137315307624,0.9000459029721544,0.47931820896301286,0.5892626082608562,0.1415206807156001,0.6721466809253799,0.5396584050666581,0.32351641648421026,0.29809683414077587,0.3015732860212347,0.07014690311842046,0.1389129822083971,0.09337351334014421,0.9610595034176992,0.989147851525102,0.9837090779376076,0.047894865013563354,0.1863846153846154,0.08141538461538461,0.7321923076923077,0.021446436563725912,1
DIS,2025-07-23,0.8721356553620527,0.9272989889263368,0.9210897134805069,0.9515178975985501,0.951518358521465,0.10068579728646423,0.9701441272818725,0.9917584046257897,0.9144959185037989,0.48631815129292755,0.5746932805720999,0.1802764480299514,0.7829031479644133,0.6486958720444945,0.6336513436684383,0.3897123047947983,0.3735419782265301,0.15480040409716628,0.1504782978218,0.12224559220526998,0.962001779506207,0.9959641563335144,0.9931319039493207,0.039192752759573596,0.1863846153846154,0.08141538461538461,0.7321923076923077,-0.12237941598070823,0
DIS,2025-07-24,0.9330889092575614,0.9378911892152146,0.9356505401597,0.9066606252831901,0.9066586989147742,0.06156594987573222,0.9749480334347451,0.9969214930264894,0.9243743114762593,0.4800820746374024,0.5615121465055753,0.1895796274611592,0.5914364043012004,0.565897483261271,0.4703297803220904,0.455577011915956,0.3281745686792945,0.10539397294560678,0.1591418672471333,0.10229966222994291,0.9600232982970676,0.9999840037904617,0.9999840897858587,0.03162772341704791,0.1863846153846154,0.08141538461538461,0.7321923076923077,-0.10194460516716519,0
DIS,2025-07-25,0.9060494958753438,0.8921521425132406,0.8914983560356982,0.8849116447666514,0.884913122613666,0.03529003772010725,0.9749424412497625,1.0,0.9331213871001127,0.46851984837786254,0.5481385113743183,0.18828955385959228,0.6251934425477231,0.526907106635692,0.4460496243820757,0.49965427764182535,0.35673070131394063,0.07748700856564876,0.12489003301853846,0.08343045316782527,0.9600376463687263,1.0,1.0,0.031619111488358026,0.1863846153846154,0.08141538461538461,0.7321923076923077,-0.09882570055879814,0
DIS,2025-07-28,0.8496791934005499,0.8415984593163222,0.8454673555659937,0.8350702310829181,0.835072097510686,0.044980159876963605,0.9661166788266851,0.9990965697481737,0.9396712726928325,0.44687187487358737,0.5321433718360251,0.1707211646321941,0.5831964885799685,0.4410206621099487,0.23998390845475553,0.35804544810723804,0.32853296767695395,0.10019348274619767,0.1273644572099093,0.06347312615780543,0.9575998579832605,0.9968700216796629,0.9966979026844078,0.03366289524698597,0.1863846153846154,0.08141538461538461,0.7321923076923077,-0.06837027892189607,0
DIS,2025-07-29,0.8290559120073322,0.8131921039961485,0.8205730389854393,0.8142274580879016,0.8142297358325319,0.05104905121742212,0.955367210389551,0.9967271484015887,0.9464339159770514,0.423807586771632,0.5137045238260315,0.15434430046446856,0.6261256291728843,0.40649417005961574,0.14378931363684638,0.2405833236166114,0.3411542400869341,0.11967204815376324,0.09636792717970755,0.042853392281189895,0.942563265540155,0.9903557253073303,0.9949172340886419,0.028281314188520604,0.1863846153846154,0.08141538461538461,0.7321923076923077,-0.18475234322914735,0
DIS,2025-07-31,0.7777268560953248,0.7698603755416471,0.7839361202442463,0.777979157227005,0.7779779852839876,0.0749552058020109,0.9310975285733143,0.9887899223522885,0.9576378760713116,0.37743997306526444,0.47130023422830025,0.13035998813993338,0.6279613625063801,0.34536709595232307,0.0431810311274954,0.033222076860812494,0.24770939109160692,0.16327528647496153,0.09533533258676535,0.0,0.9234338321597733,0.977930669548543,0.9866397298001286,0.027242766154310066,0.1863846153846154,0.08141538461538461,0.7321923076923077,-0.04601104687298452,0
DIS,2025-08-01,0.6920256645279554,0.6726047183437656,0.642555190230155,0.6637970095151786,0.6637988842106219,0.11020754854484824,0.9007273581862609,0.9761838226174859,0.9615357937304161,0.3337658553801893,0.4430010765735706,0.08826401569499048,0.4830760175369326,0.17954480456124888,0.1253301471483559,0.02658200270989792,0.2071235117359571,0.20595817413237316,0.13171907117531434,0.028787161256169536,0.9196532679855229,0.9661571394042472,0.9714644199039708,0.04022936337200286,0.1863846153846154,0.08141538461538461,0.7321923076923077,-0.09693092168558715,0
DIS,2025-08-04,0.6984417965169571,0.7510832932113631,0.7440112728980743,0.7888536474852739,0.7888530542795493,0.11541448140506771,0.898564372868651,0.9740124586554009,0.9692858594668747,0.3261225143677085,0.41849178775246354,0.11366236734801921,0.8479796696992057,0.39083959617990405,0.4585098931843395,0.16763209773833132,0.2844189663709779,0.20938681054112968,0.21481833999560385,0.08941216401863239,0.9028427455498065,0.9601035338666151,0.9712597766940356,0.03243050207207161,0.1863846153846154,0.08141538461538461,0.7321923076923077,-0.3716243566761125,0
DIS,2025-08-05,0.7681026581118235,0.7534906114588349,0.7252231094410524,0.7421839601268685,0.742182403736936,0.27927957359441713,0.8885738158030252,0.968571906353735,0.9756305739472202,0.30984974509900637,0.3949031825644051,0.1198324612747271,0.5866939570982724,0.3270365908276005,0.3341660549376718,0.27230432853000563,0.2554053499471652,0.4122545806020278,0.21026630846438998,0.09443072301203259,0.8984076516323674,0.954542451620664,0.965445956683626,0.0360016396723252,0.1863846153846154,0.08141538461538461,0.7321923076923077,-0.3595842629641228,0
DIS,2025-08-06,0.6090742438130157,0.5873856523832455,0.4842649131047443,0.5994562754870865,0.599456246550222,0.44986191073326787,0.8553204805233738,0.9530245897838983,0.9805294198367855,0.26633559014323105,0.36538645042157186,0.0801042649568495,0.43744340594999837,0.16504418152832,0.28317417770983494,0.3290834939306183,0.1411645729430098,0.5729404792701482,0.275142849388355,0.2064382661125076,0.9203186520337017,0.9458988997967039,0.9416882007762788,0.06978571914447981,0.1863846153846154,0.08141538461538461,0.7321923076923077,-0.19803517209366095,0
DIS,2025-08-07,0.6076993583868004,0.6008666345690905,0.4664161578205732,0.4956955142727679,0.4956960454709254,0.28226250279571086,0.8103534491105968,0.9311836043596111,0.9813551064263661,0.21035769586484576,0.3280779313874182,0.0278864832448506,0.4936652570976261,0.07314771086214,0.12135546774391733,0.20780334909692388,0.10970205617790993,0.34414701209245124,0.29386306447688193,0.284527096567201,0.9492645794062984,0.9321074478191642,0.9068548975070847,0.1180964518700251,0.1863846153846154,0.08141538461538461,0.7321923076923077,0.0767864537799674,1
DIS,2025-08-08,0.49541704857928437,0.4992778045257591,0.47581023954908375,0.47530584503851436,0.4753052911042488,0.13164845161598368,0.7707708947860086,0.9098135862655257,0.9825007632432063,0.16318922561754712,0.28669123069531965,0.00055596168840788,0.6247735657158202,0.05647793311442595,0.0846215786728486,0.1180379836139956,0.10956775324381085,0.1633852254582056,0.2819823418416665,0.27665283977650235,0.974661059706829,0.9202862489704438,0.876698514643802,0.1603630792560451,0.1863846153846154,0.08141538461538461,0.7321923076923077,0.4013340371418961,1
DIS,2025-08-11,0.47754353803849625,0.4443909484833899,0.4532644434006583,0.48074309016764794,0.48074282560202874,0.10756387413898388,0.7400672324448347,0.8907901842355583,0.983333536197903,0.12901709085837715,0.24522157100240213,0.0,0.6660192712763411,0.06608472860228709,0.1169353056777795,0.0582390518612805,0.13619407132150915,0.13356709385797966,0.2821913487401765,0.2463737974304291,0.98890891494821,0.9084968825787039,0.8522862267268687,0.19181928418410404,0.1863846153846154,0.08141538461538461,0.7321923076923077,0.3543795724330343,1
DIS,2025-08-12,0.4958753437213561,0.504573904670198,0.49788633161108464,0.53375623017671,0.5337587869553913,0.07593527521102905,0.7248875184772512,0.8774340820682598,0.9842941138317007,0.1156529669711428,0.20877627656110123,0.033671507140746265,0.7416035758629594,0.15927543662316912,0.2101885883212673,0.09019382663719056,0.17377316950041422,0.09852041799069337,0.29713279747399,0.2529311050841302,0.994246184969926,0.9001395029433823,0.837414796720588,0.20951580173051726,0.1863846153846154,0.08141538461538461,0.7321923076923077,0.14175832628259433,1
DIS,2025-08-15,0.6452795600366628,0.6220510351468471,0.6247064349459839,0.6094245582238331,0.6094235392328153,0.06323458086954772,0.7402503916131025,0.8658852625176241,0.9923628992604003,0.15444454298733978,0.1570608713303402,0.19981814668912357,0.592614298490803,0.2879318994097383,0.4122054883416106,0.43373597846633444,0.29015642199204655,0.08801169535405427,0.31841669483903956,0.2699985776438031,0.9498345911372228,0.8761314318958973,0.8252278483514766,0.20118453406038395,0.1863846153846154,0.08141538461538461,0.7321923076923077,0.1226758286176226,1
DIS,2025-08-18,0.5820348304307972,0.6302359171882532,0.6232973226867076,0.6619845944721341,0.6619833315846853,0.03885346957135785,0.7477283166674518,0.8643174587403912,0.9960874927656542,0.1707155078737989,0.15171890662640192,0.24211494962646432,0.7388358841592964,0.3635953335939923,0.5454989514246384,0.45979329724630086,0.2530764084227833,0.06030694732406443,0.33275793071208737,0.26752932625759207,0.9342594915852125,0.8693151270874857,0.8232835678896699,0.1958351432519418,0.1863846153846154,0.08141538461538461,0.7321923076923077,-0.02327071762289923,0
DIS,2025-08-19,0.6420714940421632,0.6292729898892633,0.6496007515265383,0.6492976891708198,0.649297271653202,0.04175849581962701,0.7514653698900071,0.8619498921813307,0.9984505871095175,0.18226166010537564,0.15027013018972024,0.2682057113399008,0.6377268378836348,0.34703565815105764,0.5455240379866854,0.4828187099286489,0.2703522774887856,0.06339260191648526,0.33138409889982645,0.22607035884334337,0.9153468708715877,0.8617044505134062,0.8218907694928088,0.1883144410367032,0.1863846153846154,0.08141538461538461,0.7321923076923077,0.18074007461166208,1
DIS,2025-08-20,0.6228230980751599,0.6726047183437656,0.6627524659464541,0.684186678749434,0.6841850768872852,0.07022322965539252,0.7606297530672723,0.8623889422480335,1.0,0.20020974523813623,0.15350215343206705,0.2995747643294496,0.7111121312578709,0.3986127808133051,0.6551684945265451,0.5702166093951817,0.3648643324005632,0.09789237574802791,0.3075283632506761,0.2269441505101889,0.8770520283924244,0.8523300318756464,0.8278410414265975,0.16394784595860507,0.1863846153846154,0.08141538461538461,0.7321923076923077,0.04437110377704445,1
DIS,2025-08-21,0.6452795600366628,0.6133846894559465,0.6406763738844532,0.6465790666062521,0.646578504404312,0.052390992408231585,0.7613053284506135,0.859994751796858,0.9983307024855463,0.20737223496141266,0.15784009324000753,0.3069862234234069,0.5993332624508022,0.3454759823731556,0.55746943474257,0.5745225945491113,0.4022148472174769,0.07742243160354915,0.3064860514622384,0.1835122870303617,0.8434730821891696,0.8432099529695445,0.831750679740173,0.14382525148534425,0.1863846153846154,0.08141538461538461,0.7321923076923077,0.10090940518269265,1
DIS,2025-08-22,0.6920256645279554,0.7636013480982191,0.715829027712541,0.766651563207974,0.7666513089769502,0.07311317791275371,0.7830972953018369,0.8667369377323775,0.9982043984484692,0.23992681097315016,0.16927500438964357,0.3545475986902,0.8410621795274181,0.5103078389367816,0.8497138649558584,0.6839448162018918,0.4801935158313843,0.09990538788708662,0.364965345731026,0.25526975372949356,0.821322633039876,0.8390629356467687,0.8370455274822555,0.1277079301529173,0.1863846153846154,0.08141538461538461,0.7321923076923077,-0.04550674449462422,0
DIS,2025-08-26,0.684692942254812,0.6961964371689939,0.7172381399718182,0.7118260081558674,0.7118243566876661,0.03857703973804502,0.7973959471342855,0.8708472252829118,0.9980507493789421,0.2667217482804483,0.19523916211242576,0.36596232116911653,0.65317094479584,0.431600693432047,0.7109075994645234,0.7616653992689719,0.41645714284347857,0.060845560401463175,0.3652399257283303,0.18623710661414294,0.7869362853673749,0.8312454280833612,0.8432605087693066,0.10466866084812063,0.1863846153846154,0.08141538461538461,0.7321923076923077,0.046467662966855006,1
DIS,2025-08-29,0.682859761686526,0.7091959557053453,0.721465476749648,0.7449025826914362,0.7449011709858269,0.024132324448208342,0.8173278300412719,0.8791019974423939,0.998174468976976,0.30021162062797313,0.2353210200663327,0.36744514639293263,0.7084228471191882,0.4781950168400989,0.7616048915970294,0.7452424501468649,0.3921107224221582,0.049293452885375136,0.32527755698868865,0.13095828851447922,0.7747211363219826,0.8294500135247955,0.8468946089360152,0.09500128720570308,0.1863846153846154,0.08141538461538461,0.7321923076923077,0.02615511803790649,1
DIS,2025-09-02,0.6659028414298804,0.6913818006740495,0.6627524659464541,0.7399184413230628,0.7399198054895377,0.044319241275497495,0.8231841276528886,0.8821216084639998,0.9991181227034964,0.3091765599944068,0.2482018719781781,0.36423777889438846,0.64975461251648,0.4693330225959368,0.6586398695305768,0.7082822634484276,0.3607009833216973,0.07685398701966957,0.26831198784137866,0.13440122066971705,0.7662551666185395,0.8277341001276333,0.8487280968244502,0.08899607279164085,0.1863846153846154,0.08141538461538461,0.7321923076923077,-0.022046447969520044,0
DIS,2025-09-03,0.7030247479376719,0.7077515647568617,0.679192108971348,0.6995922066153142,0.6995944657576736,0.051174701141655204,0.8207320440244619,0.881871438944045,0.9992258354532675,0.3074742557329551,0.2580900804674995,0.3441821481181818,0.5957740158226853,0.3978589063246386,0.4601240654792718,0.6184824671873205,0.3460270792925671,0.09657244139715106,0.26641939504194656,0.13725024072883885,0.7607226396550573,0.8262406940051479,0.8493856736806866,0.08562119932222609,0.1863846153846154,0.08141538461538461,0.7321923076923077,0.09455344509431995,1
DIS,2025-09-04,0.6686526122823091,0.7587867116032747,0.6984499765147962,0.7643860444041684,0.764384149039536,0.06777556913133181,0.8302374065059706,0.886456435884047,0.9993583087964462,0.3200488177434043,0.2690770456371425,0.3515456242101101,0.7559944442727274,0.5028765161460044,0.6839400109800481,0.5905450970714906,0.36172846049942853,0.1426570073831927,0.1928256947825413,0.16838904715155045,0.7743151422482697,0.8320241235636803,0.8508424048083771,0.09076749413287266,0.1863846153846154,0.08141538461538461,0.7321923076923077,-0.08535741140804243,0
DIS,2025-09-05,0.7525206232813924,0.7636013480982191,0.742602160638798,0.7236067059356586,0.7236072019961952,0.06073414737730912,0.8306246454691539,0.8875958001533517,0.9981079405138829,0.32095350388730254,0.2780879515245648,0.33830277841771367,0.5953659945231528,0.4305209783455485,0.4998141001737653,0.5334127836345404,0.36033708644090684,0.1485763324584078,0.14146170210375408,0.16219858627500738,0.7718215115540907,0.8400161497731498,0.8637296318689551,0.07641771403949904,0.1863846153846154,0.08141538461538461,0.7321923076923077,-0.13275167531378673,0
DIS,2025-09-08,0.708982584784601,0.7202696196437168,0.6975105683419445,0.7657453556864517,0.7657435326639819,0.055245758686807506,0.8383920829413487,0.891761372406398,0.9959383456222008,0.3305432097444969,0.2876428220105414,0.34194823549483233,0.7213433159778487,0.4972216681645484,0.6588991391335156,0.6049155369815373,0.31866714220428255,0.1459865843935787,0.13968115628901845,0.15853823139981482,0.7659392446882434,0.8502007764240185,0.8815346729559046,0.055503346076638566,0.1863846153846154,0.08141538461538461,0.7321923076923077,-0.10413787351665715,0
DIS,2025-09-09,0.735105407882676,0.7284545016851229,0.7200563644903708,0.6991391028545539,0.6991382967561819,0.02995494193717002,0.8328176715842153,0.8906009775599895,0.991822751500516,0.3234329064953943,0.29354716473806813,0.31748369811937227,0.5559009729146548,0.38341837722011396,0.33196398788187176,0.4783038129812605,0.31100821611353163,0.11142545420594409,0.16913222955490492,0.14435169095126532,0.7438516248502873,0.8578591217025218,0.9039511450952187,0.02214162756047082,0.1863846153846154,0.08141538461538461,0.7321923076923077,-0.09137887161284786,0
DIS,2025-09-11,0.5939505041246562,0.6379393355801639,0.5984030061061532,0.6859990937924785,0.6860006295132219,0.10420902116196024,0.8123286525854461,0.8827770330317222,0.9797078183282748,0.29825279056020243,0.2917424675629253,0.2689014740062086,0.7476139937803663,0.37568779162663424,0.41978040217199686,0.280422521613398,0.29505725275954386,0.23232578531149528,0.12049608393241518,0.1817829599302082,0.7275340170664473,0.8618471367024862,0.9180855198077884,0.0,0.0312,0.0371,0.9317,-0.12219466296057435,0
DIS,2025-09-15,0.6241979835013742,0.6177178623013964,0.6157820573038988,0.6198459447213409,0.6198470009168995,0.07284177407641024,0.7885981622944032,0.8719174891440629,0.9669552790335469,0.2702506022219153,0.280220009674123,0.23081674687892795,0.6333990979634592,0.2816651055560112,0.158406678746713,0.22894128648909334,0.2534882281205575,0.1787675061469317,0.12483949551593759,0.151022272902681,0.7272797664204518,0.8616566218468873,0.9179386354112427,2.125986532690305e-05,0.1863846153846154,0.08141538461538461,0.7321923076923077,-0.05555596441003574,0
DIS,2025-09-16,0.5939505041246562,0.574386133846895,0.6021606387975575,0.6021748980516541,0.602175013799112,0.06515199871334476,0.7758211482757256,0.8653588813483424,0.9603885529025495,0.2558506778947447,0.2710747518270349,0.2166266330303095,0.6297909340230753,0.2565608061519449,0.08858446080783891,0.10980450907765534,0.2467584161501556,0.16419290566977002,0.11116655961164179,0.11336138905127535,0.7324962455772557,0.8595593588143347,0.9122251767684735,0.00828801873791958,0.1863846153846154,0.08141538461538461,0.7321923076923077,-0.11060777080003192,0
DIS,2025-09-17,0.5843263061411541,0.6133846894559465,0.6261155472052611,0.6415949252378788,0.6415971389080228,0.07744056130334154,0.7725768001698929,0.8623246924369017,0.9556519430896513,0.25360755629038584,0.26320976017934594,0.22520652129803795,0.7186228927087455,0.3305948340001795,0.24434171620994222,0.11882275338432217,0.28843376089206285,0.18052153900859463,0.11944790274679745,0.11543045051392953,0.7328891208946473,0.8592893427973309,0.9116320402935525,0.00907366531906946,0.1863846153846154,0.08141538461538461,0.7321923076923077,-0.2500053324232673,0
DIS,2025-09-18,0.588450962419798,0.5710158883004341,0.5711601690934716,0.5854100589034887,0.5854108029942928,0.1308819870781618,0.7600369859163187,0.8553929513113081,0.9508904059453434,0.2403448553008491,0.25367301354249705,0.2140030145392554,0.5698221055586999,0.2473742739910697,0.10291439025586657,0.09886123937918487,0.225520661743272,0.25772175138426595,0.12716818772997496,0.10084315356409113,0.7388639540800641,0.8558256835460267,0.9035455653679194,0.020099865376947065,0.1863846153846154,0.08141538461538461,0.7321923076923077,-0.20201508587102157,0
DIS,2025-09-19,0.5549954170485787,0.5142031776600868,0.4715829027712548,0.5355686452197554,0.5355697778913138,0.4811412028718547,0.7411838458383686,0.8453892955148428,0.9444313091951173,0.2199648858465994,0.24105760519546182,0.1933709198233855,0.5789098601722701,0.1807466514310393,0.22575385152289473,0.1482033874199238,0.22002848106584874,0.6945925598248591,0.13236331153294312,0.12000871324616547,0.7511922509635491,0.8519330059549084,0.8915885778951727,0.03815329351724775,0.1863846153846154,0.08141538461538461,0.7321923076923077,-0.027920208507232203,0
DIS,2025-09-22,0.4248395967002754,0.46750120365912373,0.45232503522780654,0.48119619392840995,0.4811944329135054,0.2821469048654164,0.7164775225910285,0.8322561915078559,0.9383779693745637,0.19326542206168545,0.2244331872196963,0.16650396458009792,0.5709063321686938,0.11478958548988105,0.1292486644214608,0.10680247158729003,0.17033145490023197,0.39445986479703066,0.053187206786334706,0.11831795561794867,0.7589907421996172,0.8419230579121968,0.873058008634986,0.06068262965214197,0.1863846153846154,0.08141538461538461,0.7321923076923077,0.040498265172629555,1
DIS,2025-09-23,0.4688359303391385,0.4670197400096301,0.4560826679192109,0.46714997734481223,0.4671489893575771,0.22347341624553,0.6942265818926066,0.8192737438623992,0.9319851509804273,0.1705958400672907,0.20558748230656299,0.15161769034890848,0.6348535321146801,0.09839028325480648,0.09377569144777634,0.10351512717948974,0.19629910433044973,0.29849636553886644,0.04457151948554211,0.11361607105506633,0.7691233445302972,0.8332478335933517,0.8552739365386333,0.08371171639919547,0.1863846153846154,0.08141538461538461,0.7321923076923077,0.11833175466520829,1
DIS,2025-09-24,0.45462878093492165,0.4925373134328366,0.4842649131047443,0.5206162211146355,0.5206165580224162,0.1131578087658413,0.6858889745435288,0.8114429627266668,0.9273892680418436,0.16586701697011172,0.18935399985318452,0.1691238752701878,0.7425437279469987,0.21160150605313433,0.22881262429108612,0.10461541943831154,0.26174741703017307,0.15753046402543192,0.07006513242956164,0.13132641762942787,0.7676714391320285,0.8265428624033251,0.8462733448206139,0.09219836928228992,0.1863846153846154,0.08141538461538461,0.7321923076923077,0.11749088742464586,1
DIS,2025-09-25,0.46837763519706677,0.4877226769378913,0.5054015969938943,0.5006796556411413,0.5006819726572296,0.05310468397787557,0.6756906961409133,0.8028433771356838,0.9217334316198276,0.15945611177889457,0.1747987697318243,0.1803709249076213,0.6256578313317833,0.18452065542557416,0.186403953888585,0.1251751429997911,0.22076907246612482,0.08244351592193135,0.06532093721423993,0.10412007822255565,0.7628997094570389,0.8184396625375654,0.8369377587577094,0.0994387431271038,0.1863846153846154,0.08141538461538461,0.7321923076923077,0.13664607591246325,1
DIS,2025-09-26,0.4876260311640692,0.46461242176215745,0.510568341944575,0.52242863615768,0.5224275489583379,0.04758111330858866,0.6713807905261042,0.7966407818073709,0.9144959185037989,0.1607676819444312,0.16347546459074122,0.2020301354948177,0.6918648620371406,0.23089966720684618,0.24664855346958253,0.18016609506256415,0.258672806322165,0.07532695976092234,0.07104348147923989,0.07674475936291125,0.7566410411200479,0.8118140325468475,0.8305090945578097,0.10298983141603577,0.1863846153846154,0.08141538461538461,0.7321923076923077,-0.04509932329185784,0
DIS,2025-09-29,0.5032080659945004,0.5339431872893599,0.5373414748708312,0.5817852288173988,0.5817842594324345,0.12695165744815057,0.6784383216667189,0.7954109342429794,0.9089973993873706,0.17620653328613964,0.15819397448047282,0.24252022882306196,0.7508649578793782,0.34889546846301334,0.49194998036896964,0.27482104913766786,0.29868181035786806,0.16364971795525446,0.08820922717499702,0.08484654017542448,0.7417313423561449,0.806094107940182,0.8298178318590752,0.0964001827164073,0.1863846153846154,0.08141538461538461,0.7321923076923077,-0.20560307989054183,0
DIS,2025-09-30,0.5517873510540783,0.5276841598459319,0.5378111789572575,0.5690983235160854,0.5690981995009512,0.1269416054542119,0.6818390597582855,0.7933506006046835,0.9037473198950279,0.1870381689181267,0.15661876942668967,0.26735843175922985,0.637424235639553,0.3275867325222852,0.4689013585434308,0.3764401398760652,0.3013017322815902,0.15859762158659524,0.08825736033976445,0.06583202920565989,0.7259325567583694,0.8001040073544172,0.8291883856563733,0.08928900904571077,0.1863846153846154,0.08141538461538461,0.7321923076923077,-0.16161948122735537,0
DIS,2025-10-02,0.48075160403299755,0.44535387578237895,0.41756693283231616,0.4621658359764389,0.46216762386128796,0.11164749667655949,0.6578664652619652,0.7770898569223981,0.8880882037364985,0.17112382046339863,0.14942315946161663,0.246798093120687,0.5986815325897905,0.1672637003348051,0.1932481399346558,0.25684483129516494,0.25245614317011567,0.13397881024885605,0.07574153110355653,0.1172613901616516,0.6958242744536935,0.7824675464901838,0.8189495416000727,0.08500633566785135,0.1863846153846154,0.08141538461538461,0.7321923076923077,0.03823718106894369,1
DIS,2025-10-03,0.437671860678277,0.46461242176215745,0.4542038515735092,0.4771182600815589,0.4771208437301855,0.0727789491142937,0.649102639657742,0.769863216259095,0.8802380118293938,0.1675337854120076,0.14483032068931093,0.24713532491629175,0.6812720192312849,0.20038894722195788,0.2477793825404599,0.17730351950451806,0.2872098582290754,0.09018793706430879,0.0767132664476729,0.11832806430527809,0.6776807303677561,0.7738241546283189,0.8156631005634725,0.07941723042691823,0.1863846153846154,0.08141538461538461,0.7321923076923077,-0.055080167888865605,0
DIS,2025-10-06,0.4674610449129233,0.4424650938854118,0.4490371066228276,0.48980516538287233,0.4898069036616688,0.04746802837677888,0.6443368659952879,0.7642358333267598,0.8730170891446392,0.1690142741947465,0.14151825499411344,0.25571861009796687,0.6775863596792976,0.22914245098051778,0.29278757886694967,0.20604771513539955,0.32389714847688705,0.0623741544093739,0.06357615469352929,0.10109787634657519,0.6425325899521326,0.7641480474786695,0.8195667882544555,0.05786956233325988,0.1863846153846154,0.08141538461538461,0.7321923076923077,-0.16281408907184203,0
DIS,2025-10-07,0.4647112740604946,0.45642753972075134,0.46547674964772234,0.4798368826461257,0.47983961097907546,0.02908795745996165,0.6387601508036491,0.7583796838362975,0.8665248949008681,0.16957676360599647,0.13900621689411527,0.2610801102149979,0.6414117676029982,0.21285098205933561,0.27570223743184097,0.23570784750212498,0.32616823647210486,0.041960572892712225,0.04683453054163145,0.08301048587475457,0.6207273720832305,0.7564580297052803,0.8195370524192573,0.04697903207989673,0.1863846153846154,0.08141538461538461,0.7321923076923077,-0.31539419521052603,0
DIS,2025-10-08,0.4729605866177815,0.44679826673086254,0.458431188351339,0.45083824195740796,0.45084094755424964,0.07091933023564387,0.6291663484739196,0.7509019597348763,0.8598836368826461,0.16531910432233043,0.135954939309092,0.257466319166516,0.6108480333628226,0.1657349293725635,0.16112819524355418,0.2045379510024649,0.28091093721162674,0.08893731281547641,0.025910502962338322,0.06447511001149475,0.6133769887727372,0.7502615780164725,0.8142899578931875,0.04872109784534526,0.1863846153846154,0.08141538461538461,0.7321923076923077,-0.1628217581350171,0
DIS,2025-10-10,0.41429880843263067,0.4217621569571506,0.33912635039924854,0.3285002265518804,0.32850098304419806,0.13527219543086616,0.5879242186086264,0.726083193496815,0.8445889266291093,0.13071788268300755,0.12103670399347091,0.21154640945525538,0.5240874116836749,0.0,0.007065154851744526,0.0025840120483473297,0.21292462021268793,0.16053973826622825,0.025053326184748537,0.11999383452429402,0.5947026728986184,0.729828659800773,0.794144059365081,0.06028480926325347,0.1863846153846154,0.08141538461538461,0.7321923076923077,0.34759001846888826,1
DIS,2025-10-13,0.36205316223647976,0.33895040924410225,0.351808360732738,0.3774354327140914,0.37743423183420965,0.07998371576981939,0.5755054576181786,0.7160890374943047,0.8393553541990384,0.12436248129943137,0.11155918764775544,0.21439995486325097,0.737527185951943,0.12338108980951079,0.15394473501033695,0.0,0.2084929311116238,0.09860924657520613,0.05201052580771082,0.132007921701759,0.5847619186942712,0.7213281140900856,0.7868728973116981,0.06287404087691964,0.1863846153846154,0.08141538461538461,0.7321923076923077,-0.046809282088469795,0
DIS,2025-10-14,0.3281393217231896,0.38131921039961547,0.34335368717707926,0.4182147711826012,0.4182157405675655,0.09161638575531938,0.5727883072145552,0.710032594726945,0.8325816228376368,0.1302129544751482,0.10540850762075088,0.2366952274502757,0.7235687132638569,0.2170311258157518,0.27635579556947065,0.09940985015550056,0.23724410213711647,0.11029007734598371,0.06874201258424151,0.1479034614046305,0.5716675189013696,0.7148773226696203,0.78419188823093,0.059059909030201946,0.1863846153846154,0.08141538461538461,0.7321923076923077,-0.05417757417103042,0
DIS,2025-10-15,0.4115490375802011,0.4217621569571506,0.43447627994363547,0.4426823742637058,0.4426846458075788,0.06936629717212281,0.574945301924898,0.7063442298248432,0.8271080310526182,0.14205018419748408,0.10338397176943162,0.2643471767249892,0.6968146503107132,0.2706007275486194,0.34980243190495053,0.2226982410660453,0.2882283341495795,0.086017061212725,0.06179618212169419,0.14933913069871518,0.5450985323593018,0.7079021755004935,0.7876355598744809,0.04195597376133342,0.1863846153846154,0.08141538461538461,0.7321923076923077,0.025586331973125764,1
DIS,2025-10-16,0.4262144821264897,0.3933558016369769,0.31094410521371607,0.35976438604440375,0.3597668064064372,0.08239870731357948,0.5619953930027872,0.6968322306706956,0.822727490244576,0.13533925160896262,0.1001224964686461,0.25605764891011296,0.5227285718542752,0.14844492506832063,0.17619597439527457,0.23070238792488973,0.2623898037216833,0.10268063646780347,0.08299901433404716,0.19670763375158573,0.5344625917315886,0.6999896504524292,0.7815741148866535,0.04289208832711866,0.1863846153846154,0.08141538461538461,0.7321923076923077,0.5566713581092222,1
DIS,2025-10-17,0.3322639780018326,0.36302359171882514,0.35462658525129154,0.3955595831445402,0.3955578262634738,0.14671387753153184,0.5579700650729311,0.6908434306513396,0.8208973739264778,0.13971240351130348,0.09858321889410998,0.2675992049342345,0.7156970178438409,0.22591065407783828,0.2750898275883252,0.23024699784686364,0.274071049545602,0.1970929100201242,0.08593950540165779,0.1967904594478237,0.5274021777254516,0.6950799338588727,0.7780485081226254,0.042991910461200905,0.1863846153846154,0.08141538461538461,0.7321923076923077,0.276071638623967,1
DIS,2025-10-20,0.39138405132905607,0.4010592200288885,0.4091122592766556,0.45400996828273676,0.45401132211461714,0.09537331848988895,0.5650953997528978,0.6897408538219798,0.8205082074280776,0.157595553894867,0.10172695477565893,0.2989830938694675,0.751766946227083,0.3412757445819484,0.43660216952252856,0.26147033040741097,0.29941070757621824,0.14631771056487297,0.09484186584994703,0.19705528274310302,0.5257685701198653,0.6941267197324925,0.7774983485378812,0.04273568699820174,0.1863846153846154,0.08141538461538461,0.7321923076923077,0.1067850934922161,1
DIS,2025-10-21,0.44729605866177824,0.5113143957631205,0.4767496477219355,0.560036248300861,0.5600386831313262,0.09828085773664277,0.5895612919408721,0.6966139717745881,0.8219574107789107,0.19609495361785284,0.11366091893073924,0.3578920742597301,0.8258859117901227,0.5120188690035247,0.8891222461301475,0.5179219590010566,0.3634352218318819,0.15825073358483432,0.15255724689538075,0.23239929716179397,0.537562487094184,0.6973840278807533,0.7762037303901321,0.05011873633362801,0.1863846153846154,0.08141538461538461,0.7321923076923077,-0.21197360918791153,0
DIS,2025-10-22,0.5274977085242893,0.49879634087626457,0.5209018318459373,0.5047575894879923,0.5047601235305654,0.083353646737751,0.599350335897662,0.6987563007209232,0.8214274340371945,0.21560374944830307,0.1279809664633971,0.37388275556234185,0.5698804301536012,0.4206346000687794,0.6978809922690242,0.6700070862239899,0.3490913421772327,0.1406800636982517,0.15546907274075583,0.19449358265232963,0.5356431520294009,0.6968279996372058,0.7763767298054587,0.048957796589484265,0.1863846153846154,0.08141538461538461,0.7321923076923077,-0.06643350323536956,0
DIS,2025-10-23,0.4894592117323553,0.4771304766490134,0.4701737905119776,0.5024920706841867,0.5024929635931512,0.06767756219043,0.6067803098081503,0.7005354732354538,0.8184380717550317,0.23141669334517084,0.14330568118126383,0.380615677355786,0.6537193764439606,0.4169450207178075,0.6900375442438567,0.7611720736389799,0.3709005835828615,0.1192274476959896,0.15353321215576143,0.1812186865360238,0.5358339371619714,0.6968915045890718,0.7763714989300068,0.049060621555654715,0.1863846153846154,0.08141538461538461,0.7321923076923077,-0.12443375243974353,0
DIS,2025-10-24,0.49220898258478485,0.4684641309581137,0.4556129638327855,0.4413230629814233,0.44132526218313384,0.049830246952361074,0.6018983087201484,0.6976095112277791,0.814604098119978,0.23148165281473898,0.15558134545397279,0.36018202679592815,0.5594143847834987,0.3203322736475678,0.4784222634199755,0.6134363489151553,0.3833599935873916,0.09574499302145185,0.16860307511613137,0.17341584610481953,0.5294056105301497,0.694047538495278,0.7755244754124839,0.04667090933611856,0.1863846153846154,0.08141538461538461,0.7321923076923077,-0.14785107394621033,0
DIS,2025-10-27,0.4330889092575614,0.41791044776119435,0.44246124941287057,0.4712279111916633,0.47122714023091206,0.0446635220678962,0.603284996634776,0.6971705862403672,0.8120784342234417,0.238800891496494,0.16719254711507925,0.35572903493508934,0.70533704519586,0.37232298809397346,0.5818705567901394,0.571705434665046,0.3720047238023886,0.0932388960127941,0.15437566738897845,0.15261620437828582,0.511795265419206,0.6901706971516033,0.7788915442531748,0.03411870604910991,0.1863846153846154,0.08141538461538461,0.7321923076923077,-0.04807310674630494,0
DIS,2025-10-28,0.43171402383134705,0.4121328839672609,0.449506810709253,0.43996375169913904,0.43996587855868796,0.06501378379668837,0.5988614629018247,0.6944495512638094,0.8080208649267107,0.23856131551261964,0.17642289557397894,0.33977340440576403,0.6071254026947859,0.3228688435403261,0.4737193509219864,0.49389212469004323,0.3313012182962507,0.12420653215713125,0.15749261425667815,0.11066560782971491,0.4933417117916781,0.6856424901555322,0.7817430959529501,0.021646758671826027,0.1863846153846154,0.08141538461538461,0.7321923076923077,0.09989839084273555,1
DIS,2025-10-29,0.39825847846012863,0.36639383726528685,0.3813997181775486,0.376076121431808,0.37607484820976467,0.07148978089166211,0.5840146577731122,0.6872302091322267,0.8030274785895894,0.22538218301583804,0.18058286626537362,0.3057935377649198,0.5537552029242963,0.23003472645450163,0.2526824635165651,0.41268970359991075,0.2820836027619785,0.1373384455077572,0.15455712834405666,0.08911090100030228,0.4889559733607136,0.681336630472043,0.777727947489185,0.023609938547256765,0.1863846153846154,0.08141538461538461,0.7321923076923077,0.22651075907911022,1
DIS,2025-10-30,0.3501374885426207,0.465093885411652,0.3597933302019731,0.4485727231536023,0.4485737876168354,0.10200260849242707,0.5849686927945461,0.6860522198399472,0.7987214696687719,0.23155905976811791,0.18542203132805157,0.31034525663433543,0.7747504268447029,0.35947265348751045,0.5034992028807201,0.38449820310119737,0.3693722067225706,0.18028216153131738,0.17880598333639697,0.1582121579506871,0.4879405518802118,0.6808599434278055,0.7775542610323614,0.02326980084085535,0.1863846153846154,0.08141538461538461,0.7321923076923077,-0.03737224792799976,0
DIS,2025-10-31,0.4165902841429876,0.44198363023591725,0.40582433067167756,0.48391481649297674,0.4839177618524113,0.1117857115932159,0.5919873980819297,0.6876065869354147,0.7957486978178823,0.2448367964359695,0.19254179521359427,0.32562901800589555,0.7139638033655019,0.41664985168136426,0.6257749278284023,0.4391951638956207,0.368762636230328,0.19067993040754122,0.18390369637299397,0.16980004789772407,0.4887619973494246,0.6810982869499242,0.777480760669738,0.023770098435163964,0.1863846153846154,0.08141538461538461,0.7321923076923077,-0.11798308871355567,0
DIS,2025-11-03,0.46104491292392247,0.42802118440057857,0.42930953499295477,0.46125962845491664,0.4612598475483196,0.10780763499199611,0.5935921718625252,0.6873366718771505,0.7901673932830926,0.2510477430772453,0.1997571301160455,0.3262695009360025,0.6210624685478968,0.37990298277636525,0.5473877923334188,0.5452056512723775,0.32316549638834907,0.18054203341391134,0.18544397154902925,0.15306915013132627,0.4855322250445333,0.6800972441570248,0.7776768719185085,0.02190033471863273,0.1863846153846154,0.08141538461538461,0.7321923076923077,-0.16011313738676325,0
DIS,2025-11-04,0.3886342804766265,0.3789118921521428,0.41099107562235826,0.4318078840054369,0.43180957681201715,0.09292565796582825,0.5896636314062773,0.6849037983957187,0.7850001825781119,0.2501899078862879,0.20531952649035182,0.3151920953999029,0.60994897393253,0.3327335693448724,0.44550187593406093,0.5243430325988435,0.24941839343627265,0.15599041350419318,0.18886424692562997,0.11561004913433137,0.4816436357536773,0.6784130032547484,0.7772169731508947,0.0203799844492053,0.03025,0.057550000000000004,0.9122,-0.07660046482146543,0
DIS,2025-11-05,0.4060494958753429,0.38757823784304346,0.4091122592766556,0.4268237426370636,0.42682364962571295,0.03753665836539499,0.5856383472270865,0.6823217524026788,0.7797915374794506,0.24906701557656927,0.20949472514810283,0.305895590173976,0.6492776744706468,0.3246212581335992,0.31520037923152444,0.4126241186730212,0.2763073538404787,0.0841222746940667,0.18530139515650113,0.0884823423648825,0.4803784802653599,0.6775708028225629,0.7766398130114767,0.02033492001146278,0.1863846153846154,0.08141538461538461,0.7321923076923077,0.09341968856541394,1
DIS,2025-11-06,0.3978001833180569,0.3750601829561866,0.3424142790042275,0.38740371545083807,0.38740608620681805,0.1517725434811563,0.5754416641413327,0.6770465948831106,0.7734980949349488,0.24034145226906606,0.2107001529571756,0.28599324324458547,0.5934169997710257,0.26090252600714403,0.1973423610391959,0.2867068611721604,0.25586122388708304,0.2287073160368699,0.18484311186006863,0.10365897994222151,0.4808293584653214,0.6767764310568967,0.7752551193781767,0.022025070484450113,0.1863846153846154,0.08141538461538461,0.7321923076923077,0.5099380637260658,1
DIS,2025-11-07,0.3560953253895507,0.36157920077034245,0.3828088304368258,0.3987313094698681,0.39873276251385636,0.11383380535821536,0.5692890092140308,0.6730923157493702,0.7677843170569805,0.2366761971492536,0.21076778127540324,0.2783681161365586,0.6757415898264267,0.28495561751030685,0.24142624761324427,0.21329740873076147,0.29543920208757896,0.18071501523550548,0.14932579971973825,0.0882595575579076,0.4742803674731251,0.6792392074773965,0.7821807061398545,0.011362985091431466,0.1863846153846154,0.08141538461538461,0.7321923076923077,0.6715898820487585,1
DIS,2025-11-10,0.3968835930339143,0.4270582571015895,0.42930953499295477,0.4666968735840502,0.46669738204610045,0.12329775765145212,0.5763958418867032,0.674545767036312,0.762699891770362,0.24920272251135966,0.21388653002074104,0.2988156389785059,0.7669617378266449,0.4189442083907978,0.5268166812168248,0.28941936892873976,0.3166358123915129,0.18982896196459859,0.15983850997902604,0.11264596109075875,0.475153823644308,0.6823693457598283,0.7862825350239642,0.007509848812164419,0.1863846153846154,0.08141538461538461,0.7321923076923077,-0.4495151894280025,0
DIS,2025-11-11,0.4656278643446381,0.5320173326913817,0.4945984030061066,0.5849569551427276,0.5849591956828162,0.1372348472473871,0.603012289985462,0.6846512929923998,0.759867846793786,0.28509356380717304,0.22516231405448756,0.353481185411978,0.8446504013951256,0.5995901720582667,0.90164244029382,0.542768010302208,0.3998518310638482,0.20431347648627013,0.21356330699650272,0.15930515612190776,0.500875275982029,0.6882164402323214,0.7816329087974534,0.025635052014800527,0.1863846153846154,0.08141538461538461,0.7321923076923077,-0.7010052014692016,0
DIS,2025-11-12,0.5536205316223644,0.6340876263842086,0.58713010803194,0.6665156320797463,0.6665176514595128,0.2763393653673627,0.6387403578752284,0.6998961031362798,0.7592633381648444,0.33098421671068007,0.24541020550340575,0.41360905505686335,0.7840489572070752,0.6961026430156488,0.9009724811136035,0.7800179370055315,0.4828837535436092,0.35873700977801787,0.23462979378171467,0.18618910099039832,0.5457612008840238,0.6960654603285201,0.7700975912091366,0.06072882251704076,0.1863846153846154,0.08141538461538461,0.7321923076923077,-0.7450722733245744,0
DIS,2025-11-13,0.29330889092575596,0.26191622532498826,0.1418506341005168,0.25690983235160836,0.25690981995009476,1.0,0.5948269331826053,0.683330324684313,0.7499887868693138,0.27851443471332643,0.24877165387899605,0.3004421254944839,0.0,0.18904010759448553,0.2510351924992772,0.6808146747306117,0.21263394138070407,1.0,0.7505383744076706,0.48760516545142096,0.5607094328626188,0.69245863500185,0.7572169634226875,0.08194551157326807,0.1863846153846154,0.08141538461538461,0.7321923076923077,-0.2345567215326978,0
DIS,2025-11-14,0.23052245646196123,0.23158401540683737,0.1601690934711133,0.17489805165382855,0.1748997568619215,0.31259439450558013,0.5451813547134439,0.6621790134076235,0.7399606631703923,0.22006067130750237,0.23715995161976966,0.20009740068422469,0.51909928124818,0.12783650090817011,0.11057216196192364,0.3962533263087536,0.14860958316299142,0.29789294315537984,0.7603921674626049,0.5055919833179631,0.5893825231011709,0.684720948524038,0.7313195016962171,0.12403686813849776,0.1863846153846154,0.08141538461538461,0.7321923076923077,-0.29274145170965693,0
DIS,2025-11-17,0.14940421631530665,0.1805488685604244,0.15171441991545365,0.16991391028545522,0.1699138296756173,0.20214811110468903,0.5045824401239205,0.6425802057825312,0.7290713376873059,0.17415611713803084,0.2166399246106137,0.14039697975387425,0.6488461306424368,0.12416097606409504,0.10203249723963337,0.10886111180321745,0.15764481924006063,0.1847383564329137,0.7479443995467567,0.4927498158037257,0.6078868830330499,0.6747586691857492,0.7073866403230542,0.1590860052973853,0.1863846153846154,0.08141538461538461,0.7321923076923077,-0.797331400343645,0
DIS,2025-11-18,0.11961503208065949,0.15214251324025074,0.14607797087834662,0.19664703217036728,0.19664989485304485,0.1895780926844101,0.47683528474048753,0.626748999355538,0.719887908710275,0.1454315280839125,0.19319635968951662,0.12080446950663573,0.7026942850249335,0.16075132061994069,0.14782478903957966,0.07173458539448113,0.18802958688915167,0.1680780764029141,0.716183236184339,0.46409714498749166,0.6031754596510357,0.6620159287055332,0.6912787668597988,0.17417285281034312,0.1863846153846154,0.08141538461538461,0.7321923076923077,-0.46083184485838347,0
DIS,2025-11-19,0.1645279560036661,0.17669715936446817,0.10286519492719659,0.12369732668781186,0.12369934813449657,0.21455227162498022,0.4417261520050335,0.6069384001852836,0.7106796357708367,0.10904727420854265,0.16554000808046906,0.09257187296120664,0.5329356909866911,0.10230240757783837,0.08829204300281128,0.0637200500647333,0.14996921995665632,0.1844102378536141,0.7216232545295183,0.48654701413882495,0.6102491134290098,0.6486534950678084,0.6682473317630486,0.2028728755632469,0.1863846153846154,0.08141538461538461,0.7321923076923077,-1.0,0
DIS,2025-11-20,0.13198900091659027,0.09051516610495902,0.0286519492719588,0.034435885817852174,0.03443619792260577,0.2100263613541041,0.397840294032469,0.5822985098090028,0.6987717078289988,0.06356691528023609,0.1322880420293648,0.05507205712239008,0.5024912248308553,0.03781396169945561,0.06461361122173823,0.050259844374602874,0.12059956158112933,0.1731089141293538,0.7345036694551637,0.5000855654223305,0.6232876353559273,0.6322404243090554,0.6377346548379212,0.24306736611886282,0.1863846153846154,0.08141538461538461,0.7321923076923077,0.802622863955516,1
DIS,2025-11-21,0.04537121906507835,0.04140587385652417,0.03757632691404478,0.1060262800181242,0.10602736101670907,0.1641767040014475,0.37540242080349984,0.5652162310078452,0.6890996531349325,0.04608530825521745,0.1014095498448764,0.07097823397177686,0.7817396914764462,0.13908294312088954,0.16697738840727408,0.05714935805137402,0.1548694287677039,0.1275445006030419,0.7543476922047185,0.49422065344651245,0.6251796833982937,0.6204827304122014,0.6196831962591607,0.2641178992362931,0.1863846153846154,0.08141538461538461,0.7321923076923077,-0.36324915028181226,0
DIS,2025-11-24,0.07332722273143943,0.020221473278767554,0.0,0.0,0.0,0.27071276176020465,0.3386864977763251,0.5418114261184019,0.677771389859628,0.012525490981012022,0.06849626197838202,0.05734175773936548,0.47238423648783623,0.06161909074981764,0.05682496090396835,0.045830116818054364,0.06072181758773626,0.20838677254232535,0.7695487401014827,0.4776320761235108,0.6308752412357581,0.6039584859971576,0.5927618220523874,0.2972102763108889,0.1863846153846154,0.08141538461538461,0.7321923076923077,inf,1
DIS,2025-11-25,0.0,0.0,0.00516674495068159,0.062075215224286495,0.062075477722986605,0.15887679019729553,0.3203004055462966,0.5251451497989481,0.6679005834662926,0.002917754179695642,0.03981507459309486,0.08570378845110074,0.7661117663605672,0.14553830013694669,0.14202085383797516,0.07367481019086335,0.03619007125237367,0.11090625702787545,0.7886591297790395,0.46971362703539177,0.626580556988916,0.5907072260157236,0.5757020592508639,0.3144049780851715,0.1863846153846154,0.08141538461538461,0.7321923076923077,2.525573192239856,1
DIS,2025-11-26,0.03803849679193316,0.01588830043331768,0.04650070455612987,0.06751246035342096,0.06751301222076656,0.1477115379299426,0.30655391288077105,0.5103978766550101,0.657408678012743,0.0,0.016156288750150183,0.11936213551141128,0.6667862568367678,0.1529173092728896,0.14948363340714987,0.06738201086803453,0.0,0.09908807728294093,0.7848639228233136,0.42649014019744447,0.6245762673818138,0.5798870699599026,0.5610042271202134,0.33017096072995805,0.1863846153846154,0.08141538461538461,0.7321923076923077,0.9395945945946156,1
DIS,2025-11-28,0.03712190650779057,0.03948001925854605,0.06341005166745006,0.11463525147258746,0.11463527007485652,0.057125481553334634,0.303896816864194,0.5004913940877547,0.6488048303332432,0.011325204576494108,0.0,0.16964119998670524,0.7388534426485883,0.21783529591805062,0.2141568825259251,0.12397696202831873,0.23697184780876251,0.025916284858084213,0.7764745882946555,0.3992574540636199,0.6092059413662785,0.5681770447674723,0.5518444900141786,0.33299408890300913,0.1863846153846154,0.08141538461538461,0.7321923076923077,0.5019896538002466,1
DIS,2025-12-01,0.1113657195233726,0.1401059220028893,0.1211836542977931,0.21884911644766625,0.21885164015564396,0.2105038310661899,0.32021623991100245,0.4992264452645583,0.6430165205680485,0.04596388511019983,-0.0044505902579422,0.24808862381620944,0.8347881236337511,0.34834912916896466,0.3571893171210398,0.20137669467760838,0.34496024852484686,0.14826647411924515,0.8078526400104045,0.410752330583965,0.5854155453252643,0.5588821272911173,0.5504973461935276,0.3226146581129715,0.1863846153846154,0.08141538461538461,0.7321923076923077,-0.2691554110388512,0
DIS,2025-12-02,0.18515123739688377,0.12758786711603243,0.13762329732268697,0.13094698685999084,0.13094787356819904,0.10795590190259116,0.3177138218438724,0.49154720880858616,0.6366154486427771,0.05713963926116805,-0.005276885964432709,0.27237735557791964,0.5078976150134855,0.2628143922416579,0.23654522123345106,0.23269421918357414,0.2962283816204781,0.06504702935076549,0.8217349069751978,0.3757665903706088,0.5625181887016968,0.5472992719645147,0.5453693086565958,0.3169831583281384,0.1863846153846154,0.08141538461538461,0.7321923076923077,0.16261408764717844,1
DIS,2025-12-03,0.11044912923923,0.09292248435243167,0.1211836542977931,0.17217942908926087,0.17218098961303152,0.14890772520864168,0.3230096750832079,0.4876287826746344,0.6312246422761199,0.07758858167900368,-0.0009350370821978871,0.3070124206476181,0.7277597481753841,0.31291501443920033,0.49652602373657984,0.3342671713934084,0.30483306766519025,0.09645434869267293,0.8292811890572891,0.34239246125567024,0.5415360665925748,0.5381950293058555,0.5428639710713212,0.3092567059190298,0.1863846153846154,0.08141538461538461,0.7321923076923077,0.4973638892568555,1
DIS,2025-12-04,0.15352887259395054,0.11073663938372658,0.12306247064349485,0.15994562754870856,0.15994653699302486,0.1814158736062282,0.32508100015805663,0.483157831018747,0.6246330721827142,0.0935665147930273,0.0064474837443194155,0.3273899214775255,0.6364906460520431,0.30038452068489785,0.4960486332751147,0.38421721417476845,0.3406641854100812,0.11748170934843445,0.82911369037203,0.31089761536850846,0.5191015931535361,0.528836606877634,0.5407315665115657,0.30031841028218004,0.1863846153846154,0.08141538461538461,0.7321923076923077,0.43909534266890793,1
DIS,2025-12-05,0.12328139321723164,0.10832932113625482,0.12541099107562292,0.15224286361576755,0.1522418425578298,0.16153051659709847,0.3253744178444924,0.47852104311205634,0.6182650143819854,0.10683399146441552,0.0155994221068666,0.33924792785558905,0.6441774342425569,0.2920814254731975,0.5414983394135578,0.4939140045759539,0.39043270121696005,0.10152483043168457,0.8275216231726115,0.278172517623006,0.5006111721126487,0.5205902409365075,0.5381993043359579,0.2938103788887205,0.1863846153846154,0.08141538461538461,0.7321923076923077,1.050608257925342,1
DIS,2025-12-08,0.12878093492208986,0.19884448724121384,0.1380930014091124,0.2578160398731306,0.2578175962630631,0.23811665841565496,0.34429484713333647,0.48214769758508247,0.6134290287194526,0.14219844080291072,0.03157297471156184,0.384963957873908,0.8356761537042594,0.4262535882318571,0.8715933367349359,0.6288320558024929,0.4096069236592572,0.15661136969731781,0.8595013789439792,0.3120827381213914,0.4839159742643542,0.515648851848066,0.5395518227103806,0.28369607033120214,0.1863846153846154,0.08141538461538461,0.7321923076923077,0.6730952970735007,1
DIS,2025-12-09,0.23373052245646164,0.18440057775637975,0.2188821042743072,0.2301767104666963,0.23017831646268228,0.1079860578844071,0.3545393556676171,0.4833916761461783,0.607003112831773,0.1658117428957151,0.0501288708351767,0.40226990477121666,0.6110104707489489,0.39273329463490925,0.7779906775805051,0.7302513740374482,0.45947429865300826,0.05669995167599286,0.8466992980609842,0.2650054655502464,0.4509014880927662,0.5073549771646109,0.5443734894708578,0.26112795414672374,0.1863846153846154,0.08141538461538461,0.7321923076923077,0.9015636457321845,1
DIS,2025-12-10,0.21219065077910138,0.2768415984593169,0.2202912165335844,0.3121884911644761,0.31218837955085554,0.17554802214454265,0.3772498012101062,0.4906140784311672,0.6023078540435547,0.20353973929395108,0.07420383741078015,0.43925675003980513,0.7939899535897021,0.4889845465230148,0.8560067998694536,0.8433853825431545,0.4696056535798093,0.1076385576590712,0.8303999018222832,0.29677649268704476,0.38914450453966865,0.4977898837091561,0.562037736600566,0.20867868043400822,0.1863846153846154,0.08141538461538461,0.7321923076923077,0.34943086342183416,1
DIS,2025-12-11,0.3075160403299728,0.36783822821377044,0.33912635039924854,0.4313547802446758,0.43135340781052545,0.22690114617860888,0.41650899821332743,0.5060311939313165,0.6010739928232622,0.2598900210326902,0.10725004952453854,0.49937884369176977,0.8519084097645985,0.6076690122066387,0.964656048107001,0.8768616126091746,0.5377683035934326,0.14899411440310983,0.8519742299912008,0.3294866135208875,0.30215939022716043,0.48954351776803007,0.594511752252084,0.12567929174734083,0.1863846153846154,0.08141538461538461,0.7321923076923077,0.09614001692047491,1
DIS,2025-12-12,0.42346471127406016,0.45353875782378505,0.4349459840300618,0.4376982328953325,0.43769871862127463,0.22131475054720542,0.44903940290972155,0.5205180680916262,0.6006268014999074,0.305915621950458,0.14494729881023763,0.5305484389548702,0.6675579153949374,0.6135509077178228,0.8412681370420481,0.8996235841840079,0.5113335289938462,0.17850241135431671,0.3913770911318536,0.3308972250554266,0.3409975664195404,0.4958831355322042,0.5838740878964637,0.15839209508123808,0.1863846153846154,0.08141538461538461,0.7321923076923077,-0.022928369688696715,0
DIS,2025-12-15,0.3762603116406966,0.3673567645642759,0.3128229215594178,0.38740371545083807,0.42127663456757425,0.2529508884706142,0.4721572065102997,0.5324681602965149,0.5996061981851231,0.33842928121821364,0.18305964715724793,0.5333302850801216,0.6308183930949159,0.589252326182789,0.8090502385002207,0.8827325154806575,0.4369710527985552,0.20949626744456706,0.35955038242484383,0.345113967294047,0.37693305925402765,0.5045226883037799,0.5780618387968341,0.18395286465444183,0.1863846153846154,0.08141538461538461,0.7321923076923077,0.14942989247544824,1
DIS,2025-12-16,0.4000916590284138,0.4299470389985558,0.42132456552372055,0.43860444041685565,0.4728237317361339,0.28466995534401696,0.499774693215449,0.547160676418315,0.5992958153930186,0.3746093792495065,0.22240107826376673,0.5415671601560416,0.7402422983766775,0.6412703364778948,0.8917342946791976,0.8565013283749324,0.5218266233640952,0.23271864800331277,0.36340130683776495,0.3360439722166829,0.4204219945170715,0.5151446513234221,0.5712697085716032,0.21443549883541158,0.1863846153846154,0.08141538461538461,0.7321923076923077,-0.036661489035322736,0
DIS,2025-12-17,0.3927589367552704,0.39528165623495415,0.4025364020666977,0.3937471681014948,0.4276630005884572,0.19828060643679432,0.5138757521490911,0.557163077418986,0.5983422407553363,0.39244350828296093,0.2582373878929535,0.5180770839090583,0.5847282743522237,0.5712465628540714,0.792878168443159,0.839094638866097,0.4693035562560783,0.15686628967168348,0.3754814514789099,0.3036106363493368,0.4482547367252767,0.5232454517577514,0.568815782501308,0.2316791486799254,0.1863846153846154,0.08141538461538461,0.7321923076923077,0.18666467557679578,1
DIS,2025-12-18,0.36846929422548147,0.42753972075108315,0.40065758572099597,0.4499320344358857,0.48422795677342556,0.2176658767474763,0.5351679465018551,0.5704576798219083,0.5989524184763706,0.41758657145477385,0.2930577495506272,0.511268562301991,0.7481544764887067,0.6305424799035634,0.8905055279033429,0.8683954830812558,0.5102289566752154,0.17362358799278582,0.34974615075473636,0.29820114165236544,0.4847770385826511,0.5358878960041622,0.5685200125098664,0.25083794549484617,0.1863846153846154,0.08141538461538461,0.7321923076923077,0.12717732287024974,1
DIS,2025-12-19,0.45050412465627776,0.4602792489167076,0.42414279004227406,0.4213864975079291,0.45548930967944923,0.42434743711849543,0.5471152917101261,0.5804090435644458,0.5997826903610255,0.429816815128363,0.3239061989035713,0.4846502201167592,0.6113056773072623,0.5847275902346446,0.8116292486816217,0.839580344238558,0.49812297955303775,0.3375033161233434,0.3057118416468374,0.2994418301071119,0.5056939667787175,0.5506527173321003,0.5792837507488184,0.2492821349140767,0.1863846153846154,0.08141538461538461,0.7321923076923077,0.3244834803857768,1
DIS,2025-12-22,0.40879926672777245,0.42753972075108315,0.4349459840300618,0.4730403262347078,0.5074925758495006,0.11436656103696369,0.5658771483724445,0.5933184169612531,0.6030539232368248,0.4491620374338371,0.3533178159182011,0.47502108132673193,0.7404112246845617,0.6405384434170281,0.932035214810483,0.8896374856093465,0.4633134924807465,0.07832815138969222,0.29663018036100997,0.26892695622039253,0.536027555621394,0.5647306614224696,0.5842367564508351,0.25911744915284124,0.1863846153846154,0.08141538461538461,0.7321923076923077,0.10606646232393402,1
DIS,2025-12-23,0.4491292392300643,0.45209436687530147,0.4767496477219355,0.5111010421386499,0.5458107719748009,0.08499463474823524,0.5876685140675537,0.6079003955476017,0.6061311564464322,0.4709169375351127,0.3821695008254067,0.4712686156899233,0.718009115937893,0.6797071661275796,1.02063294325618,0.9364465161009696,0.5024386569755299,0.05857884114430857,0.21191478408027842,0.22736815809451516,0.5576013950995371,0.5838702860970066,0.6010215509923347,0.2510780462343405,0.1863846153846154,0.08141538461538461,0.7321923076923077,0.08106910932629097,1
DIS,2025-12-24,0.4789184234647106,0.510832932113626,0.5124471582902776,0.5681921159945631,0.6032880661627518,0.008906066629641815,0.6152744271715225,0.6254260166008834,0.6095135202010589,0.498433830949632,0.4119829262742529,0.47771385840092606,0.7475117265045833,0.7351635510902005,1.0434439447541901,1.019834180010569,0.48538028250829823,-0.005327225901467725,0.2082134712107061,0.20478531060320637,0.5899866634275179,0.6028486689793984,0.6120465471551575,0.2550254910487714,0.1863846153846154,0.08141538461538461,0.7321923076923077,0.023440276444034458,1
DIS,2025-12-29,0.49633363886342785,0.5089070775156479,0.5364020666979803,0.5550521069324876,0.5900591651194933,0.0933252247248895,0.6467433595951046,0.65202590892802,0.6158904984849345,0.5207022122938078,0.46238263703258636,0.43891195654158216,0.7024085787425948,0.6898029792237482,0.9843096598657869,1.007800142177284,0.4039907435111396,0.07308572764656777,0.2243990099271782,0.1368027847031813,0.6252248221911954,0.6368361353093772,0.6434223767123273,0.2377307022876412,0.1863846153846154,0.08141538461538461,0.7321923076923077,-0.1809031240577974,0
DIS,2025-12-30,0.5320806599450041,0.5469427058257104,0.5735086895255987,0.5822383325781608,0.6174293052089936,0.06613206812236291,0.6650371403950253,0.6665904973200245,0.6199453999736217,0.5334891263525583,0.4847298018629276,0.42767763787540347,0.7000311379532136,0.718094587200783,0.9946188804679651,0.9902369413964768,0.42873437986863094,0.05246487261301584,0.18746366974948947,0.10154953206328099,0.6525844263807885,0.6508128233933683,0.6497481972869381,0.2443767344896539,0.1863846153846154,0.08141538461538461,0.7321923076923077,-0.0531950262650448,0
DIS,2025-12-31,0.5627864344637938,0.5281656234954264,0.5476749647721935,0.5360217489805166,0.5709000670568427,0.05919870530318069,0.6714370245914392,0.6763749509348997,0.6220816472647552,0.5308902391077163,0.5019717093940368,0.39346402103074285,0.5845933276898123,0.6296100199734399,0.8347007028676493,0.954192011394797,0.37338335287696484,0.0473759735687604,0.14337704778912652,0.07438218282953712,0.6578507083272394,0.666240367682474,0.6694736370586969,0.22529798918036947,0.1863846153846154,0.08141538461538461,0.7321923076923077,0.06392278128021456,1
DIS,2026-01-02,0.5018331805682852,0.45835339431872946,0.4570220760920627,0.44902582691436344,0.48331561877044127,0.1169524364776808,0.6610554911137045,0.678764343991177,0.6206794640306939,0.5074337342156676,0.510026542210537,0.33189551707773196,0.518631062462204,0.4824346205320681,0.5632105319575583,0.8027155383948096,0.35019616098334455,0.10310407963965439,0.19670940275697035,0.07734241657119145,0.6518062103845281,0.6771507423600895,0.6884161365140629,0.20161223001864137,0.1863846153846154,0.08141538461538461,0.7321923076923077,0.10004624779379245,1
DIS,2026-01-06,0.5178735105407881,0.5219065960519984,0.5270079849694698,0.5722700498414133,0.6073935871761771,0.07880763247899761,0.6824052901940787,0.6989656769687063,0.624055491741216,0.5119811944731216,0.5229534204423074,0.31955755594823426,0.6929664977756242,0.6273439568085003,0.8005552284050166,0.7200146676039624,0.40344012068653595,0.06917922617623891,0.218533369142908,0.1460272475855947,0.6381342532028711,0.7080018318859165,0.7402316554113901,0.13899109582609045,0.1863846153846154,0.08141538461538461,0.7321923076923077,0.09838454085962445,1
DIS,2026-01-08,0.46104491292392247,0.5329802599903708,0.5007045561296382,0.5541458994109654,0.5891468271165099,0.1388657832639327,0.6853473316947349,0.7107325353158567,0.6278617034988132,0.49371666418905535,0.5243105796319021,0.2798511921466239,0.7477579672382265,0.5739204791250944,0.7327028498316034,0.6803023737110039,0.3427702992179069,0.13167323759621696,0.21672888949440017,0.16197555316191992,0.608156349519068,0.7301925735677677,0.7877969358085624,0.07369970543990628,0.1863846153846154,0.08141538461538461,0.7321923076923077,-0.09214020797361222,0
DIS,2026-01-09,0.5417048579285062,0.580645161290323,0.5641146077970882,0.6316266425011321,0.6671517263715856,0.11768120603823276,0.7047206152153578,0.7236534210086534,0.6320137298740978,0.5065342528684433,0.5276775780157827,0.30047931967413066,0.778471651545859,0.6557953059965055,1.0202820772383288,0.7593418346806905,0.35357949634298286,0.11336591284993182,0.21108281854872069,0.15624319899892203,0.6114439676495316,0.7426398640578125,0.8042031854334017,0.05822602325119414,0.1863846153846154,0.08141538461538461,0.7321923076923077,-0.16068266199889214,0
DIS,2026-01-12,0.556370302474793,0.530572941742899,0.5007045561296382,0.49297689170820114,0.5275640119151337,0.16539299526802384,0.6955138207012865,0.7250314368685382,0.6347823310406291,0.4842454909304842,0.5249181747796998,0.25942235713994627,0.4392501462813767,0.45655646468286604,0.42224693346237024,0.7245496837568899,0.30079155037988103,0.163922937705883,0.2542863921476153,0.19441884504750429,0.6091191353760301,0.7460136246115114,0.8102935904153461,0.05072626093484625,0.1863846153846154,0.08141538461538461,0.7321923076923077,0.051015555421051184,1
DIS,2026-01-13,0.47433547204399584,0.4477611940298507,0.45655237200563636,0.500226551880381,0.5348627159390009,0.11794507087912226,0.689440171826269,0.7268263089572962,0.636359339070566,0.4663076659845711,0.5183221179797863,0.23371047088137356,0.6688743350572894,0.4650028185373428,0.42402924698270755,0.613514572143124,0.2893022034354571,0.12097129112668696,0.2543005646547998,0.17001365946778824,0.6066707856991931,0.7494208172431454,0.8164957010377796,0.04306261650162696,0.1863846153846154,0.08141538461538461,0.7321923076923077,-0.15181107197379962,0
DIS,2026-01-14,0.4729605866177815,0.4655753490611465,0.4870831376232978,0.5251472587222477,0.5599520110210428,0.11807574680032468,0.6890217696320757,0.7303215840991273,0.6377489335854181,0.45581067493974664,0.5104771571494908,0.2253407607048324,0.6968992332517969,0.4950050695324316,0.5365875878903795,0.4395214897543974,0.28823157691197204,0.127486055716593,0.2536549194459159,0.13760802704869401,0.6020410561711032,0.7542836649427556,0.8259278054041914,0.030978927981923338,0.1863846153846154,0.08141538461538461,0.7321923076923077,-0.2598756832938218,0
DIS,2026-01-16,0.4908340971585696,0.4780934039480016,0.4335368717707846,0.4195740824648846,0.4536646336734833,0.1959460308445434,0.6688325540842159,0.7281233558149269,0.6398520000140051,0.4126885986097534,0.4864534320904158,0.1772130723921866,0.49696318940642403,0.3479482644110997,0.11209196745927608,0.3596086506356062,0.3027769131902043,0.2226626005612099,0.2803066341915631,0.14800491891629586,0.5974571808073765,0.7580587703937671,0.8337559350661796,0.020600884335696817,0.1863846153846154,0.08141538461538461,0.7321923076923077,0.20210958160299985,1
DIS,2026-01-20,0.32859761686526046,0.34520943668753024,0.3245655237200564,0.3806071590394202,0.4144340995451996,0.13987098265779746,0.6467806773846707,0.7206919927968896,0.6396255698062818,0.3779480597772663,0.46593292283996546,0.14039374794440676,0.5940592873135115,0.2997879864573795,0.2992852237511934,0.27424697977934076,0.2270601590632096,0.16577053725471064,0.27244598662210984,0.1544060950631695,0.6061337046557229,0.7556113503344242,0.8257653220016321,0.033207574087018576,0.1863846153846154,0.08141538461538461,0.7321923076923077,0.07044501436417883,1
DIS,2026-01-21,0.37030247479376666,0.4492055849783343,0.40441521841240036,0.5097417308563656,0.5444422649703258,0.14547999527556285,0.6521491272642903,0.7235929059485633,0.6424955476784806,0.37786628892914575,0.44949650999493584,0.16776390803266328,0.8651322732542761,0.47044802245403317,0.6744089287377212,0.3326576389353081,0.28522273869487325,0.1901857019125034,0.3364743584227141,0.17809745125026943,0.6029647156864524,0.758730611194371,0.831917358942198,0.025269263036832065,0.1863846153846154,0.08141538461538461,0.7321923076923077,-0.15751857965161464,0
DIS,2026-01-22,0.4894592117323553,0.4992778045257591,0.482855800845468,0.5106479383778879,0.5453546029733092,0.2056989779635163,0.6566053605100155,0.7262978660225565,0.6451751941205499,0.3771654062563853,0.4361759070015334,0.18864495636698098,0.6587656465250319,0.47153761425793517,0.6770413757902577,0.5358794889127718,0.3266239183049027,0.25396643807355046,0.3272817211681869,0.17260548642107343,0.603042516263188,0.7600582965860405,0.8338067845939614,0.023363457968912787,0.1863846153846154,0.08141538461538461,0.7321923076923077,-0.21748040585189532,0
DIS,2026-01-23,0.4674610449129233,0.4347616754935011,0.40676373884452843,0.40960579972813793,0.44362891564066675,0.1650411754801712,0.6421660694702656,0.7212009782138171,0.6447535970806166,0.3539053720658529,0.41982879845213184,0.16836239362782782,0.4952086837884081,0.34077210249767864,0.3835235294323789,0.5661814311168926,0.2404599901723523,0.20108393924287216,0.35921383919610494,0.1862971768140499,0.60791932886006,0.7564751456494867,0.8261078592724989,0.03375271683930221,0.1863846153846154,0.08141538461538461,0.7321923076923077,-0.14601392273601432,0
DIS,2026-01-26,0.42117323556370323,0.4087626384207992,0.43400657585721003,0.4245582238332579,0.45868249268989203,0.11578640518079766,0.6332789467819593,0.7176855877880124,0.6424457763846627,0.33836036010757503,0.4029479851468468,0.16478569436357782,0.6815206392673593,0.3612007558893826,0.42925954719961157,0.47799705548547616,0.2080854555364915,0.1389556447045726,0.3462268868918862,0.15620831972050342,0.6041316769476541,0.7514043472258813,0.8206755494672975,0.037458274981535145,0.1863846153846154,0.08141538461538461,0.7321923076923077,0.02685204523077811,1
DIS,2026-01-27,0.41292392300641634,0.37939335580163736,0.38233912635039946,0.39284096057997253,0.42675066258547467,0.1182265267094044,0.6205176816602682,0.7121179578189665,0.6380638183035963,0.3189283470139151,0.38468924338465,0.1555513084157386,0.605918089724341,0.3210953535528065,0.33648228722126877,0.3554921957846904,0.26397956744653767,0.13692807212762903,0.3442043641140474,0.14010027131030756,0.6066526092178703,0.7466854654121158,0.8125303985692818,0.0471638878509095,0.1863846153846154,0.08141538461538461,0.7321923076923077,0.23409690970700314,1
DIS,2026-01-28,0.3570119156736933,0.36157920077034245,0.33395960544856784,0.3452650657000458,0.37885291742884863,0.11972678680474755,0.6018313191063491,0.7034987452923627,0.6402924384482489,0.2932374199332274,0.36379689973053064,0.13790184615158063,0.5796009275177869,0.2629666264755123,0.19731639725375555,0.28851034338815124,0.2338985115927054,0.13718045369415738,0.345126277653826,0.14811003025555036,0.609713627929171,0.7392792203959351,0.8002043577930538,0.06152055534220688,0.1863846153846154,0.08141538461538461,0.7321923076923077,-0.6152845841711723,0
DIS,2026-01-29,0.3272227314390461,0.37313432835820937,0.3226867073743547,0.43679202537381023,0.4709990557301671,0.17155486755241486,0.6031910366082291,0.7025074938150526,0.6457039203272465,0.2930653303283523,0.3470409226504443,0.16562230230064,0.806201130474781,0.39585752680284514,0.46827592795900275,0.30254519493489945,0.27077363304299956,0.1869248976349671,0.3790041393953868,0.17225110535748012,0.597769777256393,0.734144437134177,0.7988475463250859,0.05692171367308363,0.1863846153846154,0.08141538461538461,0.7321923076923077,-0.7128260258980545,0
DIS,2026-01-30,0.40650779101741463,0.4347616754935011,0.42743071864725213,0.4920706841866789,0.5266516739121503,0.3428458702639402,0.6141286844735543,0.7057401003927941,0.6522236263414696,0.30503718694099236,0.3365650859656433,0.2077095673729198,0.7459407100450522,0.4668798551875689,0.718687710470929,0.44003094505486456,0.3039952361489539,0.3425514514020605,0.38604604520633656,0.16160892273160565,0.5935490924835687,0.7325928048089727,0.7987500613307335,0.05489504722007149,0.1863846153846154,0.08141538461538461,0.7321923076923077,-0.4980467904132495,0
DIS,2026-02-02,0.06966086159486728,0.2258064516129039,0.08736496007515271,0.1137290439510652,0.14575055766660405,0.8425128979647225,0.5554636824683481,0.6803864035021476,0.6512933950241706,0.23246465441729117,0.310429363108087,0.1027625854791285,0.03061548852088114,0.10460703376716218,0.15978800816736793,0.42653134926036534,0.14820536289387778,0.725794503537436,0.7847259052798683,0.39845065086391196,0.6495024686227326,0.720755609750714,0.7529534124568587,0.13113458301955194,0.1863846153846154,0.08141538461538461,0.7321923076923077,0.1627492097273937,1
DIS,2026-02-03,0.10494958753437178,0.0515166104959075,0.02113668388915002,0.10330765745355652,0.1352586706322958,0.5170444122222194,0.5066747374308402,0.6565582756999584,0.6515046520736449,0.17417244972291362,0.27525944960943993,0.04221865615701709,0.6393622849330924,0.09759847264459409,0.24629924136234416,0.34668258362432425,0.16295148375370197,0.41080887027788426,0.7502551122200478,0.3956625554259433,0.6749195199072009,0.7049993433555981,0.717068681912588,0.18210574389182976,0.1863846153846154,0.08141538461538461,0.7321923076923077,1.5109102559778749,1
DIS,2026-02-05,0.20898258478460097,0.21232546942705888,0.13715359323626153,0.13729043951064757,0.16947134574417078,0.1911688207252011,0.4607526892207279,0.6264621203457832,0.6568661125518194,0.12617072751055047,0.2096596271753443,0.05374734202352066,0.4974339404249975,0.17921261705483882,0.306024949071056,0.3104279674593512,0.11417756606219362,0.12459262172202958,0.8124044073772547,0.4959112144330716,0.6731073034503083,0.6802692034095603,0.6820608381977902,0.21911328912359795,0.1863846153846154,0.08141538461538461,0.7321923076923077,1.343167074910507,1
DIS,2026-02-06,0.1668194317140239,0.24265767934520976,0.16345702207609225,0.3062981422745814,0.33962238330056493,0.19735330999595405,0.4670759714474322,0.6227158512459283,0.6630730180728976,0.1400602049112819,0.18629801395104473,0.12135368060211196,0.9418608883951342,0.3521003827980933,0.6030608020757162,0.4387611302167194,0.2612888134564586,0.1273269198140659,0.884415013087708,0.5327920918482106,0.6555679468060358,0.6715192767921709,0.6783108090522596,0.21449694052722196,0.1863846153846154,0.08141538461538461,0.7321923076923077,-0.07790358759452509,0
DIS,2026-02-09,0.2841429880843256,0.24073182474723165,0.2292155941756695,0.23516085183506963,0.2680038500663722,0.15739160809286032,0.4594589398794513,0.6139904975343358,0.6668365449017939,0.13741082812153677,0.1669605466436679,0.14832207386004095,0.5387704100935693,0.2952657958826366,0.47803498727214566,0.44105279383738666,0.21339243714781048,0.09501675609791001,0.8732628382255723,0.5030087606599601,0.6217900562323653,0.6575225934462567,0.67523619318305,0.20100264650601002,0.1863846153846154,0.08141538461538461,0.7321923076923077,-0.8084968766489116,0
DIS,2026-02-10,0.23418881759853338,0.3461723639865193,0.2682010333489906,0.3633892161304937,0.3970996774885158,0.13980313169871159,0.4762137925222927,0.6156472892103064,0.6728600386198558,0.1650165854780572,0.15824439110886332,0.21950232395813726,0.8697958448062995,0.4112308130020411,0.7033999910263514,0.5839953121765086,0.3025934536394929,0.08215857457379754,0.8867717393308858,0.5390346821167221,0.6098295392360313,0.6529476775183354,0.6747014125465589,0.195592630052826,0.1863846153846154,0.08141538461538461,0.7321923076923077,-0.5180870983676235,0
DIS,2026-02-11,0.29514207149404204,0.2864708714492066,0.2775951150775011,0.2800181241504305,0.313164581214048,0.1287308603752912,0.4747621271698179,0.6109189638847363,0.6764883409285263,0.17017932911616282,0.15253454496096763,0.23964953916229198,0.5198145745547194,0.3427267462945972,0.6150051930587694,0.5882919114766145,0.28212949595258985,0.07326769949105906,0.8990328722948859,0.50915343999432,0.5941840761875001,0.6451735196827761,0.6714012889364258,0.1913423040927817,0.1863846153846154,0.08141538461538461,0.7321923076923077,-0.390380329492651,0
DIS,2026-02-12,0.24931255728689283,0.20414058738565277,-0.04086425551902284,0.019936565473493317,0.051323574357827084,0.5294209297591794,0.42725794572526876,0.5871715582894961,0.6734266143531737,0.11942407556345477,0.13554926697657693,0.16408560927574928,0.21280345746411305,0.16818389737855244,0.20507098083235423,0.49010214519323136,0.08695521022050215,0.3548595939837857,1.0321414149737052,0.6547047809389278,0.5950038860036946,0.6273377460476963,0.6450661004186,0.22075701672341752,0.1863846153846154,0.08141538461538461,0.7321923076923077,4.195182650431165,1
DIS,2026-02-13,-0.04995417048579309,0.07703418391911399,-0.0324095819633623,0.1590394200271863,0.19136745781577158,0.21594195978699823,0.4140407585712129,0.5759851347590788,0.6745308367763334,0.11190044250115128,0.120120368744315,0.17451591227186514,0.8980879370529801,0.28811344229685065,0.44995806391205917,0.39893480077175475,0.1356511658623618,0.1221517481143798,1.0885701435718589,0.6917268769810035,0.5726937381039345,0.6146047632552989,0.6379667640181319,0.2173821796891105,0.1863846153846154,0.08141538461538461,0.7321923076923077,0.13110533717908912,1
DIS,2026-02-17,0.18698441796516896,0.16177178623014044,0.11648661343353783,0.15858631626642516,0.19091128881427988,0.15618536882022258,0.4033862721769541,0.5657817756724643,0.6748731498959621,0.10810556308761898,0.1068488233183896,0.18897372271872648,0.6565531150325941,0.28781358896110054,0.44916038611701087,0.3392776208918281,0.3458326516446463,0.08036650523480875,1.0757171499375884,0.6770381773168296,0.56286115677218,0.6053909465613034,0.6296039013896388,0.2217124739416783,0.1863846153846154,0.08141538461538461,0.7321923076923077,0.033452008315211,1
DIS,2026-02-18,0.15902841429880787,0.1834376504573907,0.18412400187881683,0.23380154055278624,0.26663534306189707,0.11407254021425825,0.4082649704500243,0.5621305975633879,0.6768229841000295,0.12366512858811324,0.10003827400430057,0.2322730184150399,0.784618323838148,0.3518458099364762,0.5815749000949614,0.47471244367066034,0.3969592668146618,0.05058675622234711,1.089387111465127,0.641823391499785,0.5544391625060969,0.60020817467093,0.6263774093495869,0.22104434339314122,0.1863846153846154,0.08141538461538461,0.7321923076923077,-0.4602145386734192,0
DIS,2026-02-20,0.14298808432630583,0.1097737120847384,0.12963832785345275,0.1649297689170819,0.19729765483516282,0.12040529639560626,0.39591349491966277,0.5472552883997217,0.6768905129911404,0.12773589688115486,0.09190393804449135,0.25424428233816293,0.6249738940195592,0.300253005217349,0.5266592505853414,0.5183716950840421,0.33550620914784846,0.05871011088926388,1.0537213529001819,0.5539784348640467,0.48820934112790315,0.5765017921353355,0.6257796911898152,0.18791447233133513,0.1863846153846154,0.08141538461538461,0.7321923076923077,-0.12254051929435072,0
DIS,2026-02-23,0.11411549037580215,0.06114588348579719,0.05025833724753426,0.11191662890801979,0.14392588166063724,0.1601835494093197,0.38056858414117567,0.5361737690907749,0.6753141719132163,0.11875019245892313,0.08687991423862601,0.24424567633196287,0.5665192013833472,0.25955094646134524,0.41631171410310086,0.4589237340893483,0.208003587198495,0.08824955172579417,1.0430330508389338,0.5390372468852703,0.47125809640407557,0.5659922824687453,0.6191723345615148,0.18658053317313134,0.1863846153846154,0.08141538461538461,0.7321923076923077,0.3613197679946747,1
GOOGL,2025-05-09,0.0,0.0,0.0,0.0,0.0,0.15542800406082308,0.0,0.0,0.00878532792815534,0.0,0.002365337262380727,0.4275291046240365,0.23148579232676975,0.016591126811144608,0.224452561482385,0.16894401824840888,0.0,0.1555606029839364,0.914940714221195,0.21600087477028396,0.0,0.0,0.0009617474478360588,0.22744215609619264,0.17417692307692306,0.1947807692307692,0.6310423076923077,inf,1
GOOGL,2025-05-12,0.019297837712160093,0.023305328576360806,0.02447869446962836,0.033452457671802716,0.033319621554915746,0.28599350714548677,0.0018447902089011592,0.0006143930901851835,0.006662126879986019,0.008588296031081927,0.0,0.4565475034235749,0.5997132984813447,0.1700653944913656,0.5503341015376885,0.2962386766951635,0.17653884236309855,0.2689512900883977,0.9527409596040898,0.22745592321543584,0.0005271121334819995,0.00048608737365163357,0.0013719603156236992,0.2280798011743704,0.17417692307692306,0.1947807692307692,0.6310423076923077,0.9632263842790147,1
GOOGL,2025-05-13,0.026854219948849067,0.0317642996892622,0.023934723481414344,0.03972113187650128,0.03956364947077029,0.2663955732565793,0.004738764438243059,0.0018878334265119978,0.005330961640047871,0.021285472138545446,0.0010574725217905728,0.4887400991082237,0.3632335082054985,0.19652860022166452,0.611403625692197,0.3886645183537615,0.2149222474952492,0.24454456805968192,0.9460894834373564,0.21369962710981372,0.0008012169156377258,0.000655501599594599,0.0013973631285884025,0.22901687869874324,0.17417692307692306,0.1947807692307692,0.6310423076923077,0.9822817759635571,1
GOOGL,2025-05-14,0.0336549639618694,0.06876510530555868,0.04478694469628297,0.07393520417130472,0.07364161234130284,0.3375023706728248,0.014793722245640906,0.006947214720907757,0.004353147342745833,0.06241540940203482,0.011458544996388677,0.5766195766388927,0.5938230980001068,0.32919738709513313,0.8988016481164143,0.649815780774747,0.3988760346218477,0.2948115154642914,1.0,0.2370842107978287,0.007658130718331657,0.003991758079144203,0.0,0.2589218890168479,0.17417692307692306,0.1947807692307692,0.6310423076923077,0.0927033920526319,1
GOOGL,2025-05-16,0.07881887933038823,0.08228795028196567,0.08111211846479305,0.0787392348702326,0.07842630133651818,0.27158093198121314,0.028864629008982456,0.015419399488577401,0.0016457230405197976,0.11716637726210108,0.04368937974399396,0.650372450861725,0.4167223039909158,0.33828480677598616,0.8367849877442586,0.8423474825358259,0.2843574357862013,0.23015715435673553,0.9605632759200543,0.21855045087912295,0.016828961769020934,0.013440773757751323,0.009373136759400325,0.26251071896734923,0.17417692307692306,0.1947807692307692,0.6310423076923077,0.17634111766022453,1
GOOGL,2025-05-19,0.06010230179028131,0.06669352054321542,0.07265034753702027,0.0807897357783115,0.08046843960156658,0.13301315305063754,0.03564492120613405,0.020030266365503424,0.00034521866923054034,0.1418526038123493,0.06401850923196466,0.6699960554732334,0.32672748425780207,0.34611603921415124,0.8537402771056712,0.8248968265490071,0.2885014649086932,0.11084309440854831,0.906145004195377,0.18486757838773216,0.0170212982943736,0.0203894156579143,0.02478737046200341,0.21415972110118467,0.17417692307692306,0.1947807692307692,0.6310423076923077,0.31399796393252055,1
GOOGL,2025-05-20,0.07126249709369925,0.07739670848198865,0.06467210637654897,0.06579178627921956,0.06553040299170343,0.31353682073251005,0.0376764318164049,0.022511654108180013,0.0,0.14634540772320057,0.08132555780718503,0.6415724400563396,0.18789692024541554,0.26477740704998876,0.7297140358141203,0.7891146861211465,0.24954689341264805,0.2530098439553514,0.906321149809887,0.18644958382102772,0.016507040302875087,0.024996057278994233,0.03584102881395146,0.17744672430320266,0.17417692307692306,0.1947807692307692,0.6310423076923077,0.39981784250519947,1
GOOGL,2025-05-21,0.055335968379446654,0.10409713430774525,0.06866122695678456,0.09262405530493878,0.09225608296815735,0.6126130950388791,0.04537157007220549,0.027827380155371007,0.0008256089099236696,0.17292389827463286,0.10134577422922057,0.6670906315494893,0.5274951599716874,0.3720156989350484,0.8041926037027183,0.7764928224507402,0.6916881174174944,0.4669925250751509,0.9131674756880607,0.22937047495497598,0.022752685617244417,0.02986047586417806,0.03868365191326273,0.19136363542352106,0.17417692307692306,0.1947807692307692,0.6310423076923077,0.274506073002887,1
GOOGL,2025-05-22,0.1027667984189723,0.12498561399470587,0.11187669990933824,0.10615736129826003,0.10573536579728549,0.6287716010129745,0.054589092029608155,0.03420314984300932,0.0015123830621668333,0.2044349021124618,0.12468242092317121,0.6982826946766376,0.41752856137468763,0.4210459832337682,0.7824230695333209,0.7488742208110136,0.6674986044536497,0.458574169542186,0.8891300606438975,0.25953942850884937,0.032064779607036575,0.034128325958878936,0.036193104409677934,0.2329415919037716,0.17417692307692306,0.1947807692307692,0.6310423076923077,0.08222976076501909,1
GOOGL,2025-05-23,0.08654963961869333,0.08579813557371385,0.09483227561196739,0.09209678364286134,0.09173062733434256,0.1863984738445062,0.0587823568903294,0.03839585134041168,0.0025553288104340766,0.21441185127104498,0.1456695315439496,0.6761845736534022,0.1985126013840229,0.3411812274219449,0.6959686812228244,0.735805852918134,0.6487464175317417,0.12950613199608166,0.8953509601135446,0.2238525426200484,0.03683156822759215,0.03652552987087043,0.03539730875887992,0.2526075235363472,0.17417692307692306,0.1947807692307692,0.6310423076923077,0.21565125313363054,1
GOOGL,2025-05-27,0.0929435015112765,0.10426976637127394,0.1075853732245392,0.11805026656511819,0.11758093801437475,0.21746042370895946,0.0680080848903113,0.04516709299252497,0.003908802854442506,0.24371384112948122,0.1692665068858359,0.7007311669659482,0.5149358494873425,0.43633573460276665,0.8555484408443289,0.7556941303222922,0.6008908345546065,0.15060266186067126,0.9231201909769972,0.21814471721990258,0.04706181050452307,0.04105115692967498,0.03229369767993795,0.29892951526058176,0.17417692307692306,0.1947807692307692,0.6310423076923077,-0.05756799124138501,0
GOOGL,2025-05-28,0.11038130667286672,0.1163540108182759,0.1191296464188577,0.11488663659265352,0.11442995963119806,0.18163035353704388,0.07467301786615121,0.05096200039901433,0.005382814040970629,0.2614008323046759,0.1922530375391954,0.694989743899886,0.2854468528093039,0.4177177971208089,0.8047861745320143,0.7643545603841353,0.5574314737790436,0.12032849336171017,0.923407829664402,0.19420385116120054,0.055274587431623834,0.045543661808734814,0.031739398299850397,0.3297759632359817,0.17417692307692306,0.1947807692307692,0.6310423076923077,-0.16980977705052025,0
GOOGL,2025-05-29,0.11526389211811217,0.11146276901829899,0.11139317014203687,0.11195734958111214,0.1115124520697276,0.12064326115331836,0.07934234065744672,0.05589606213078424,0.007426725423440805,0.26999889693211854,0.21263971999958226,0.670537359164724,0.28720661332589664,0.39964802293849766,0.7835797570454376,0.7982831939459288,0.39023747850324525,0.07533955717026539,0.9161915835429358,0.17641623946013485,0.061713133118842745,0.05035283983550287,0.034206599720723485,0.34469582803823184,0.17417692307692306,0.1947807692307692,0.6310423076923077,-0.29722837323034534,0
GOOGL,2025-05-30,0.0998604975587073,0.0987455403383588,0.09211242067089753,0.11125432069834207,0.11081203960460939,0.38083269185715724,0.0829187213861744,0.060301380059395226,0.008860551457152255,0.2733979200143146,0.22973870944350436,0.6396155789057844,0.30461590094995,0.395054235073779,0.7335177690641602,0.75102508294508,0.42355180117407176,0.2642229867238747,0.9075357562445882,0.17002551714124647,0.06745180254342897,0.054197228216360305,0.03540914747149837,0.3610113624809759,0.17417692307692306,0.1947807692307692,0.6310423076923077,-0.19431081915966575,0
GOOGL,2025-06-02,0.07945826551964663,0.08528023938312812,0.09181021456633431,0.09537758509578764,0.09499863369832429,0.2243392795385834,0.08218828916552767,0.06249568094968372,0.009998483624064747,0.2589161138661975,0.24005356263923355,0.5758086573766874,0.18462605833279813,0.2923076651786044,0.5964902167273124,0.6703595145976767,0.30027771152308885,0.1423967538347947,0.9158558821872155,0.15486390080381474,0.06998754737327384,0.05603840784451375,0.03626166698293409,0.36718343170852463,0.17417692307692306,0.1947807692307692,0.6310423076923077,-0.05036587168621287,0
GOOGL,2025-06-03,0.07742385491746118,0.07728162043963627,0.0790571169537625,0.07868064913000183,0.0783677873461156,0.2965483003670359,0.07782674971527315,0.0625863746604638,0.01039848524319309,0.2298454125128816,0.24155189010071676,0.4928864775878978,0.17594877695717634,0.19350064249200327,0.33975922299806377,0.4984837086507057,0.2221152755942736,0.18647434695826418,0.9377111893859537,0.13466295112224336,0.07068744625476353,0.05676380942878789,0.036986636341276746,0.36735316290770903,0.17417692307692306,0.1947807692307692,0.6310423076923077,0.5584559098036281,1
GOOGL,2025-06-04,0.07306440362706357,0.07578547588905504,0.08558476881233024,0.08963618255316663,0.08928006141628442,0.0936845275946317,0.07681591111902408,0.06391820890657329,0.010466071028924384,0.21476925730258753,0.23924813760808689,0.4571267274289779,0.398427529201327,0.25025781365894495,0.3461451884476479,0.34846817447058964,0.3316681912240801,0.03898398814013335,0.9413132367724505,0.10777491745027723,0.07253171596123287,0.058538707771944365,0.03858909174673597,0.36876024983629474,0.17417692307692306,0.1947807692307692,0.6310423076923077,0.5394189239672564,1
GOOGL,2025-06-05,0.09398976982097196,0.09137990562780529,0.09301903898458763,0.09057355439685988,0.09021394470310895,0.19942546046833337,0.07621934358110316,0.06523589096097315,0.010036837183772462,0.2017384336424888,0.2343778820072181,0.43298796363643094,0.31763980203389425,0.25518406218311374,0.3327056252522803,0.24631384456001326,0.22246200120502016,0.14543375320143517,0.45414716852160375,0.09153988081812492,0.06763998355097978,0.06473617408397336,0.058922443984994244,0.28871320123148814,0.17417692307692306,0.1947807692307692,0.6310423076923077,0.6860385925085122,1
GOOGL,2025-06-06,0.09683794466403173,0.11192312118770853,0.11260199456029019,0.12261995430312256,0.12213274132778784,0.1922041121411917,0.08299147867569401,0.07008828130719058,0.011611329568273598,0.2186875425585073,0.23441920691344742,0.47918291322691603,0.5626379410901013,0.4079708142653976,0.7436949313420178,0.4027436852193621,0.29766483670798055,0.14787958441274682,0.5030105547936602,0.11170417265826582,0.06816121091549099,0.07188000421393892,0.07434892661264092,0.24334409316816188,0.17417692307692306,0.1947807692307692,0.6310423076923077,0.18560395546271624,1
GOOGL,2025-06-10,0.1280516159032783,0.1499597191851767,0.13726201269265637,0.1514441384966898,0.15210419235187056,0.482645559311445,0.10233162020970643,0.08353452067150835,0.018652559590011775,0.2744303011685743,0.2520953151120639,0.5898675459188868,0.4218121239489368,0.5249213665924665,0.8466384387420841,0.8320542027357116,0.3698259527282681,0.37465022961510386,0.40158261618188595,0.1086611115224363,0.07284539832052772,0.08804912983011959,0.1047067450609882,0.16835301007624162,0.17417692307692306,0.1947807692307692,0.6310423076923077,-0.150955009713593,0
GOOGL,2025-06-11,0.14880260404557077,0.1457014616181378,0.14838319734058636,0.14412092096783646,0.14480106120973002,0.1466314133672479,0.10902972313389925,0.08931877651677267,0.02283987449264635,0.28902707253720833,0.26493406947296666,0.5995467365811431,0.2547075516817841,0.4716565564811138,0.7462196072147181,0.8330319193285383,0.3534991064660592,0.1096951945651575,0.4177558264792208,0.09522708452294426,0.07585508031948995,0.09469018225728654,0.11576324795689796,0.14605652437576108,0.0456,0.0251,0.9294,-0.023401383635599626,0
GOOGL,2025-06-13,0.10619623343408513,0.12705719875704902,0.12203082502266549,0.12841994258597444,0.12914330251791573,0.10218882827403863,0.11336733120891052,0.0965615166720295,0.02954040988013329,0.2801637027751487,0.2813140774840787,0.536823955325129,0.26373149131767337,0.35934473597614824,0.5695714326023998,0.6082696898158226,0.3051618086795289,0.08397119657477484,0.3260620179303848,0.07032345311603316,0.08089764599549465,0.1025940870225639,0.12702257853984245,0.13044443319565166,0.17417692307692306,0.1947807692307692,0.6310423076923077,-0.061072472304661285,0
GOOGL,2025-06-16,0.11950709137409898,0.12596386235470125,0.13569054094892719,0.14072294803444851,0.14141251602551919,0.09913317045416514,0.11708868639654368,0.10077353345532214,0.03433766360407797,0.2817876461107803,0.28662725323802013,0.5287663179591944,0.4044317603177704,0.4179266576689612,0.7079906158779734,0.593464969906578,0.4219546248607906,0.08639407196864543,0.32280286134508673,0.04847025061980936,0.0846991168935709,0.10656885936850524,0.13103863394745052,0.1318389769507289,0.17417692307692306,0.1947807692307692,0.6310423076923077,-0.41851179072548417,0
GOOGL,2025-06-17,0.1251453150430133,0.12838071124410178,0.13526745240253868,0.13591891733552042,0.13662197563126355,0.07217778372770173,0.1189777442076565,0.10405415346085944,0.039920157925819044,0.2758619371427496,0.2895011637589906,0.5058242661467336,0.27344202155543984,0.3814640175775569,0.6539445526636884,0.5998460061513496,0.4748079560194207,0.06489212653749973,0.3290852600168902,0.030655845951153116,0.086966678212272,0.11011245256964797,0.13607772931393858,0.12496997232843524,0.17417692307692306,0.1947807692307692,0.6310423076923077,-0.46013037184242134,0
GOOGL,2025-06-18,0.1269472215763776,0.12377718955000572,0.12692656391659118,0.12051086765481278,0.12125620175155782,0.11384026685408927,0.11699911972709987,0.1052772526909056,0.04481161048337201,0.2544541667497247,0.28682694959777455,0.45364241966270763,0.19129065725411804,0.2692945120558269,0.48059050111768653,0.5653868765266375,0.36328927828116064,0.10733667739958977,0.3273859392465778,0.02010704212593306,0.08425952147636084,0.11362905322520134,0.14752625104501416,0.08246457463757242,0.17417692307692306,0.1947807692307692,0.6310423076923077,-0.3155878123401493,0
GOOGL,2025-06-20,0.11497326203208558,0.11100241684888945,0.08014505893019053,0.08137559318061971,0.08222971071268292,0.6376462844584267,0.10655253323590741,0.10192087807218231,0.048855914596036776,0.1996043207039361,0.2719451455106137,0.33882622140730867,0.0,0.04141334943371955,0.0403002565665772,0.306814300843559,0.19786459262299227,0.5686624223007727,0.425171910458893,0.06734991633376497,0.08516928908758992,0.11299633466340264,0.144916634704074,0.09314260313069936,0.17417692307692306,0.1947807692307692,0.6310423076923077,0.28703479684053224,1
GOOGL,2025-06-23,0.07033248081841437,0.07072160202554956,0.059232396494409256,0.07288066084714984,0.07375805518220402,0.43696018385265006,0.0962711837527428,0.09789967817569378,0.05007604866169224,0.14701562849897498,0.2478225690568948,0.25191386946003147,0.24116680125942525,0.0,0.1280023965220791,0.10313573026467304,0.03708903720901019,0.40447567111341787,0.4095219239689093,0.07463945897581015,0.08726911061399711,0.11097839263342046,0.13763647346471508,0.12147963649711888,0.17417692307692306,0.1947807692307692,0.6310423076923077,0.6614016437660606,1
GOOGL,2025-06-24,0.0741106719367588,0.07578547588905504,0.08419462073133877,0.08213720780362066,0.0829892223081079,0.24566975690841952,0.09014268454045893,0.09530095135740946,0.052660976016771555,0.11292604497365227,0.22060499203122363,0.22280442186017368,0.385244147600032,0.059064479681349424,0.21427172150099225,0.0,0.015994450727993048,0.22903568991914539,0.4034350770091123,0.06017915957347275,0.08784857427147341,0.1104267624849109,0.1356392593300868,0.12928100384715477,0.17417692307692306,0.1947807692307692,0.6310423076923077,0.8278901204275566,1
GOOGL,2025-06-25,0.07823761915833527,0.09960870065600191,0.09277727410093706,0.10504423223387427,0.10583249902135361,0.18938384818769033,0.09042804447782449,0.09555388115807695,0.05517187037837523,0.10611993318220203,0.19724976969466818,0.25913107473828945,0.4929905741119508,0.19229841858703323,0.42775220944798814,0.1500462722171212,0.05083894203993056,0.17977573429166147,0.38922002123166755,0.07322903277550497,0.08727654665550122,0.1096853721561224,0.134711932966032,0.13001150424194077,0.17417692307692306,0.1947807692307692,0.6310423076923077,0.3063798260600332,1
GOOGL,2025-06-26,0.1061381074168799,0.10726205547243639,0.10722272589906312,0.12179975393989095,0.12254175412070156,0.1483037138681571,0.09445133427653962,0.09769691991973062,0.05785326774251853,0.11517889121976041,0.1806701221381702,0.3228574729840228,0.44125381585683876,0.27799655019476355,0.5839075621418186,0.3266020233936,0.1436657214001228,0.14410255261230523,0.41655526636818563,0.06366915929834649,0.08792579933731615,0.1101972704591403,0.1350214718018412,0.1313445886618446,0.17417692307692306,0.1947807692307692,0.6310423076923077,0.10965366745773064,1
GOOGL,2025-06-30,0.15467333178330622,0.150650247439291,0.13526745240253868,0.13755931806198363,0.13825744166301457,0.5006381293439093,0.10911126958874795,0.10625002548950335,0.06617311459789033,0.15998913353627514,0.17328713407539245,0.4626049159858818,0.20781078558332833,0.3237360050367263,0.7260147481845418,0.6907659132309338,0.2671549123944819,0.39464634072099725,0.5056233935973878,0.10721868731015793,0.0957458234278572,0.11446497285181345,0.13447122472030348,0.1597531931585743,0.17417692307692306,0.1947807692307692,0.6310423076923077,0.13944836867966504,1
GOOGL,2025-07-01,0.12537781911183443,0.12107262055472434,0.1289211242067091,0.13527447419298144,0.13597890687673997,0.19413077189107175,0.11244975714635275,0.10895915533341749,0.07071991628007668,0.1659378013590875,0.17329206131393796,0.478840581787691,0.29264719892690233,0.3097112565725092,0.7048537157779394,0.737604029175735,0.20952968931890723,0.14829012136145855,0.4781916116052195,0.08293470445787121,0.09763168145251133,0.11705105073191713,0.13784823915527644,0.15637129266944136,0.17417692307692306,0.1947807692307692,0.6310423076923077,0.0408198393197543,1
GOOGL,2025-07-02,0.12421529876772852,0.13701231442053174,0.1382290722272591,0.1516784814576131,0.15233766317357655,0.11854145051708559,0.11883594384069052,0.11329497335959493,0.07641624411355741,0.18398881149520274,0.1774895204883018,0.5182726548549517,0.43478738369408065,0.3841818948758454,0.8567794946663277,0.7377668055576372,0.29296600273559803,0.09215007924994931,0.4565745781570206,0.07309488894990068,0.10006494823207235,0.12171895176904757,0.14520635110776747,0.1433500704588553,0.17417692307692306,0.1947807692307692,0.6310423076923077,-0.16414436284300715,0
GOOGL,2025-07-03,0.1414205998604976,0.14167338013580388,0.15019643396796634,0.15689261233815688,0.1575372163607459,0.03554893626515837,0.12512581441862292,0.11783194161420307,0.08158122678604562,0.2011493545775436,0.18483413650750244,0.5478726485006796,0.3493420088436814,0.4070408516630698,0.9050683837174499,0.8071078692400779,0.3763698726641462,0.024919058838716868,0.4511022890935382,0.05186830061452452,0.10363128582528569,0.1260263490817053,0.15027806811925837,0.14084648688646864,0.17417692307692306,0.1947807692307692,0.6310423076923077,-0.10791887976822856,0
GOOGL,2025-07-07,0.14467565682399441,0.13954425135228443,0.14191598670293148,0.14084011951491004,0.14152954400632434,0.17484297778819013,0.12652205233011315,0.12012368235624193,0.08553644220987633,0.1980957241169015,0.19000042567603043,0.5273848037197584,0.1887756549912291,0.2988575033202413,0.7564031645219128,0.8270711254873582,0.47820124939579056,0.1414571473644569,0.4827594438774837,0.042490902965597654,0.1038833296679682,0.12926464219128397,0.15725036833921546,0.12168220742360644,0.17417692307692306,0.1947807692307692,0.6310423076923077,0.034261782009567865,1
GOOGL,2025-07-08,0.13764240874215306,0.13177580849349746,0.12456935630099741,0.12660378463881905,0.1273322945149572,0.24475718732219953,0.12441456689736441,0.12058158898824578,0.0883294202262348,0.18088897251530126,0.19013607340676392,0.48007004886826526,0.20091614745579803,0.21059321674207798,0.6245515648091758,0.737137561026967,0.45628400084740833,0.19753636575208947,0.41452661786522593,0.049489488258584347,0.1040806322797545,0.12959276224615057,0.1577334346202064,0.12096825994634666,0.17417692307692306,0.1947807692307692,0.6310423076923077,0.2674968981204908,1
GOOGL,2025-07-09,0.12252964426877466,0.14034986764875135,0.12432759141734684,0.13984416193098603,0.14053597644928917,0.2735745283755592,0.12572739549747025,0.12250960467206418,0.09104618565331801,0.17775344175631375,0.18951616129048396,0.47296377238660325,0.41174742660244107,0.279958187840584,0.7471757805911441,0.6759914077205444,0.4707029666853395,0.21473182120036569,0.40870424296064833,0.07179767348425858,0.1043983763561036,0.12978817202899484,0.1577606808273826,0.1219682046422376,0.17417692307692306,0.1947807692307692,0.6310423076923077,0.20536691995420142,1
GOOGL,2025-07-10,0.12473843292257625,0.13453792150995514,0.13405862798428536,0.1457027359540688,0.14637859839098255,0.11991922978234437,0.1281046332150848,0.12493128895577077,0.09419242303265696,0.178971772568425,0.18930326791514807,0.4767919108428741,0.3546806735310954,0.30986340653814326,0.8014369281463386,0.69343137235487,0.3959865123270988,0.10033341717551394,0.3914954823657443,0.0654399416980802,0.10353680918491959,0.1294268559433691,0.15806674393705866,0.11816829141953508,0.17417692307692306,0.1947807692307692,0.6310423076923077,0.17481611768468142,1
GOOGL,2025-07-11,0.13148105091839102,0.15180112786281508,0.1467512843759443,0.16075927119339162,0.16139328832827304,0.1760400281133907,0.13341655602122504,0.12885190585547823,0.0978908491025714,0.1919436243217185,0.19214650677303405,0.5055357895702033,0.4234799457071291,0.3837897978393353,0.9308611784927439,0.8120541211516821,0.3864794978397135,0.1468084734055253,0.40632642105274097,0.06883603883573042,0.10628533500433313,0.13047391561879151,0.15685232122815962,0.1309650195950208,0.17417692307692306,0.1947807692307692,0.6310423076923077,0.10063447175694251,1
GOOGL,2025-07-14,0.15601023017902804,0.16469098860628373,0.16609247506799651,0.16878551760501503,0.16939741707543587,0.1565581177415576,0.13948398998997957,0.1333325244609438,0.10208821945137592,0.20758923973066612,0.1980558063714243,0.5343730490112871,0.369895901267718,0.42121622420956684,0.8701012480465973,0.8596587544876848,0.2998020694798999,0.12603985041511287,0.399117700520652,0.0620698720332683,0.11146768907016114,0.13263439010564793,0.15498236648957597,0.1538325124827515,0.17417692307692306,0.1947807692307692,0.6310423076923077,0.0696686344339692,1
GOOGL,2025-07-15,0.16647291327598235,0.16785590977097486,0.17769718948322766,0.17136329017517138,0.17196793667381927,0.16672914086816826,0.14492175293476506,0.1377001221156724,0.10590941720740288,0.22020106890787966,0.20571316102408627,0.5508140530825378,0.329227322459395,0.4334206337231302,0.8557277702008746,0.880683654233912,0.3638307087328436,0.1323337219725406,0.3930645596735961,0.04494561316857959,0.11707499832884194,0.1353368571836968,0.1537815208616966,0.17612827108752874,0.17417692307692306,0.1947807692307692,0.6310423076923077,0.10395995807983827,1
GOOGL,2025-07-16,0.1689723320158103,0.1684888940039131,0.18029616198247223,0.17704610697756173,0.1776350166443047,0.16289032430804246,0.15055906907942362,0.1423195097608816,0.1094093535320686,0.2331134128208835,0.21483877375046315,0.5646234791121143,0.35207164048051437,0.46100942583753357,0.8932263398240449,0.8661090283848603,0.39552893455258337,0.12706809226619434,0.3838743993389976,0.0256418568396668,0.12264624628186915,0.13762269376669023,0.15168836343366854,0.2007735202315242,0.17417692307692306,0.1947807692307692,0.6310423076923077,0.23450393145725812,1
GOOGL,2025-07-17,0.16257847012322713,0.16693520543215556,0.17092777274100934,0.1806198371316423,0.18119910379972304,0.15048919530997246,0.15587839658056812,0.1469270182032303,0.11298797509670755,0.24419811106141362,0.2247144037388277,0.5716776258494919,0.33639336062286834,0.47866271846847697,0.9267930400954015,0.8880637301200582,0.3431727579786328,0.11444283923130397,0.37961330994965425,0.01772445637101594,0.12882527322743997,0.14043575273809106,0.14999323207424164,0.22620432989358555,0.17417692307692306,0.1947807692307692,0.6310423076923077,0.2502034436880789,1
GOOGL,2025-07-18,0.1815275517321553,0.18051559442973875,0.19045028709579948,0.1892905266858047,0.1898457161615058,0.17304572888427772,0.1620976750235643,0.1521056439202999,0.11701625276966632,0.2583550326844026,0.23590377059511938,0.584033731649112,0.3734866433312545,0.5212724336268427,0.886512968469351,0.8999857354301299,0.35595991158672724,0.13086330886933276,0.349427047699855,0.005659700559447867,0.13654549527735993,0.1447641237387034,0.14970955653649676,0.25254713529440964,0.17417692307692306,0.1947807692307692,0.6310423076923077,0.15910246729029565,1
GOOGL,2025-07-21,0.18646826319460597,0.20278513062492798,0.2051979449984892,0.2188177397621418,0.21929112641186965,0.3045606167096177,0.1737607320067205,0.16018479616876213,0.12413069156798073,0.29370648679068656,0.2530679311946136,0.6402285339906211,0.5221511809522396,0.644120598811949,0.9836728848278709,0.9350124447080566,0.536576613520457,0.25235658453106147,0.17650816386558787,0.019176362808275282,0.14711276820588326,0.15341344371302812,0.1554636747469098,0.2707055129390443,0.17417692307692306,0.1947807692307692,0.6310423076923077,0.05514893253674935,1
GOOGL,2025-07-22,0.2169844222273889,0.21061111750489125,0.21311574493804797,0.2260823715507645,0.2265357435636074,0.2918103015495833,0.1847365732330506,0.16835894224676728,0.13094220318195693,0.32503433098256246,0.2740771825281898,0.6763928139764737,0.36143209707297747,0.6700467884262563,0.9790052561227653,0.9552323669999412,0.6263007475424262,0.24843681393032604,0.14383721882516265,0.01802391688313043,0.15495240910320107,0.16305454587885304,0.1670012220817978,0.26333878595264837,0.17417692307692306,0.1947807692307692,0.6310423076923077,0.047452137167181885,1
GOOGL,2025-07-23,0.2169844222273889,0.21567499136839685,0.2235116349350258,0.21957935438514253,0.22005063800729452,0.4482378928344322,0.1920443506583469,0.17504748112824298,0.13783018380824408,0.34034422694834354,0.2944412995011621,0.6703251237036352,0.26421973714357533,0.6064828382634372,0.8753473645672769,0.9509083282898512,0.5437690281899346,0.36937314662133713,0.16478618992439686,0.008274063647572438,0.1593068034081031,0.1717038658531782,0.18083600708931424,0.23835920553493337,0.17417692307692306,0.1947807692307692,0.6310423076923077,0.06239081009931846,1
GOOGL,2025-07-24,0.24912810974192046,0.24686385084589713,0.23451193714113028,0.23094498798992324,0.2313847979482656,0.628964601671185,0.20046478417624525,0.1824256596659506,0.1440299799555944,0.3591643105480481,0.3151047776354003,0.673140708978892,0.39019140365715343,0.6511458326136262,0.7603285607098262,0.8644150663368724,0.5634940881333212,0.48806707574724906,0.1282114699186545,0.04741583417758588,0.16769028742386793,0.17962689803106202,0.18779315253718298,0.24586888008873778,0.17417692307692306,0.1947807692307692,0.6310423076923077,0.09039159406729258,1
GOOGL,2025-07-25,0.21977447105324344,0.22603291518011281,0.23608340888485946,0.23686214775323688,0.23728534874045726,0.2374320871961355,0.2085412626141645,0.18980866993516998,0.15021902465139325,0.37556974957203226,0.3354467869501944,0.6701171942695907,0.35148996886899375,0.6735844511976506,0.8021787378489768,0.7959364854475525,0.5235982118219623,0.17356114891592175,0.11140976029558758,0.032673316652640505,0.17727698841797923,0.1868678422443384,0.19164771816235993,0.2657713320303593,0.17417692307692306,0.1947807692307692,0.6310423076923077,0.08248195522281287,1
GOOGL,2025-07-29,0.22239014182748207,0.2351824145471284,0.24103958899969802,0.2519186829925597,0.25230003867774775,0.25531867420819526,0.22294457627480235,0.20397636669961106,0.16108150737695182,0.3987425692394886,0.37119265067665796,0.649357517599585,0.4389568734237297,0.708153939336552,0.9015766775021795,0.8126724577649895,0.537641618672993,0.2307451360887494,0.009267420214621569,0.015571880799619464,0.19705613454038384,0.19924453366795714,0.19382323281546676,0.3222067938156873,0.17417692307692306,0.1947807692307692,0.6310423076923077,-0.15329364370713783,0
GOOGL,2025-07-30,0.2408160892815625,0.24484981010473006,0.2568147476579027,0.2564883707305641,0.2568571082502972,0.15554068074567423,0.23097022942928325,0.2116410627655343,0.16666671245649445,0.4123726492275553,0.38886694482629464,0.6450264994518788,0.34150821227714634,0.7245387366724795,0.928629607713943,0.8616423532597679,0.5317992844162794,0.14426843751811783,0.0,0.0014506504442437507,0.20692683596222006,0.2068726048962264,0.19818112277338873,0.3409046698210144,0.17417692307692306,0.1947807692307692,0.6310423076923077,-0.0338909302977215,0
GOOGL,2025-07-31,0.2414554754708209,0.23558522269536208,0.2350559081293443,0.2293631730036909,0.22980726076701308,0.36621038187355665,0.23124719734202004,0.2155119341704499,0.1713412860739818,0.39408585263949386,0.39875808607255286,0.5718235140774145,0.122012179650066,0.4558195922152356,0.6495169315312951,0.8121506775487527,0.41490558279721884,0.31654867782159524,0.10467157148200801,0.011339350322677189,0.21103823148705958,0.21176135739049795,0.20385447494785192,0.33796208863755617,0.17417692307692306,0.1947807692307692,0.6310423076923077,0.07042081382292098,1
GOOGL,2025-08-01,0.2026272959776796,0.2058925077684428,0.21529162889090359,0.21313492295975167,0.213624046441384,0.18216807791425416,0.22779324407265467,0.2171780338916245,0.1759768833901043,0.3609014550077871,0.39896177131548327,0.48070996293292406,0.19540124635468678,0.3243045779178747,0.467456119068795,0.6440313249391623,0.32018854801249724,0.15279452352251863,0.1472697632858596,0.006543224242029688,0.21265079816572618,0.21530074108384722,0.20973598756174394,0.3267427501842669,0.17417692307692306,0.1947807692307692,0.6310423076923077,0.19034627837033846,1
GOOGL,2025-08-04,0.20995117414554754,0.23144205317067557,0.22919310970081608,0.2477590954361708,0.24815198189811205,0.14552249629059427,0.2328720575425849,0.22264589723932193,0.1808567053314143,0.3626239725778864,0.3995248858893916,0.4840905081162664,0.5529217066788983,0.4894234809092196,0.8204264315302559,0.6021281080172336,0.336401858931478,0.12275520031326295,0.19477713470856095,0.02946491087583003,0.21722038378528818,0.22202919618599415,0.21896066310332363,0.3155607781319172,0.17417692307692306,0.1947807692307692,0.6310423076923077,0.03484401895824041,1
GOOGL,2025-08-05,0.2356428737502907,0.24634595465531128,0.25197944998488964,0.24559142304763015,0.24599047509264238,0.14613496658745828,0.2364441874322163,0.22736920342991396,0.18524694243462192,0.35824947707537147,0.39895911736165723,0.4734730097573225,0.29514680981072,0.4724761426641152,0.7983298965818983,0.6597580425094055,0.30155388069480116,0.1265962505326669,0.1541056029538932,0.025304307382968516,0.21744838352025386,0.22951717204084798,0.23554433801424968,0.27116313824762805,0.17417692307692306,0.1947807692307692,0.6310423076923077,0.160315512041028,1
GOOGL,2025-08-06,0.23442222738897933,0.23926804005063862,0.25064974312481125,0.25391059816040773,0.2542865886519138,0.03413434184544328,0.24118610258543294,0.23261296996150382,0.19033523630362592,0.3586754403564371,0.3986054601274619,0.47546798276009644,0.36747717648423867,0.5088991939002131,0.8537870343415737,0.8093701769890871,0.355966680872547,0.0361691534047284,0.14702204147857645,0.011004553990478505,0.21899814861978895,0.2366954536688095,0.24971073622907336,0.23779611354322158,0.17417692307692306,0.1947807692307692,0.6310423076923077,0.11280932591457415,1
GOOGL,2025-08-07,0.24930248779353636,0.2445045459776729,0.25463886370504707,0.2564297849903334,0.2567985942598948,0.08722514140366144,0.245550160794888,0.2376676389814194,0.19469299926100692,0.3575879511210692,0.3980698944613108,0.4737570771092287,0.3274116059366312,0.5200516631304198,0.8589786224410892,0.824300060524205,0.32279926678529436,0.08398800490702948,0.14816172856804954,0.0003094630059322645,0.21965434627383673,0.24366355531114148,0.2645655257406414,0.20018772376394847,0.17417692307692306,0.1947807692307692,0.6310423076923077,0.15516090296148843,1
GOOGL,2025-08-11,0.27185538246919316,0.2671768903210956,0.28328800241764884,0.2826761966137441,0.28297248730685276,0.08176534243671696,0.26298059456126466,0.25241669253479215,0.20541250782845744,0.38981158530662063,0.4087865140165115,0.5365693309503353,0.2936561669757135,0.6116342946089447,0.8768178275264914,0.8760668363933706,0.408415499158009,0.0797577124840683,0.1927879131036887,0.0034403845481592032,0.23258004979907687,0.2586579328488241,0.28155592088485815,0.19499252659643293,0.17417692307692306,0.1947807692307692,0.6310423076923077,0.04005392908986383,1
GOOGL,2025-08-13,0.2903975819576843,0.2847278167798366,0.27385917195527354,0.2883004276759038,0.28858105328693584,0.10977275009203791,0.27744799404716636,0.26641567392171517,0.21728885060370873,0.40811400435248624,0.42500027864312345,0.5484337855887035,0.2563938328710957,0.5859154535762644,0.8322824374884062,0.8700624904835415,0.34307432609379135,0.10749246378122593,0.2148894931825327,0.029941346474637087,0.24303119711458332,0.2735269482903693,0.30148219722081526,0.17479934228466784,0.17417692307692306,0.1947807692307692,0.6310423076923077,0.031179095792028155,1
GOOGL,2025-08-14,0.2751104394326902,0.28420992058925076,0.2963433061347839,0.2940418302185248,0.29430664724782385,0.0750493657752937,0.28307849359977655,0.2726918014424866,0.22404812518220907,0.41026005887910666,0.4314222611280124,0.5391949917776706,0.348325717123927,0.6092029275595857,0.8934758354450315,0.8765135406644788,0.4644780086799983,0.0786130507232772,0.214555701895221,0.017893627455508376,0.2460230116023876,0.28066464878617925,0.31368153785833797,0.15235470217298644,0.17417692307692306,0.1947807692307692,0.6310423076923077,-0.0271965612126418,0
GOOGL,2025-08-15,0.2887700534759359,0.2957187248244908,0.2966455122393473,0.2996660612806843,0.2999152132279067,0.18327476376942559,0.2888567093477954,0.27903951676189886,0.23064138416128754,0.41275349790908006,0.43713910998476657,0.5325629896432923,0.3473665721723694,0.632067899265177,0.8522883859700259,0.8502278271342809,0.5479744077903144,0.1761020495201058,0.21336966508940858,0.02685582111532281,0.2494500837095175,0.28761063204984083,0.32488257857775804,0.1339943004623824,0.17417692307692306,0.1947807692307692,0.6310423076923077,-0.08921809061697017,0
GOOGL,2025-08-18,0.2908044640781213,0.2889860743468755,0.30395889996977965,0.29732263167145123,0.2975787495911336,0.0002610529134174644,0.29294862490802775,0.2845426569458558,0.2371322754014904,0.40825232873407313,0.4406669007103908,0.5119742138160319,0.2946373380899,0.6073814730015418,0.829878490907922,0.8492968646747339,0.40701041839486185,0.017704822426952954,0.1514758411332605,0.01058530426841564,0.2545879303997527,0.29255100640284604,0.3293372675132922,0.13810153865598132,0.17417692307692306,0.1947807692307692,0.6310423076923077,-0.07362553091080737,0
GOOGL,2025-08-19,0.2840037200651011,0.27845551847163086,0.2886672710788759,0.2860155838069014,0.286302518500661,0.06400258821691934,0.2936611025646232,0.2882544554950648,0.24227108460844704,0.39017772745253476,0.4392901353343818,0.46584533095414654,0.23493333582828335,0.4906168653073998,0.7217239485232902,0.7827835068578185,0.3748056283885455,0.08475739228729942,0.17065955776757413,0.0027100712600329757,0.25722488679487143,0.29632261460948084,0.33440993243801076,0.13311888567382432,0.17417692307692306,0.1947807692307692,0.6310423076923077,0.09223587695615465,1
GOOGL,2025-08-20,0.2706347361078818,0.2660260098975715,0.2683590208522212,0.27283379225496507,0.2731573505567314,0.11660698149201781,0.29124555742649405,0.2901237803618204,0.2465192999819643,0.3599719446002965,0.4311714716709772,0.4024356706461597,0.2215560712163992,0.3668126433019331,0.5956437350070888,0.6833942203280398,0.29777254366535116,0.1491200706316552,0.18605655374160768,0.007796961861527452,0.25682353759142607,0.29967393669587095,0.3424868587057672,0.11145987089004752,0.17417692307692306,0.1947807692307692,0.6310423076923077,0.19612959059517054,1
GOOGL,2025-08-21,0.2649383864217625,0.2729312924387155,0.2854638863705049,0.27535297908489076,0.2756693561647122,0.01418387496234813,0.28988364740287254,0.2921107751409777,0.25038711178262196,0.33487044908677016,0.41884509103218964,0.3628607775363063,0.3271318384104715,0.3823034348088975,0.5643788347289969,0.5805757072496756,0.2976262158456433,0.0656197385289565,0.17777629686978924,0.0,0.25720345617100304,0.30246853291379083,0.3482926106666233,0.09795866271430695,0.17417692307692306,0.1947807692307692,0.6310423076923077,0.1566192686742367,1
GOOGL,2025-08-22,0.282259939548942,0.30780296927149253,0.29676639468117283,0.3124963383912356,0.3127098823693252,0.2713589254437342,0.29720675445310873,0.29815803680007824,0.2556429597892593,0.34551148315239627,0.41145605656025563,0.40929806120883494,0.5566829332628214,0.5714481421670651,0.8179606969556141,0.6178447550507761,0.32502903023243596,0.34480837530928843,0.2772044294542426,0.050942019773913105,0.2637713685235272,0.3072282307612295,0.350480010042177,0.11211213190779654,0.17417692307692306,0.1947807692307692,0.6310423076923077,0.02597025929093122,1
GOOGL,2025-08-25,0.3037665659149036,0.3191966854643804,0.32082200060441235,0.3265569160466344,0.3267315898894846,0.12746633644588728,0.30624984680653955,0.30526094301160356,0.2616394491014835,0.36306324451726274,0.40962236347191866,0.4615477830249232,0.4014879543261062,0.6268811104551059,0.8666436713877508,0.7227933297646094,0.3821918587804527,0.19277017680352135,0.2793432447082387,0.05837025444684096,0.2721141243114955,0.3130939952442162,0.3528524088474423,0.13097704750130154,0.17417692307692306,0.1947807692307692,0.6310423076923077,0.05632703059912458,1
GOOGL,2025-08-26,0.3100441757730761,0.3038324318103349,0.32336053188274405,0.3186478411154725,0.31884448912312713,0.11112487031025137,0.31169300433124114,0.3108151080062025,0.2675774373297979,0.36586924028346507,0.40880728343569583,0.47112815710748657,0.25887022298785445,0.5532226561020387,0.7736936433772101,0.8038534625731729,0.30676923947091905,0.18219745600709655,0.271339931729876,0.03661964233351034,0.2783177260027372,0.31729331159799523,0.3542503686268841,0.14582517683219268,0.17417692307692306,0.1947807692307692,0.6310423076923077,0.10572707436002315,1
GOOGL,2025-08-27,0.29952336665891655,0.309932098055012,0.32305832577818083,0.32063975628332053,0.32083103909729316,0.050422258665506425,0.31649871508544525,0.31609179614586735,0.27319355970102466,0.3660857491674677,0.4082055176316871,0.4731344441244298,0.32307088376644094,0.5620230177438145,0.7602306563737123,0.781496684345993,0.341868307221496,0.11828993652257488,0.27131873346744306,0.0246115524718723,0.2841896689938377,0.3213304141996889,0.35571401414270065,0.15945021071291007,0.17417692307692306,0.1947807692307692,0.6310423076923077,0.07047262619962114,1
GOOGL,2025-08-28,0.30853289932573813,0.3289791690643342,0.33061347839226374,0.34501142421934494,0.3451354101508902,0.1543570177493669,0.3258632863780051,0.3236714800244411,0.2797204051139617,0.38460375667992275,0.41202611278894136,0.5147281310000155,0.4667731666530436,0.6602266029076552,0.951841672637422,0.8144908205035037,0.40495565241567577,0.25098314302360947,0.21042651839341187,0.03474717527365978,0.29222214008638625,0.3286082469944207,0.3616732187214511,0.1680878120505732,0.17417692307692306,0.1947807692307692,0.6310423076923077,0.3219634676875185,1
GOOGL,2025-08-29,0.3274819809346663,0.34296236621015086,0.35055908129344215,0.35245181322866004,0.3525549841339316,0.23679061102000287,0.33504007520372814,0.33141159538346887,0.286960472883639,0.4018665321148923,0.41909298768625936,0.5452604064523142,0.35733575608309504,0.6866820413486022,0.8927392109857629,0.8605929075127334,0.41030876125313187,0.3441462566054668,0.15933133415810252,0.03516910996752165,0.29650900314948414,0.33737554396349023,0.37586179371677475,0.14535438374738316,0.17417692307692306,0.1947807692307692,0.6310423076923077,0.3213203344652571,1
GOOGL,2025-09-02,0.31544989537316903,0.3258717919208194,0.3263825929283771,0.34331243775265086,0.34344084498883276,0.32374800584580027,0.34031150525585785,0.33740455339391473,0.2951368510507639,0.4028860120394652,0.4249833279113107,0.5341947301800292,0.2521004797391184,0.5958810744947894,0.8025615593117531,0.876986150954151,0.3875149932456754,0.4296030958154601,0.08789211432235877,0.055510840777355686,0.30182114506406066,0.34338878892128455,0.3825083716568698,0.14439255279753374,0.17417692307692306,0.1947807692307692,0.6310423076923077,0.40231506564577524,1
GOOGL,2025-09-03,0.41873982794698916,0.4388307054896996,0.4387428226050166,0.4564415021383794,0.4562564036248248,0.9464049443868046,0.3701512908249065,0.3557693551984076,0.3071097370988032,0.5022523265631601,0.4527798687361561,0.7402293927421261,1.0,0.8759179107964109,0.982230270952529,0.8887545672988766,0.8168569278107647,1.0,0.7410245925415372,0.21809243614542773,0.3436624950058331,0.3566577113696334,0.35800045025732263,0.3245199184950711,0.17417692307692306,0.1947807692307692,0.6310423076923077,0.04596153328229069,1
GOOGL,2025-09-04,0.4387351778656128,0.4449303717343769,0.44672106376548826,0.4660495635362354,0.4658380695532399,0.3701708000044624,0.39619930485496213,0.3735616688830803,0.3190935943895663,0.5834868532735775,0.49388908680482646,0.8654392825737465,0.3660342345073489,0.8900539452060597,1.0,0.9302928314035341,0.9027132982195573,0.38686975490849074,0.741060834820619,0.224121021284705,0.37741372495458614,0.3700077591567781,0.34419767692126424,0.4525389436177377,0.0686,0.0191,0.9123,0.09461835867727486,1
GOOGL,2025-09-05,0.45355731225296436,0.46443779491310844,0.48171653067391984,0.4818677133985587,0.4816122710859555,0.3133270859131832,0.420620348795093,0.39154254444635783,0.3308561769168019,0.6552315552935396,0.5434438196418159,0.9448719882831149,0.40131120698102535,0.912669345267974,0.9825605569773053,1.0,0.947409060417753,0.3171076863043222,0.7384417385726402,0.2049197792669064,0.40869046431760037,0.38419472355922313,0.33549997391302067,0.5588779986263792,0.17417692307692306,0.1947807692307692,0.6310423076923077,0.05318125267291296,1
GOOGL,2025-09-08,0.472564519879098,0.4780757279318679,0.4924146267754609,0.47624348233639924,0.47722664750528543,0.1558675546928166,0.4391611222138694,0.40738666917640987,0.34195845181222295,0.7003568931843897,0.5935708911932778,0.9502550127546731,0.2848833863839709,0.87867170984862,0.9057762789934735,0.9703921056423601,0.7856705702323916,0.17092412369269397,0.7279131230325621,0.19328985801930398,0.4340098905450598,0.3962983508588558,0.32985405353810227,0.6400224786459459,0.1199,0.367,0.5131,0.07756349185913747,1
GOOGL,2025-09-10,0.49250174378051614,0.4983887674070664,0.517679057116954,0.506297967074814,0.5072250149649532,0.1856141994935127,0.4786123764331145,0.4417217173494359,0.3647207217048307,0.7922536127859086,0.6977952395951581,0.9561815503077449,0.2949671606939745,0.9056397458976934,0.9470574153908535,0.952306527149424,0.862923066904161,0.19069721715424628,0.7455601051425128,0.19242026781402433,0.48842640000641535,0.4239084755522309,0.32131999635233943,0.8011243610371659,0.17417692307692306,0.1947807692307692,0.6310423076923077,0.14341450134049505,1
GOOGL,2025-09-11,0.4981980934666357,0.5017838646564623,0.5080084617709278,0.5133282559025134,0.5142420126940251,0.13494539085422314,0.4939616648297731,0.45724212108225637,0.3765610370436223,0.8169196998234404,0.7441312959740235,0.9145993303237799,0.3496193998374353,0.9162597010961756,0.9605567955900499,0.9735210603175151,0.8787371507432407,0.1423148688203679,0.7286686981438854,0.19759599775329661,0.5106525296112074,0.4381489080887575,0.3245143369177641,0.8485077102305754,0.17417692307692306,0.1947807692307692,0.6310423076923077,0.12269524689475642,1
GOOGL,2025-09-12,0.5010462683096955,0.5008056162964669,0.5185856754306438,0.5158474427324389,0.5167563588616221,0.09224315851713022,0.5068121532212977,0.47163945553690567,0.38796799745276656,0.8296037361156136,0.7841468308348319,0.8551528502161531,0.324231205006138,0.9201858593723312,0.9671064291625002,0.9651190404003807,0.794450242673854,0.1019064373633016,0.7311825691882793,0.18256266155063317,0.5301950451146433,0.45218669344307494,0.3307422414532015,0.8809238740574306,0.17417692307692306,0.1947807692307692,0.6310423076923077,0.09878806476487667,1
GOOGL,2025-09-16,0.5691118344571031,0.5638738635055818,0.5879117558174677,0.5765422696115765,0.577337063405175,0.1741077903098051,0.5505613002364798,0.5101421014867202,0.4148324131684291,0.9217094329755713,0.8740299154018977,0.895371172273962,0.29600409420620916,0.9793214238464804,0.967464672428059,0.9848065194339879,1.0,0.16023205591981518,0.8167970404681025,0.22413098001628617,0.586548575481808,0.4875138429109913,0.33708539935430837,1.0,0.17417692307692306,0.1947807692307692,0.6310423076923077,0.03605783117876893,1
GOOGL,2025-09-17,0.5641129969774472,0.555587524456209,0.5686310063463283,0.5669927939539516,0.5678057195085059,0.1740888249272064,0.5636861795988004,0.5255751713101078,0.4286200233531785,0.9292674911898506,0.9112190948734044,0.8285700945136025,0.2587536654726561,0.9027026348817401,0.9305943001439305,0.9706666788441951,0.5669861819814772,0.15598196953673046,0.8086423912621056,0.2200152151363297,0.6043130520056814,0.5052782242789566,0.35402678025564427,0.9997161496160174,0.17417692307692306,0.1947807692307692,0.6310423076923077,0.030895240607764718,1
GOOGL,2025-09-19,0.5759125784701233,0.5809068937737369,0.6020550015110308,0.5973987931337512,0.598154585770685,0.41353682073251,0.592134961996327,0.5573561615315668,0.4565933221690406,0.9493840178721613,0.9711226754438044,0.7426602229862799,0.39390374364508407,0.9462643971959795,0.9821883299092748,0.9667228953387788,0.5755450504661079,0.3398563228481847,0.7645492899033474,0.19428163015490085,0.6324265607557453,0.5451452171258586,0.4073340192467205,0.9358627031266051,0.17417692307692306,0.1947807692307692,0.6310423076923077,-0.07410182716030089,0
GOOGL,2025-09-22,0.5827714485003488,0.5796409253078605,0.5929283771532187,0.5845685160231999,0.5853482138311862,0.15381259970771,0.6009293559399917,0.5705055472062239,0.4698638736190499,0.9359631006212639,0.9904487922857631,0.6605624080853537,0.24199337033326696,0.8417713197586006,0.8908272354406152,0.9513225346711536,0.5516668385194234,0.1276181178500738,0.7639331666994086,0.19395124262247088,0.6426832158769751,0.5623501770633448,0.4327792012490761,0.8992282737338511,0.17417692307692306,0.1947807692307692,0.6310423076923077,-0.06733202979739217,0
GOOGL,2025-09-23,0.574691932108812,0.5714696743008403,0.5940163191296465,0.5794715566231179,0.5802610075055897,0.0906411414929103,0.6068094660636285,0.5818770816749972,0.48272464274272675,0.9105248377534493,1.0000000000000002,0.5686263329759054,0.2828985447075047,0.8005225934540389,0.8550562595974327,0.9083272036794949,0.4347260556521982,0.07538987234871,0.7768579888392669,0.17711164491093923,0.6496172410810994,0.5783492607199638,0.45982748208433044,0.8520722188962602,0.17417692307692306,0.1947807692307692,0.6310423076923077,-0.05159721760035163,0
GOOGL,2025-09-24,0.5666705417344804,0.5599033260444239,0.5695980658809309,0.5529908020387837,0.5538302380407644,0.1081896984504167,0.6055106043967682,0.5891886866373721,0.49467761937366883,0.856516006847917,0.9950939137040486,0.43265096475170406,0.16712042924031606,0.6009186003302972,0.6213571295374805,0.768590195999505,0.3661944510395547,0.09032980691792034,0.8134472022103717,0.18245087739223587,0.6474800601343156,0.5931781381354413,0.4960360534756769,0.7643222594251939,0.17417692307692306,0.1947807692307692,0.6310423076923077,-0.032625737988276504,0
GOOGL,2025-09-25,0.5244710532434318,0.526182529635171,0.5351465699607133,0.545081727107622,0.5459355304556545,0.13964322768499615,0.6026784710464597,0.5949317068371303,0.5062060876696801,0.7976256879846291,0.977487950146124,0.31320465025592203,0.26690548602814484,0.5460953367469555,0.5365875925864075,0.6314058625963208,0.3224440001392175,0.1140884948382345,0.8243359251907937,0.19080312853192616,0.639824368884744,0.6073834545148467,0.5380164743668485,0.6525345681448146,0.17417692307692306,0.1947807692307692,0.6310423076923077,-0.028812433011789818,0
GOOGL,2025-09-30,0.5152290165077889,0.507768442858787,0.5261408280447267,0.5293221629855294,0.530205799555645,0.18096433392460703,0.5923664456488329,0.6067687701414373,0.5383202338709954,0.625051089387096,0.8746346652680534,0.08370348150432683,0.27935274795563,0.4180339052582732,0.3215710799998595,0.34148475647141185,0.1005941827142808,0.16279397607476018,0.8316640832968255,0.19467429014835025,0.5901964233115569,0.6436789754028489,0.6843855073125686,0.22199782431831974,0.17417692307692306,0.1947807692307692,0.6310423076923077,0.02481464886471718,1
GOOGL,2025-10-01,0.5032550569634968,0.5250891932328232,0.5222725899063164,0.5398675962270783,0.5407312961492531,0.14675859299173333,0.5909811596510173,0.6103177494700576,0.5481551195985426,0.5805125473855457,0.8306819486582551,0.06540520416207257,0.36833792892636114,0.46266395391940207,0.3588246356105615,0.259322547141102,0.15555381439410523,0.16405038635103966,0.21780495721308757,0.2171517983033563,0.5857555315327956,0.6490098000664732,0.7021788030358596,0.17466326358153658,0.17417692307692306,0.1947807692307692,0.6310423076923077,0.05980266333082973,1
GOOGL,2025-10-06,0.5266798418972332,0.5539762918632753,0.5583559987911758,0.5722655105747261,0.5730684678053101,0.11592869016142887,0.5967711024704916,0.6235569484135062,0.5786136887884101,0.5000522816397387,0.7070475558671957,0.1363537729551174,0.47183763169199766,0.5870371439775183,0.6679892322774954,0.39952851657638233,0.19712784567488045,0.15591846235519544,0.24143717000057874,0.2079882647473773,0.5742882494611543,0.6639724216681684,0.7508239004325084,0.04830076642178752,0.17417692307692306,0.1947807692307692,0.6310423076923077,-0.09081552426559947,0
GOOGL,2025-10-07,0.5469658219018834,0.5489124179997698,0.5640374735569661,0.5449059698869294,0.5457599884844467,0.05218938607940915,0.5956470004567398,0.626155482748836,0.5883792304008408,0.46438411207303276,0.6696339032211587,0.12690714426839195,0.16159385599144122,0.3851330761323325,0.38753731831921084,0.40115520785804093,0.13570090259508494,0.0963818245555523,0.24076050133264004,0.20089234863591687,0.5725023690165534,0.666234441299171,0.7582459665217574,0.029115351008237228,0.17417692307692306,0.1947807692307692,0.6310423076923077,-0.0984657446124152,0
GOOGL,2025-10-09,0.5248779353638688,0.5162274139716883,0.5255364158356001,0.5201242017692893,0.521024954461487,0.1047435768711581,0.5871993102608566,0.6271395107445508,0.6056253279581933,0.3740159906912832,0.5875286891136896,0.07314623573662854,0.20982004863380777,0.22625357353938302,0.13564083642328192,0.1780190305273029,0.16052024428848594,0.16031311020400787,0.26274650796650323,0.16912047050094958,0.5688859969803495,0.6686735925870717,0.7684481376347363,0.0,0.6895,0.07635,0.2342,0.04399569645159418,1
GOOGL,2025-10-10,0.5072076261334575,0.512371964552883,0.5055303717135088,0.4910656746147988,0.49202132483866257,0.1637393040820197,0.5757844548108266,0.6232596251476352,0.6138330996312105,0.30340899352043693,0.5366219022283956,0.0,0.1464036386177508,0.07027767553286479,0.0,0.02793969933184176,0.0666975820519285,0.22007317420438463,0.3098862701544638,0.19920973473890924,0.5732506636856407,0.667112677556762,0.7592525275124193,0.028917450746493017,0.17417692307692306,0.1947807692307692,0.6310423076923077,0.17185361195251025,1
GOOGL,2025-10-13,0.5001162520344107,0.5147312694211073,0.5289211242067092,0.5354736657097663,0.5363456725685828,0.07242321809074376,0.5767195052472838,0.6248073100573099,0.6239348667907052,0.2853920673712756,0.49171087355232906,0.0563919796960925,0.5589872700814994,0.2834652989533618,0.48341646109423486,0.09158137096600466,0.23255502549871468,0.13880150543726796,0.19567566970349737,0.2254406866568096,0.5699393462337721,0.6643598440872165,0.7573535919880472,0.024682229804458694,0.17417692307692306,0.1947807692307692,0.6310423076923077,0.07969793074706732,1
GOOGL,2025-10-14,0.5060451057893514,0.5298078029692714,0.533756421879722,0.5430898119397738,0.5439478102016803,0.04025569798186018,0.5791941411987713,0.6270846923575093,0.6331938080650499,0.27532755013029936,0.4534439139815262,0.11888152597346469,0.352033398433621,0.31470003637392596,0.6054472547008166,0.27352057969106097,0.27014224618882454,0.10810916533725254,0.20121768524716266,0.23456094879143263,0.5667326809372741,0.6622528008089343,0.7567743538181724,0.018048253664358332,0.17417692307692306,0.1947807692307692,0.6310423076923077,0.08438871217067945,1
GOOGL,2025-10-15,0.5410369681469427,0.5585222695361953,0.5668782109398612,0.5757806549885758,0.576576966669846,0.09487711547686783,0.5885845758352903,0.6328908691203166,0.6435417596543593,0.2944092428884068,0.4272633065683749,0.23255744512997278,0.48750226467194524,0.43630118671911144,0.932634294986879,0.6346964577939537,0.3325228818656114,0.1752298233964162,0.26050448725524944,0.24520382805217122,0.5680552260816949,0.6628063141582992,0.7563020003570855,0.02220889525255923,0.17417692307692306,0.1947807692307692,0.6310423076923077,0.05598325901238743,1
GOOGL,2025-10-20,0.5842827249476865,0.5885602485901715,0.616681776971895,0.6081199835959927,0.6088556243355007,0.04291754521012528,0.61702311348465,0.6526452000079519,0.6742577775716625,0.3544565741278354,0.398195351075749,0.4649095391050016,0.4107274534473366,0.5456320571621195,0.9664573893825772,0.8285150672772701,0.3301164210187486,0.1354004746984023,0.2512047762862155,0.24207753977565105,0.5714128340243327,0.6635554219180431,0.7536237101668104,0.0357220438248356,0.17417692307692306,0.1947807692307692,0.6310423076923077,-0.033326285642893416,0
GOOGL,2025-10-21,0.5845733550337131,0.5744619634020025,0.5557570262919312,0.5724412677954187,0.5732440097765176,0.3213951827928199,0.6180907733260297,0.655746092061702,0.6833437981405628,0.34024606794409973,0.3937130305466493,0.43663661422026134,0.12056200298455888,0.33530197759067215,0.6705091764385855,0.8045974823925194,0.3085429522592709,0.45924428124882466,0.3172022045702527,0.3081047137983518,0.5702704599215946,0.6631126112385513,0.7541112855941403,0.03197402921204354,0.17417692307692306,0.1947807692307692,0.6310423076923077,0.0964998417834575,1
GOOGL,2025-10-22,0.582422692397117,0.5829784785360803,0.5868238138410397,0.5796473138438103,0.5804365494767972,0.1843680622957038,0.620578469021158,0.6593885845193024,0.6922270247204074,0.3321655054386874,0.38824993960410403,0.4274121619806046,0.3487847204267536,0.3626908067077196,0.7302823514880027,0.768593407478398,0.3482417867761205,0.2887310192340504,0.28117158219008287,0.31607358523618345,0.573440687661954,0.6647916140401262,0.7537729796918264,0.04033780639042575,0.17417692307692306,0.1947807692307692,0.6310423076923077,0.17710859891810382,1
GOOGL,2025-10-23,0.5743431760055802,0.5753826677408218,0.6022967663946813,0.5877907317358955,0.5885647278836136,0.015598469382063218,0.6244146954288501,0.6636305656135515,0.7016170531135808,0.3298321100205593,0.3833373844859908,0.4325901234576974,0.353586537963237,0.39389375099456425,0.7978310965751707,0.7032904803789742,0.4250550089751809,0.09321519366465095,0.2782096870324753,0.28673424943038783,0.5781435861999051,0.6674817479988497,0.753720636630387,0.051816424528526056,0.17417692307692306,0.1947807692307692,0.6310423076923077,0.14296920126499613,1
GOOGL,2025-10-24,0.5952685421994883,0.6135918978018184,0.6232698700513751,0.6278633780537819,0.6285619660232663,0.11325568682575277,0.6365678393010561,0.6720663393917383,0.7120798455908397,0.3610625438044145,0.38666263336292644,0.5100692444326298,0.5205573433830718,0.5284419997400195,0.9344937383132912,0.8055222516672537,0.6316482012811212,0.20479571735718446,0.3454141302250683,0.3137481606511797,0.5919315023028788,0.6724191683112979,0.7469181118814041,0.09860906633439262,0.17417692307692306,0.1947807692307692,0.6310423076923077,0.1362901784384405,1
GOOGL,2025-10-27,0.6431643803766567,0.6622741397168834,0.6774252039891205,0.6826410451696057,0.6832368535154915,0.186663989200888,0.6587081012034206,0.6859951487201563,0.7240785021539256,0.4316056708842762,0.4057110471664278,0.6579505242235055,0.5889897807150444,0.6641562845622263,0.9806736493343031,0.9024898383784339,0.6486425823702058,0.29003333304329415,0.4279157340889165,0.35561847471556474,0.620881538877321,0.6817256884585379,0.7302445581228465,0.20087450675757088,0.17417692307692306,0.1947807692307692,0.6310423076923077,0.10450076093202809,1
GOOGL,2025-10-28,0.6714717507556383,0.6656692369662793,0.6908431550317319,0.6720956119280568,0.6727113569218836,0.12534332920557362,0.6740297625653238,0.6974526007782371,0.7358208272613731,0.47274428399619484,0.4305068881946631,0.7120068734043578,0.2572055597451374,0.6041255195012895,0.9096643010066064,0.945798835301126,0.5951489620634032,0.2207555507288909,0.4335324098394201,0.33084776960068474,0.6400275024285911,0.6907185633496402,0.7256154387603231,0.25495700458558623,0.17417692307692306,0.1947807692307692,0.6310423076923077,0.11926145056925508,1
GOOGL,2025-10-29,0.6601953034178099,0.6921970307285072,0.6979147778785134,0.7136914874919444,0.7142287885321942,0.2797628211564421,0.6957165203626319,0.7126219460202814,0.7492156889357067,0.5377903350767512,0.4654547234330534,0.8074895515571965,0.5168525002989356,0.6930182001852342,0.9874219564019964,0.9662960395615363,0.6116371697575982,0.3935702883440506,0.4754116765704558,0.34726475111169053,0.6682443002684673,0.7016671977169993,0.7135973929839023,0.344273374978473,0.17417692307692306,0.1947807692307692,0.6310423076923077,0.07491324024341872,1
GOOGL,2025-10-30,0.7987677284352475,0.785706065139832,0.772801450589302,0.7541742339914466,0.7546356246046649,0.6289010118589422,0.7222431171268282,0.731038583542768,0.7642868246236225,0.6198142055071355,0.5124683532860933,0.9209721205973194,0.5062523206336814,0.7633088534249889,0.8051917001984932,0.8983381621694926,0.7156176164306607,0.7262768096078217,0.5067954811401579,0.45710465933244127,0.7035453030581484,0.7148741960901726,0.6974564582658767,0.4568070002960647,0.17417692307692306,0.1947807692307692,0.6310423076923077,-0.03053036171352741,0
GOOGL,2025-10-31,0.7500581260172052,0.7535389573023363,0.7544877606527652,0.7524752475247525,0.7529398891627993,0.2316532235572364,0.7430792595277533,0.7475868304544202,0.7792262504510528,0.6758472759334503,0.5630965704996527,0.9549684443200569,0.3019954367880491,0.7536872696929372,0.7960154306020776,0.8543260228085492,0.6779538925192294,0.29052116469524514,0.5062733205924385,0.47406338854800434,0.7316725193339071,0.7280996572168263,0.6906875983632492,0.5328265069608233,0.17417692307692306,0.1947807692307692,0.6310423076923077,0.0242304562823632,1
GOOGL,2025-11-05,0.7248314345501046,0.7559558061917369,0.7563614385010576,0.7707539984767708,0.771183966230406,0.13953055100014505,0.7861673834756715,0.7900070130338408,0.8203013560437689,0.7512353803295809,0.6958838595914146,0.8486451129352178,0.5002920443916103,0.6594663361141938,0.8480828531964965,0.7743951422155563,0.7571161142038143,0.18263724804279932,0.5199127520650441,0.47401284153611334,0.7959282877345271,0.7667575243382481,0.6942613250886926,0.6635394926978531,0.17417692307692306,0.1947807692307692,0.6310423076923077,0.043903856601322566,1
GOOGL,2025-11-06,0.7623808416647291,0.7670618022787434,0.7793291024478696,0.7733317710469272,0.7737574115283093,0.20828898780637461,0.7989467430920347,0.8035779664696001,0.834478765874028,0.7664996175810048,0.7308888590457147,0.8080271988722539,0.3223334011982777,0.664459445378688,0.8577707774378437,0.783176608310476,0.7389859495145119,0.24796019666756888,0.4844828059553893,0.47157775323399687,0.8121755026545081,0.7827063154543845,0.7090832013096533,0.6674953815668055,0.17417692307692306,0.1947807692307692,0.6310423076923077,0.04957628336305331,1
GOOGL,2025-11-07,0.7500581260172052,0.7407641846012198,0.7433665760048355,0.738649012830277,0.7391393645263614,0.1782344344411348,0.8013077885880373,0.8119516524340196,0.8468117980751386,0.7385624613852414,0.752402642866665,0.6811380996920054,0.14434991056760307,0.4899524054267964,0.727448591451804,0.7941734879908341,0.5262880497252995,0.2164696433641561,0.4859028660352326,0.4916761910728009,0.8142033134836442,0.7983008063312178,0.7416005824822909,0.6063897184252192,0.17417692307692306,0.1947807692307692,0.6310423076923077,0.06234166993882151,1
GOOGL,2025-11-10,0.7570913740990468,0.7811600874669122,0.7897249924448476,0.8046751420704201,0.805041916497025,0.12332072693195889,0.8181643961442229,0.8271095138931581,0.860975452641147,0.7686762429328851,0.7766095480184209,0.7064677474373344,0.6227846171113398,0.6289300812468811,0.9710478286451718,0.8417934213583933,0.5449829139424175,0.15815909688663984,0.5263097107233755,0.5390482495384206,0.8308753977262322,0.8152569991282999,0.758140855848553,0.6082246997412964,0.17417692307692306,0.1947807692307692,0.6310423076923077,-0.08375060237198262,0
GOOGL,2025-11-11,0.776447337828412,0.7876050178386467,0.8166817769718949,0.8117640166383502,0.8121174282164995,0.014936912212590803,0.8332566706453963,0.8416994886748947,0.8756458723886218,0.7903336723815516,0.8010064142193358,0.7082543904695264,0.342971764387667,0.6417985757202697,0.9916677574240433,0.8936469287640174,0.5927886751776825,0.04906566101602261,0.5271101286728906,0.5049986297984594,0.8453886670749085,0.8321799589691152,0.7774140348848397,0.6002359085463002,0.17417692307692306,0.1947807692307692,0.6310423076923077,-0.10728631611863326,0
GOOGL,2025-11-13,0.7450011625203439,0.7353550466106571,0.7557570262919314,0.7371257835842755,0.7376191710557037,0.12261454533284244,0.8331821065665712,0.8556915874678994,0.8944502160995969,0.7096893397939146,0.8143983092599589,0.45650646336687517,0.08286308840322726,0.32987292319564687,0.49919089912275283,0.7607934261084502,0.18891603466811482,0.15890787804828996,0.6568746376162206,0.5281005021791674,0.8540644640231365,0.8553503453328799,0.8183632513583903,0.5385645410400142,0.17417692307692306,0.1947807692307692,0.6310423076923077,0.04526704247072377,1
GOOGL,2025-11-14,0.6814694257149503,0.7107262055472436,0.71622846781505,0.7244712636944168,0.7249883410874126,0.1466358758102123,0.8254821024552166,0.8577074700674343,0.9020683246870234,0.6399557863637511,0.7963024099164367,0.3085966510822258,0.2487069368149854,0.28460935121142417,0.3660902955829145,0.5185296681527906,0.16187044123426816,0.1823074674126199,0.6690276717446547,0.528518463318882,0.8519396342734504,0.8638782542403127,0.8403514222918478,0.4921215635964684,0.17417692307692306,0.1947807692307692,0.6310423076923077,0.13227845036319574,1
GOOGL,2025-11-17,0.7649965124389675,0.7992864541374152,0.7940163191296467,0.7749135860331593,0.77533611898937,0.3811707219117106,0.8307570739203032,0.8653045883827128,0.9113996871529069,0.6242755683336452,0.7781829432274235,0.3083749928328353,0.5521676320045344,0.41299884089634664,0.6500373363464338,0.4386712643694952,0.2494966588974448,0.39467987862246856,0.7168578458411788,0.6307972404362963,0.8555008822944528,0.8743840779281806,0.8594029333098847,0.4633003050422728,0.17417692307692306,0.1947807692307692,0.6310423076923077,0.03341096597546933,1
GOOGL,2025-11-18,0.7774354801209022,0.7696512832316724,0.7615593834995468,0.770578241256078,0.7710090093991023,0.3419960507379765,0.8339942790419439,0.8717156332731468,0.9195724021338134,0.6013116827464774,0.7583525186586373,0.2922828992810083,0.28961609112426234,0.3965816869512647,0.5695567702872206,0.4659214474722506,0.3294945436794953,0.355236481212987,0.6517823570311628,0.6521921561785915,0.8500650170782102,0.8868641238457873,0.8946068837303267,0.3861334710768489,0.17417692307692306,0.1947807692307692,0.6310423076923077,0.1166463906548707,1
GOOGL,2025-11-19,0.7730179028132993,0.8560248590171482,0.8125113327289212,0.8205518776729743,0.8208886753778396,0.5544105670649397,0.84791270043023,0.8832547578571033,0.9293906386799975,0.622288279730982,0.7473613536037252,0.37541889737174927,0.5434090098203055,0.5085825912254457,0.6593217509091925,0.5794794936797918,0.35228210738638227,0.5279395830100636,0.6924717498853256,0.7662524779739965,0.8487222935979608,0.9020379593473062,0.9305598010188039,0.3169950758902442,0.17417692307692306,0.1947807692307692,0.6310423076923077,0.18357137714708083,1
GOOGL,2025-11-20,0.8740409207161126,0.8710438485441365,0.8248413417951045,0.8008670689554163,0.8012408476804763,0.48553610674163566,0.8545850278168161,0.8914953208138958,0.9383742182462975,0.6141087487637369,0.7366681951989662,0.37822174304669187,0.21906020447709587,0.43236818708189084,0.5105394863994329,0.525456969825699,0.2979089676272653,0.4296918385092089,0.7195475044,0.851853011114714,0.8379993058143873,0.9154589779588329,0.9747615946974446,0.21454848010634112,0.17417692307692306,0.1947807692307692,0.6310423076923077,0.24806417807443837,1
GOOGL,2025-11-21,0.8268425947454081,0.8566578432500864,0.8561498942278637,0.8606831097310916,0.8609444275078949,0.6206644577573992,0.8734827518790795,0.9058224187906712,0.9491479236538507,0.655472821537644,0.737723156084045,0.4887164763800356,0.5836643479460997,0.552782182961982,0.8090429640830294,0.6182014000945193,0.5342140064621033,0.508152949158749,0.7486371288810586,0.8994019661164878,0.8440118759474633,0.9301235737938345,1.0,0.18191271266301626,0.17417692307692306,0.1947807692307692,0.6310423076923077,0.13781104130362132,1
GOOGL,2025-11-25,1.0,1.0,1.0,1.0,1.0,0.7823655410154289,0.9523798221270674,0.9581241495289063,0.974636190202812,0.8977514655157968,0.818965199045668,0.9594113819059087,0.4295949730978948,0.7432516839262512,0.9118448836973179,0.901207305185425,0.6787178283309865,0.5467787124329451,0.8850879473596335,1.0,0.9393692183240472,0.9689733058494323,0.963554557171233,0.4398039786539686,0.17417692307692306,0.1947807692307692,0.6310423076923077,-0.049996693959542315,0
GOOGL,2025-11-26,0.9678563124854687,0.9750834388307057,0.9948020550015114,0.979553576659441,0.9795920755673081,0.36670348182112295,0.9786658115492335,0.9799784762646442,0.9875258435498226,0.9603200913198963,0.8743813013644742,1.0,0.2245246180012891,0.6697877446905122,0.8491461185147561,0.9167378213742796,0.7016224884216511,0.23945982435904792,0.8896720871783826,0.9651609032817092,0.9714771709031031,0.9857191709588566,0.959544307280964,0.5096349384392044,0.17417692307692306,0.1947807692307692,0.6310423076923077,-0.024713938580122496,0
GOOGL,2025-12-02,0.94495466170658,0.9398664978708713,0.9773949833786647,0.9552990802038783,0.9553824971781629,0.19357519774200388,1.0192968883612528,1.028602595941678,1.0225962359772542,0.979507034095631,0.9987775403968118,0.7599078080022766,0.33314644715592434,0.5662050375460285,0.774767625219365,0.7759658469748767,0.6695106598058421,0.12707789189788607,0.9022078253518088,0.8467019009638841,1.0342095757993965,1.0242774130624943,0.96487478317853,0.6193317738078551,0.17417692307692306,0.1947807692307692,0.6310423076923077,0.033419241986792914,1
GOOGL,2025-12-03,0.9400139502441291,0.9582805846472551,0.9785433665760052,0.9776788329720545,0.977720798154235,0.26032888204647636,1.0317744604774508,1.0438355419190488,1.0350374420673965,0.9793735840356912,1.0226575834007938,0.7033935067896175,0.405002790040068,0.6042564759547268,0.8433970388618665,0.7721395916552626,0.7357822405615019,0.1731153216483984,0.8492917737154696,0.8204360771272279,1.0508160065986105,1.0398092044285054,0.9782894051526725,0.6263145804347018,0.17417692307692306,0.1947807692307692,0.6310423076923077,-0.03411956780643921,0
GOOGL,2025-12-09,0.9195535921878633,0.9376222810449997,0.9652462979752191,0.9627394692131934,0.9640220878610973,0.13042382052054396,1.0520961484672915,1.0869776564603675,1.0874934078674507,0.8582569080141205,1.0280615819500094,0.3598879814712337,0.39418964800091977,0.47120010666723233,0.7215736134856823,0.732640741207206,0.21441858324220012,0.07816871182359744,0.7634887757934957,0.7271765481550807,1.0922179469805353,1.0885605850270543,1.0343414527558354,0.6038722663195603,0.17417692307692306,0.1947807692307692,0.6310423076923077,-0.047283562376365995,0
GOOGL,2025-12-10,0.9396651941408973,0.9567268960754978,0.9820489573889396,0.9810768059054424,0.9823369668570908,0.16651271238439486,1.059062291646235,1.097432300474614,1.1016459263473548,0.8376039099966689,1.0131496186651405,0.3385425647277916,0.38763791827946775,0.5090973960251596,0.7882395529839701,0.7078834968126813,0.19297352979148524,0.10124749837088878,0.7654997934201612,0.7006651945845055,1.1024331354251362,1.099302362704411,1.0452705514542702,0.6034934725262632,0.17417692307692306,0.1947807692307692,0.6310423076923077,-0.07141976415394968,0
GOOGL,2025-12-11,0.9643687514531503,0.95563355967315,0.9453006950740409,0.9354971000058585,0.9368130823239184,0.26607873980610686,1.054295832893466,1.1017243293983365,1.1140439984197745,0.770780344788899,0.9856959427259637,0.2205838377952281,0.11604609214810854,0.34249425757398877,0.5226003600979627,0.638923646328658,0.13805373669911555,0.16871145115488664,0.7973544467503698,0.7369089133196303,1.103765534073638,1.1088688014951582,1.0651033098538067,0.5717724385699765,0.17417692307692306,0.1947807692307692,0.6310423076923077,-0.036601963639134705,0
GOOGL,2025-12-12,0.9272843524761682,0.9196685464380252,0.9269265639165912,0.9171011775733788,0.9184396893375225,0.19452904492564455,1.0463097054607617,1.1035225381765987,1.1257223459799155,0.693280376022687,0.9457286097664704,0.10288898286803572,0.2304247349334116,0.2814534278710227,0.13503935941538878,0.4117799251616773,0.09535941613020671,0.11450746771675827,0.7293848136716164,0.7373948463670703,1.0956057253154052,1.1202795585821506,1.1014395990881538,0.4950755794170818,0.17417692307692306,0.1947807692307692,0.6310423076923077,-0.0800837407070687,0
GOOGL,2025-12-15,0.9134503603813067,0.8998158591322363,0.9228165608945301,0.9108325033686802,0.9121786923644511,0.11879804098753866,1.0384988074443369,1.1044404294178767,1.1372669506112194,0.6193339551242859,0.8965758930659151,0.016497578253083955,0.2827835378464041,0.2604847969288059,0.11326656884513803,0.15038704956996174,0.14748658340364024,0.060252853523882016,0.7220681751770824,0.7092236438303006,1.0799108595952476,1.1320922867379346,1.1484823895467011,0.38748424043604257,0.17417692307692306,0.1947807692307692,0.6310423076923077,-0.036948964883729785,0
GOOGL,2025-12-17,0.8942106486863519,0.8806537000805617,0.869870051375038,0.8434589021032282,0.8448876034015357,0.28366857436103393,1.0102137408233394,1.0973241440353996,1.1569427296917123,0.430052723728236,0.7681794686961411,-0.19857314519345337,0.05244287182900159,0.050658017297714464,-0.012063818443846349,-0.05514604283979593,-0.05766880907249103,0.19068603895729822,0.7716380584342074,0.730618107610369,1.0569224557879153,1.1447806663658222,1.2069853765818794,0.24875557778854454,0.17417692307692306,0.1947807692307692,0.6310423076923077,0.09044903861536757,1
GOOGL,2025-12-18,0.8576493838642179,0.856888019334791,0.888667271078876,0.8770871169957231,0.8784746338925905,0.16750672155471513,1.001967178384203,1.0949466270481776,1.1675659514094097,0.36534806463710234,0.6955318907824526,-0.20447893385083138,0.4613142215925679,0.1548065167919045,0.21255317469571067,-0.016695894432546016,0.03962451870140374,0.11479842669469051,0.7363919017000865,0.7101640619056797,1.0503657382152405,1.1484146532080086,1.223705383963495,0.2094127000720313,0.17417692307692306,0.1947807692307692,0.6310423076923077,0.07919765910636567,1
GOOGL,2025-12-19,0.8577075098814231,0.8758200023017608,0.8991840435176793,0.9046224149042124,0.9059762093817824,0.46230909111192925,1.0016160793957276,1.0959340020389146,1.1796156178405885,0.3359231454911769,0.6305779833094923,-0.13211755900181632,0.43180042502134236,0.23273020774666053,0.39419311897552,0.08214187480811963,0.055106625044322455,0.34533250175394603,0.7347886124931379,0.6812513338924744,1.03589992432589,1.1550240235502025,1.257419649294655,0.1281096057201713,0.17417692307692306,0.1947807692307692,0.6310423076923077,0.04475856532328493,1
GOOGL,2025-12-22,0.9050802139037433,0.8923926804005065,0.925355092172862,0.9199718788446891,0.9213068748672465,0.08843111661479075,1.0048170971246537,1.0985868785739807,1.1930530274228497,0.32338600449698673,0.5757022935298507,-0.03732877204577245,0.37714858832276305,0.27441212892127276,0.4954477262123469,0.27868292929629374,0.17989921300284095,0.06705799331084272,0.6554366698463568,0.6394209423195967,1.0310497734401467,1.1588332219229247,1.2723150230688849,0.09525317402725855,0.17417692307692306,0.1947807692307692,0.6310423076923077,0.023689955014490227,1
GOOGL,2026-01-02,0.9458846779818646,0.9635746345954657,0.9557570262919312,0.9514324213486436,0.9527288877134078,0.15067661791447728,1.0370290832748852,1.1264449306452091,1.2747888772991782,0.30816359460681314,0.3997730497118355,0.33476252230472936,0.36414436023352104,0.3534524769726445,0.7213811772698029,0.664155293169535,0.48308454522873645,0.23697778304331898,0.2493136168768627,0.4418964677327557,1.0058521374406182,1.146459226061314,1.277193044670744,0.03954910033816947,0.0548,0.1122,0.8329500000000001,0.04194798327239768,1
GOOGL,2026-01-05,0.9503022552894678,0.943549315226148,0.9817467512843762,0.959575839240729,0.9608623323793605,0.13044167029240156,1.0421313258681404,1.1308529326773304,1.286696888319288,0.3110440389311007,0.3881911249972489,0.36986261815382315,0.34485470984125083,0.3824415446277004,0.7764442189819587,0.6925731720431445,0.4199035660322269,0.2142638071128604,0.2479143147100359,0.41261632975978935,1.0050763312730744,1.1461370879385748,1.2774758835738513,0.03761443912823595,0.17417692307692306,0.1947807692307692,0.6310423076923077,0.054198660623211437,1
GOOGL,2026-01-06,0.9429783771215996,0.9545977672919785,0.9645210033242672,0.9466869763899466,0.9479892544908025,0.14178185347568528,1.0432893897048223,1.133386322368143,1.2979475222565577,0.2984057243199313,0.3759895172924953,0.36403430597376735,0.2550962510441567,0.3135153319075915,0.6892940810202742,0.698835723220703,0.3258022758132945,0.225796349465575,0.23543694207885624,0.43471606790498707,0.9982352160035781,1.143655693870709,1.280779823483312,0.019249630173327342,0.17417692307692306,0.1947807692307692,0.6310423076923077,0.08783370481085528,1
GOOGL,2026-01-07,0.9311206696117182,0.9845782023247784,0.979087337564219,0.9914464819262991,0.9926939431583398,0.18520477035152894,1.0543691585094965,1.140807804138229,1.3093455078594665,0.3262093860458588,0.3726874341258764,0.4477371154511407,0.49961635650980224,0.46662541901387844,0.8674306726161539,0.7553954648168929,0.39079627979782655,0.2749987697184554,0.23910845032137273,0.48416966958050955,1.0067049474270113,1.1467057407457941,1.276639573490435,0.0420594317826207,0.17417692307692306,0.1947807692307692,0.6310423076923077,0.058237307597315935,1
GOOGL,2026-01-08,1.0160427807486634,1.0085740591552539,1.0232698700513754,1.0117171480461655,1.0129397838376168,0.14941263094481072,1.0678312038365134,1.1498726247010795,1.3196658023928265,0.36309814616209884,0.37861557369416476,0.5345502448158698,0.3944693033668715,0.5245170014406858,0.8485133745623654,0.7833052690035957,0.3741344310087723,0.2326049639199075,0.2391884438185068,0.4976452329075507,1.0174074586263095,1.1497927131278411,1.2696785409122686,0.07354177372286327,0.17417692307692306,0.1947807692307692,0.6310423076923077,0.06082812905268131,1
GOOGL,2026-01-09,1.0051150895140664,1.01150880423524,1.0492595950438202,1.0300544847384145,1.0312546628336103,0.08602474424623763,1.082760510845716,1.1602103068884122,1.3308888525378708,0.4049252635064571,0.39307514507917996,0.6147910272155062,0.3856563394761701,0.573261477809483,0.9334487240559957,0.8778576225523851,0.41807574136116393,0.1639270532745303,0.2386800664349923,0.4747160460845927,1.0294605382676905,1.1528796855098882,1.260960916224664,0.1102950502557056,0.17417692307692306,0.1947807692307692,0.6310423076923077,0.041250403567393734,1
GOOGL,2026-01-13,1.0508021390374331,1.0670963286914492,1.0965246297975222,1.0734079325092274,1.0745550157314865,0.1675022591117507,1.1175909228238914,1.1851131041649126,1.3514289787225473,0.5042427241191498,0.4455325052254729,0.7627065798026467,0.40725210239924575,0.6757772800644567,0.8610037709894738,0.9081939818307068,0.5210769954668609,0.2668145441856863,0.14092124148272567,0.5021545317390126,1.0743555272755019,1.1699060367701983,1.2409517443144509,0.22630087879476515,0.17417692307692306,0.1947807692307692,0.6310423076923077,-0.032509133323930794,0
GOOGL,2026-01-14,1.0514415252266915,1.0442513522844976,1.0775460864309463,1.0726463178862262,1.0737943338562532,0.11181097091602799,1.1322298855036603,1.1971176259944167,1.3614722997459263,0.5398971628364868,0.4779646643943283,0.7838288319476514,0.30707502095985334,0.6710241170621402,0.8514247028522759,0.8764290145299916,0.5153753447130107,0.20126533571011754,0.13576656919881025,0.48561970591585646,1.0942830635146874,1.180104861793182,1.238024672149491,0.2676857720947231,0.17417692307692306,0.1947807692307692,0.6310423076923077,-0.07541794565657445,0
GOOGL,2026-01-15,1.0664961636828643,1.0509840027621131,1.0791175581746755,1.054719081375593,1.0558890527930775,0.11088278277943259,1.1398744126801836,1.20598078777371,1.370492071592066,0.5457438516439999,0.5052686642562961,0.735596891061965,0.237903881623599,0.5592247407930885,0.7453992152007609,0.8036713234355124,0.4874796105624062,0.20156738803086058,0.14754208269466706,0.4796689743629381,1.1066572677872701,1.1897830371679967,1.2437479971823078,0.28111719773883737,0.17417692307692306,0.1947807692307692,0.6310423076923077,-0.024383391142289823,0
GOOGL,2026-01-20,0.9689607068123693,0.9936701576706182,1.0168026594137203,0.9915636534067607,0.9928109711391447,0.1880674275131921,1.1336006281716795,1.2124479582461607,1.3870711578868247,0.46875796031652034,0.523712789738038,0.4819616008120787,0.11648384535565257,0.23279278286305016,0.37188458876830055,0.5358903331854005,0.3009273551883763,0.29485248208070314,0.058867523257242205,0.4960847823531904,1.1019936510354287,1.2092870899454764,1.2937818254422493,0.19327974105155024,0.17417692307692306,0.1947807692307692,0.6310423076923077,0.03495005325020761,1
GOOGL,2026-01-21,0.9692513368983959,1.0210035677293132,1.010275007555153,1.0289413556740288,1.030142897015962,0.18835302386291375,1.1351235463387552,1.216969683689427,1.395096484570229,0.45008753967534587,0.5196447845059984,0.44053337906705436,0.4649425310282843,0.359053456367901,0.5929442656364917,0.47684998845865867,0.4122434878079265,0.31629430865260433,0.07689298528879462,0.5532445212175303,1.103723544150147,1.217122682522873,1.309195726076751,0.1722993855089857,0.17417692307692306,0.1947807692307692,0.6310423076923077,0.027719287682468785,1
GOOGL,2026-01-22,1.0478958381771681,1.0363678213833583,1.0670897552130554,1.0415958755638879,1.04278191894291,0.0864642948782311,1.1392124523787395,1.22252743016017,1.4046010424805235,0.44222303331186974,0.5145633388473736,0.43100165514409344,0.3618614485307284,0.39764494136888573,0.6677857863316795,0.48409584894784996,0.3388359665905104,0.18934224450306394,0.07445647208530504,0.5406035046695292,1.1073494219293216,1.2247884177682435,1.3217607379048286,0.1593423381247154,0.17417692307692306,0.1947807692307692,0.6310423076923077,0.022501454738688365,1
GOOGL,2026-01-23,1.036503138804929,1.0279663942916333,1.0592323964944095,1.0263049973636418,1.0275097674478482,0.09791492352488368,1.139014969973919,1.2258313635213764,1.4115646862181537,0.41748570432001103,0.504751333896637,0.38650926665161195,0.24757571338762344,0.3264278293448545,0.555373010274407,0.5551543464912135,0.2619576857177289,0.20238399814221295,0.0698761272295706,0.5233889247981212,1.1098037678133756,1.2298029016137224,1.3298727387848182,0.1512281944320615,0.17417692307692306,0.1947807692307692,0.6310423076923077,0.04601348400091809,1
GOOGL,2026-01-26,1.0093001627528482,1.040338358844516,1.0565125415533396,1.0575311969066727,1.0586977243323994,0.08410477816080414,1.145940385035574,1.23240576040924,1.4192830928442421,0.42213855612203827,0.4979826564198094,0.41513271261597984,0.4373479210360812,0.4234534853602824,0.7493785833746499,0.615735758067228,0.2888479593499404,0.1750344548865835,0.09535252283008355,0.5342697728685826,1.1158315323707375,1.2368815212983926,1.3379902401044448,0.14963819964811945,0.17417692307692306,0.1947807692307692,0.6310423076923077,0.027579620263448845,1
GOOGL,2026-01-28,1.0572541269472215,1.0501208424444703,1.086370504684195,1.0736422754701505,1.0747890716930968,0.09963742650914242,1.1609391407970029,1.246443892724451,1.4386337824637745,0.4362794334531332,0.49265260332727967,0.46628757435018253,0.3444891859818642,0.470816003621091,0.7910829236726912,0.7491269235512136,0.23137530949587176,0.18206752163836334,0.09054651148370241,0.48007366112908123,1.1266465783722122,1.2529404242762905,1.3601255936100065,0.1351970152766587,0.17417692307692306,0.1947807692307692,0.6310423076923077,0.04181168734657459,1
GOOGL,2026-01-30,1.0801557777261102,1.0642766716538152,1.0884859474161384,1.0853008377760853,1.086433355783201,0.13968338967167576,1.1771167375196416,1.2616323112002266,1.4597313540112502,0.4545509261760968,0.49752038532036763,0.504745689818952,0.30429469706152085,0.5008079728633369,0.8171150892225281,0.7954899488169392,0.2945813059032686,0.204785157803917,0.08767994643805865,0.561649749521197,1.134688985668446,1.2711816247156598,1.390786703783462,0.10302334852466336,0.17417692307692306,0.1947807692307692,0.6310423076923077,-0.02671396186905095,0
GOOGL,2026-02-02,1.0581841432225065,1.0920704338819196,1.1086733152009676,1.1186361239674263,1.1197278163222437,0.15063980276002098,1.1902829383364817,1.2719396307256896,1.470646879673252,0.4836982430439401,0.5064991258714969,0.5632421004047922,0.44185661222220596,0.5956334396312041,0.9657871286084434,0.8631466337202387,0.3993311938364563,0.21684293718136935,0.10944421635665946,0.5735175636299363,1.1434120722402692,1.281720164402696,1.4031983160289436,0.09996546988087932,0.17417692307692306,0.1947807692307692,0.6310423076923077,-0.06500812340255857,0
GOOGL,2026-02-03,1.1228202743548013,1.116066290712395,1.1197944998488976,1.0953189993555568,1.0964392481420346,0.20084897977397725,1.1955266051958953,1.2786435294589746,1.479272108047729,0.48018273144455137,0.5128654128265101,0.5386711579137413,0.21822044696900084,0.4623137843035493,0.6851173408501713,0.8076182697209211,0.45420622974887787,0.2675856744552655,0.14304758348524593,0.6086135802573758,1.145017377876554,1.2902758043658575,1.4203974690828507,0.07700670052227479,0.17417692307692306,0.1947807692307692,0.6310423076923077,-0.0899238822354701,0
GOOGL,2026-02-04,1.0973610788188792,1.0833237426631375,1.0656996071320641,1.0562423106215948,1.0574104165435436,0.5814027689458594,1.1908573201893624,1.2802694318641268,1.48729067615256,0.4367764992006523,0.5078745308478619,0.4318534348563881,0.15365978373454917,0.2723414659158946,0.4500342860442136,0.6654610145831952,0.28851055705917006,0.6314373254260229,0.1988952469584776,0.6748883374797281,1.1350357171630863,1.297180874167805,1.448946100948958,0.016507590992711457,0.17417692307692306,0.1947807692307692,0.6310423076923077,-0.04825392187623645,0
GOOGL,2026-02-05,0.9186817019297839,1.0222119921740132,0.9323662737987307,1.0457554631202766,1.04693641226149,0.7776096924261187,1.1847430389450997,1.2805483186224098,1.4931125596936798,0.3886265342579579,0.49269587425827693,0.33603423085243955,0.2676043903528787,0.22666129207760577,0.5765071564174857,0.5147068159228115,0.23961334253554528,0.7581963469011543,0.1438835672299793,0.8582553219169979,1.131257912589785,1.3006038686632089,1.461576123881886,-0.008995619859368448,0.17417692307692306,0.1947807692307692,0.6310423076923077,-0.07081349446989671,0
GOOGL,2026-02-06,1.0056382236689143,1.008919323282311,1.0137201571471746,0.996602027066612,0.9978431743137629,0.4225632272387519,1.1687015699968875,1.2751809910501914,1.493934633628903,0.30212443476141193,0.46045722829202995,0.17557969933652906,0.10769781398127479,0.04021529002453994,0.3704039897207846,0.39282960043133175,0.16811777104920256,0.4014855796724739,0.21887307618160357,0.8709463260771488,1.133213365022273,1.2996511905835824,1.4568851687996163,0.00146561578829979,0.17417692307692306,0.1947807692307692,0.6310423076923077,-0.06978215652665509,0
GOOGL,2026-02-09,0.9693094629156012,0.9934975256070895,0.9976427923844063,1.0051555451403127,1.0063862169125328,0.2358055267356114,1.157808688541666,1.2712797259529074,1.494134533700846,0.23906997675761268,0.420017825713864,0.0984490205776355,0.345730491782659,0.07545020081406861,0.40626937987301104,0.37588101886893355,0.12197175281899006,0.22281627778047788,0.2093765029682666,0.8735344547733841,1.1349859089337506,1.2980818565376848,1.4510419766453415,0.013311662719919043,0.17417692307692306,0.1947807692307692,0.6310423076923077,-0.08907458368388532,0
GOOGL,2026-02-10,0.9695419669844223,0.9587984808378411,0.9816258688425509,0.9715273302478176,0.9727991864214774,0.2305610406416993,1.1414661053930923,1.2638876216675294,1.4939219040567937,0.1567219265537823,0.3685356302194637,-0.005411897789964593,0.16922522958183214,-0.03587412228631792,0.2652643528361732,0.255347822211965,0.03707226288974644,0.21537813740225745,0.22723265046286412,0.8683946228962676,1.1408036594036532,1.2931781492130934,1.432420749755455,0.05146802936715353,0.17417692307692306,0.1947807692307692,0.6310423076923077,-0.07735305776156087,0
GOOGL,2026-02-11,0.9579167635433621,0.9552882955460928,0.9517074644907831,0.9268849961919268,0.9282115257347455,0.3001349888996731,1.1182653005047039,1.252062525583146,1.492271510453845,0.05017407241394636,0.3025972270111759,-0.1413770490579761,0.11910175799309766,-0.1583924430739232,0.07807649464441313,0.14213984745127606,-0.07180601070291684,0.2707418417270777,0.2535422020424861,0.8810847016785595,1.1506274690782814,1.2839430799218257,1.398824882883841,0.11949344487125094,0.17417692307692306,0.1947807692307692,0.6310423076923077,-0.05635731292870805,0
GOOGL,2026-02-12,0.9179260637061146,0.9275520773391646,0.9368389241462679,0.9154021911066845,0.9167427836158487,0.32640650624184214,1.0970998787456625,1.2399993407917367,1.491230396298687,-0.04394635959914924,0.22798093211281514,-0.22299533233670332,0.2602362399931085,-0.18667258509602447,0.029928436631834934,-0.0036035284591229566,-0.12021709952905116,0.2825379146541669,0.252611742391061,0.8684824525614889,1.1576288404042654,1.274032273853148,1.3673766486079963,0.17972951624067227,0.17417692307692306,0.1947807692307692,0.6310423076923077,-0.03619055764734558,0
GOOGL,2026-02-17,0.8478842129737272,0.8596501323512489,0.8706557872469026,0.8745093444255667,0.875900018314879,0.23142675457679307,1.053858259955824,1.2123893380309614,1.4862329677638328,-0.22289642064136364,0.062169351075879856,-0.3218738192099846,0.214049186719946,-0.2817482355426375,0.08183967123004049,-0.09948646192823683,-0.26138618358881316,0.1965896561319839,0.25997931577554056,0.8143763292300155,1.1753045855921276,1.2537084748211058,1.298570871655373,0.3174095103849569,0.17417692307692306,0.1947807692307692,0.6310423076923077,0.08657852491838192,1
GOOGL,2026-02-18,0.8598000465008135,0.8650592703418116,0.9008763977032338,0.8821840763958051,0.8835653510576112,0.11132568024364936,1.0380389961024599,1.2001342033391178,1.4836536450836677,-0.28241256722161134,-0.019760605548368834,-0.29178260646587406,0.3442801253694345,-0.2423186110322686,0.10779156298059842,-0.0693328602624877,-0.203926846832676,0.09671107766885148,0.21541348267701077,0.7558039053549965,1.1824801319507385,1.2468144826712473,1.273696933494303,0.3691354976892597,0.17417692307692306,0.1947807692307692,0.6310423076923077,0.05403948458517083,1
GOOGL,2026-02-19,0.8582306440362706,0.8655771665323975,0.8935630099728017,0.8793719608647257,0.8807566795182896,0.08178765465153898,1.0247456802405854,1.1886715969173305,1.4803183140317304,-0.3280048321151702,-0.09589633019773362,-0.23728604398287811,0.29763250049160384,-0.24932757519143267,0.09828247287352454,-0.036658688075137114,-0.1371697862103937,0.07435742391366687,0.14678391465373852,0.7148481335894352,1.185915622084085,1.2373874007437757,1.24797706143698,0.4159580803495877,0.17417692307692306,0.1947807692307692,0.6310423076923077,0.05348101623231849,1
GOOGL,2026-02-23,0.9583817716810046,0.9464265162849579,0.9529767301299489,0.9299900404241608,0.93131276722608,0.14413467652866563,1.0299818997105956,1.1819538608039273,1.4795252342154264,-0.2839100146665713,-0.1891437098943844,0.10240275979073465,0.22221205201182903,0.009756516276966498,0.2694460948008678,0.12537264131635156,0.08790372773734287,0.11695066076415603,0.3553615496591237,0.7639795105131422,1.179113172636997,1.2255712385158442,1.230187250464386,0.4324674353144037,0.17417692307692306,0.1947807692307692,0.6310423076923077,-0.02582295755170705,0
JPM,2025-05-09,0.0,0.0,0.0,0.0,0.0,0.03975849778138024,0.0,0.0,0.0008409256593666647,0.5863072874048201,0.42598441350070393,0.8265816307837175,0.5360413761610889,0.5240810536099371,0.8310884924297249,0.8338546739600544,0.6419332447738526,0.0,1.0,0.8616905066155425,0.0,0.0,0.0033909213823020146,0.7508499389171047,0.463,0.3503,0.1867,inf,1
JPM,2025-05-12,0.12976981306967383,0.12121666167216105,0.0995772663222163,0.10351997623644715,0.09895073629887952,0.2744178071515416,0.031882181803985166,0.02075590073727529,0.0,0.6494347714798988,0.4787850705689607,0.8857996946469344,1.0,0.6552875175164484,0.8141988264043714,0.8501490452269093,0.8374034039400713,0.23124431409342422,0.8412426749272146,0.9999999999999998,0.03978783218080251,0.016965704022822603,4.409925893922306e-05,0.8384988755202875,0.463,0.3503,0.1867,1.067433061699652,1
JPM,2025-05-13,0.10088058087440066,0.12226550794126512,0.1260372631908564,0.14748254864102117,0.14097312116713523,0.22168531969947314,0.06615028040549253,0.043568176541339376,0.0011246879802300214,0.7157241030097634,0.5380443597513276,0.9399843662697156,0.7438425881452879,0.7032225912048596,0.9200562960810434,0.8629145183787346,0.8762893930066409,0.19272656337279143,0.8175169417283086,0.9662901516165483,0.08225922361921789,0.03708973256296444,0.0,0.9215095316237675,0.463,0.3503,0.1867,0.45820395489458865,1
JPM,2025-05-14,0.13131469179669386,0.16676655678753338,0.15578518866447455,0.1865438883113022,0.17831003316116734,0.22449626419760782,0.1013501148717868,0.0678102112087644,0.005900075248249426,0.7812966930788284,0.6022865423088168,0.9817883328824719,0.7217285753441883,0.7437454863684415,0.9192726675006704,0.8961241400792704,0.9461855559890229,0.2009565655279732,0.7793946200167767,0.9362181449533742,0.12438169538681842,0.060215666487280384,0.005505020481117562,0.98782245618449,0.463,0.3503,0.1867,-0.06050842256568689,0
JPM,2025-05-15,0.19264637725938583,0.20991908900209744,0.1944574917801778,0.2140204960641614,0.20457402370382738,0.25419043759287546,0.1349864531687719,0.09231297150141993,0.010838524241299385,0.8397976033400413,0.6686994948382201,1.0,0.6730887127085576,0.7714969125918606,0.9015329350202559,0.9290136319450578,0.929989424807693,0.22983351899050147,0.6478776550938445,0.9151353922905485,0.15801475691531364,0.08716153168674401,0.024758214965296066,0.9999999999999999,0.463,0.3503,0.1867,-0.12560355870884055,0
JPM,2025-05-16,0.20083423451259064,0.19403655978423728,0.1936746516361354,0.215060151492648,0.20556756281975064,0.23955378204528688,0.1621026929291407,0.11468143934829245,0.01719630004158823,0.8789394263285489,0.7318789162520428,0.9728723019697942,0.5651536654488798,0.7725788795860594,0.9036702938598553,0.9228427635946763,0.775023642647913,0.2173415977009226,0.6596901370298007,0.8268122956040342,0.18627670271565888,0.11248548631740274,0.045634121280677675,0.9975104339707951,0.463,0.3503,0.1867,-0.4502745790255237,0
JPM,2025-05-19,0.17070909933570233,0.19193886724602915,0.1501487396273684,0.17525620080201953,0.16752077432694978,0.40644906527002733,0.1758623083153461,0.13144619497080967,0.02399259939623999,0.8821494070848327,0.7832465664365755,0.8737774883877891,0.398232286290635,0.6626904844606972,0.8218218407892356,0.8861433774872759,0.7046738923878378,0.3669007042031017,0.6305413290755044,0.7843652275141573,0.1894976117830569,0.13801578722149532,0.08768427964277947,0.8918257821016707,0.463,0.3503,0.1867,-0.3567787796219726,0
JPM,2025-05-20,0.12389927390699773,0.1670662271501353,0.15594175669328303,0.1871379771275805,0.17887879830723996,0.21375128596813914,0.18923833401633416,0.14775269036581484,0.033836209549057195,0.8828836449606186,0.824529190835078,0.7891691996869208,0.6096661932655983,0.6780539463213074,0.8141708583735523,0.8532433530319116,0.8160889574713541,0.18956943142837973,0.4958091592751541,0.7238161020065246,0.20098489031769562,0.15942031704167015,0.11563583459555948,0.840046048108044,0.463,0.3503,0.1867,-0.3944489611926353,0
JPM,2025-05-21,0.15217055461146378,0.1519328738387773,0.13136057617034647,0.1182236744393288,0.11300571500978451,0.16323222246469432,0.18620354149163987,0.15639541227146614,0.043234255040902614,0.8414751641851774,0.8469243015341542,0.630712469299948,0.27617909777656674,0.4970708727353491,0.5153742499359399,0.7070134346122684,0.6912413249770128,0.15581151981870006,0.5607648188533636,0.6536853380555743,0.20519437549590291,0.17376109444909105,0.1372611229131082,0.7915964009694679,0.463,0.3503,0.1867,0.5339254086976446,1
JPM,2025-05-22,0.07631700911478445,0.10173808810308671,0.10223892281196134,0.1127283528887566,0.10775291690125277,0.11387702507507974,0.18268041332709428,0.16375952279396788,0.05287567666894999,0.7990703963234369,0.853953619929449,0.5018012082938771,0.5380023986090372,0.48342064859440337,0.49839402605779337,0.5852124950897184,0.5722139299249858,0.11171448411048474,0.5262857239996765,0.5887879833176004,0.2104626438615802,0.18516403482576838,0.1528595345474062,0.7610892804480206,0.463,0.3503,0.1867,0.3715473120147459,1
JPM,2025-05-23,0.035686698594160404,0.09709319748276934,0.05730389854391715,0.11332244170503447,0.10832024213556224,0.1220708503496794,0.17998020736701692,0.17050740509970463,0.06328847156180073,0.7593973702400206,0.849391637053209,0.40455602665445634,0.5634033135370621,0.48446199032856285,0.5002279647112994,0.4669835189076863,0.5835430568926342,0.12413969761935689,0.5111050877222634,0.5538078037019727,0.21160742092625417,0.19737078773122851,0.173293388239681,0.7105844803631787,0.463,0.3503,0.1867,0.47969479043427854,1
JPM,2025-05-27,0.11648385601730338,0.14668864249325786,0.15108814780021929,0.1813456111688696,0.17334233758155326,0.16544564641331794,0.19137821082710094,0.1827433538122616,0.07296031878467124,0.755861977518884,0.8448343931954096,0.40459578463315526,0.8423787633892931,0.5972764579101321,0.7104187458695921,0.5404360847395622,0.5185426901887391,0.16835856876108346,0.5576687950911012,0.5753125183866745,0.2171654363698905,0.2130702759852552,0.19617821262385826,0.6624679550567976,0.463,0.3503,0.1867,-0.10565357522594576,0
JPM,2025-05-28,0.18136876255214007,0.16796523823793885,0.16533583842179356,0.15461161443635785,0.14778822353766152,0.06302542839625486,0.19516816370822054,0.1914690096214069,0.0817063177330839,0.7335397551271338,0.8354577117729858,0.3641631299731745,0.45089697776415927,0.5231397706682034,0.5592332697925945,0.5633477723224415,0.3994079614456228,0.06642830026975233,0.5908996746973556,0.5214886087280337,0.21672990097892297,0.22649346181731822,0.22005663683779986,0.6009769172236892,0.463,0.3503,0.1867,0.1123863713865394,1
JPM,2025-05-29,0.15912250888305257,0.148336829487564,0.15954282135587894,0.16768156839447457,0.16028089798657108,0.03942596460600012,0.20080505254825853,0.20057370521118045,0.09040895376883817,0.7165542123958364,0.8235955904971186,0.34331154098070343,0.6148094944310373,0.5454815293331133,0.5838802516748256,0.5948507126426109,0.35646136224752617,0.05601848771891327,0.5868161502459679,0.4825863738456768,0.2127838707481513,0.24054261277815936,0.24794943825245896,0.5232393887250089,0.463,0.3503,0.1867,0.16829121486259901,1
JPM,2025-05-30,0.13826664606828354,0.14713814803715897,0.1626741819320494,0.16218624684390281,0.15502809987803934,0.3457981315792208,0.20421926947549895,0.2083577918101569,0.0978460224473916,0.6947078256432,0.8084971706020413,0.31616062498843744,0.5382913458343299,0.5290251718298765,0.4233499000223599,0.4867423387203486,0.3027201222728023,0.38053374365353587,0.5849669774569188,0.42387481483565925,0.20790975237651343,0.25271379620361856,0.2733235555653897,0.4506096826553141,0.463,0.3503,0.1867,0.0201458226907556,1
JPM,2025-06-02,0.13162366754209787,0.14264309259814167,0.14967903554094208,0.17198871231249058,0.16439760571472206,0.08774719165341732,0.20890433791864726,0.21631344508623052,0.10549735829701357,0.6769121752586322,0.7918496759019024,0.30316466730755015,0.6012774305369886,0.547710812865344,0.4697002681838248,0.453024757184335,0.31707806824218376,0.1061497127583989,0.469072723201877,0.37090158400712814,0.21105938994154672,0.2613566748005107,0.28584743343112873,0.4254255525202967,0.463,0.3503,0.1867,-0.23402410398346407,0
JPM,2025-06-03,0.14259230650393961,0.16586754569973028,0.1650227023641766,0.19590078716768078,0.18725476502799943,0.13904043395579385,0.21741848347755033,0.22569071562147114,0.1128682234000018,0.6695125814609983,0.776631948553961,0.3151596955282407,0.6589438961404132,0.5932414954185931,0.5827732271810682,0.4526078585217197,0.42165903220280354,0.15771447153958867,0.4714031598333899,0.3431488776611158,0.21503538100996922,0.2711092778840012,0.29962864657859933,0.39880997836181653,0.463,0.3503,0.1867,-0.04093935991879771,0
JPM,2025-06-04,0.17642515062567599,0.17395864548996087,0.18537654610928422,0.16545373533343222,0.15815126849026706,0.08278517317704276,0.21816124585271668,0.2314845079421497,0.11785713365709061,0.6432996257778163,0.7577279945714077,0.2842341100180772,0.4360181002936348,0.4915083097175611,0.4388000227428482,0.45842628036851335,0.35181497297892395,0.09846285699215229,0.42540412373497594,0.2924115076866396,0.2041098202848617,0.2817581885740874,0.3273654843642917,0.30995775124592284,0.463,0.3503,0.1867,0.22620500027314083,1
JPM,2025-06-05,0.15819558164684056,0.1382978723404258,0.12478471896038856,0.13173919500965336,0.12592460334030742,0.20011222994669076,0.21203567004710955,0.23372752249058903,0.1213443991288492,0.601020137328876,0.7317502247785226,0.2248883569188275,0.42147817571463236,0.38673681678282057,0.29311917057422887,0.3919269175705709,0.4102052831183275,0.22600658827547165,0.46477164896104384,0.2414151686715751,0.18361979722720756,0.2906927657666052,0.3600483975959148,0.19144229162971788,0.463,0.3503,0.1867,0.7497169908407921,1
JPM,2025-06-06,0.1518615788660589,0.1669163919688339,0.18662909033975206,0.18788058814792796,0.17958867480600826,0.1774739948665191,0.2183250442387461,0.24080232841288618,0.12592644218893723,0.591336268328425,0.7084818249271342,0.2476186066049643,0.7924732855894493,0.5074026438182634,0.5864416056391499,0.3933084064913356,0.5137410603313932,0.20324547418567235,0.44932259450892076,0.28827049212677225,0.17415614633595622,0.2994139260791173,0.3831928990084328,0.11748361016042347,0.463,0.3503,0.1867,0.1912974455188332,1
JPM,2025-06-09,0.177661053607292,0.18564578963140477,0.17238139971817779,0.20288133075894832,0.1939258762223055,0.2058899938689196,0.22634608410731705,0.2485793371597227,0.13160964562911825,0.5868330997546526,0.6887109859645063,0.2769613814975229,0.6222299722604114,0.537043221389741,0.6835611864051871,0.485483965719165,0.5379085651634316,0.2245758527510664,0.44467754274266524,0.2727368435072919,0.15496871879503393,0.30913088753356144,0.4161638451327745,0.0017919818574014257,0.463,0.3503,0.1867,0.10981667520548588,1
JPM,2025-06-10,0.17580719913486798,0.20062930776146182,0.21152340692030736,0.2305064607158771,0.22033241802942305,0.16708233313589177,0.23826911099156556,0.2581272687229257,0.1392958435431768,0.5927216497560863,0.674406109191526,0.3228180522469742,0.6732319538586239,0.5904528405203108,0.7766166100839481,0.6675661482238785,0.46865519712715686,0.18894571125128734,0.23542821623612853,0.25841524083503953,0.16102687547075467,0.3152129078684811,0.4217838853396083,0.0,0.463,0.3503,0.1867,-0.23518148191716004,0
JPM,2025-06-11,0.21906380349142607,0.2114174408151035,0.2105839987474556,0.22382296153274828,0.2139435295405101,0.16167866903596556,0.2464753449659507,0.26620768924584315,0.14616787772746287,0.5896164836554857,0.6621650042660172,0.34013205897221965,0.533825682242932,0.566857453047941,0.7104179119939255,0.7142548679466572,0.5025179310990024,0.1862304760056116,0.2000800940698404,0.21856444148664056,0.16776521289123325,0.3188692051058144,0.42258890844830166,0.01096447979427334,0.463,0.3503,0.1867,0.14664728330001808,1
JPM,2025-06-12,0.19094701065966335,0.1914893617021285,0.20040707687490178,0.2251596613693745,0.2152221711853497,0.11927549334414067,0.2533069497991254,0.2736735106078454,0.153525318932076,0.5834908852304465,0.6507994674015902,0.34747763417063726,0.5663532554234955,0.5697000950625258,0.7166968317256648,0.7267335495809856,0.4827104291856553,0.14529325360347867,0.16627386658136256,0.16043328808932622,0.17302287926460158,0.32071874591681526,0.42145928093808704,0.02368857255936141,0.463,0.3503,0.1867,0.08443222340418455,1
JPM,2025-06-13,0.16344816931870865,0.1724602936769548,0.16236104587443156,0.17629585623050614,0.16851431344287215,0.14423106899024224,0.2490328829341144,0.2760776727875882,0.15934848583292194,0.5500942484852822,0.6331329664829981,0.2946157181875294,0.36147640446545065,0.3959668445445107,0.21254982818926954,0.5143094448536871,0.4109352681742077,0.17829624410217532,0.2076670144800279,0.11600351032449185,0.16906025140019798,0.31891191734143476,0.4215873715169929,0.015821534687697092,0.463,0.3503,0.1867,0.7590638377865688,1
JPM,2025-06-16,0.1931098408774914,0.24303266406952417,0.22718020980115883,0.2566463686321101,0.24531776692724305,0.220490278600451,0.26162840312328717,0.28547031809299694,0.171502838338768,0.5599930432339131,0.6215411286363728,0.3455790828688002,0.8875962836460275,0.5702205202808949,0.6448591806739782,0.48962042707299186,0.5275571357773867,0.2642233539175967,0.35604461454214853,0.22240394606404368,0.17798617022548457,0.32090366392339176,0.4176580259749092,0.04220454925868744,0.463,0.3503,0.1867,0.26852145330750465,1
JPM,2025-06-17,0.21118492198362437,0.2259514534012581,0.2420541725379679,0.2441705034902708,0.2333938576244048,0.12557803618376617,0.269218489556148,0.2928901768285308,0.18822040037564003,0.5575220996253161,0.6116332816955183,0.359706918706609,0.5106405758822467,0.5287536507550935,0.5750253679830593,0.43626781916042723,0.466893117801837,0.17302817292121736,0.32089577315099826,0.16688521760738584,0.18687034924452517,0.32420433850976327,0.416056517548431,0.06292767519482023,0.463,0.3503,0.1867,0.5322384615859193,1
JPM,2025-06-18,0.23945620268808865,0.33278393766856507,0.272115234069203,0.3101143620971327,0.29642743492678747,0.2735085367501117,0.2884340884399146,0.3055504156524633,0.20501698881637598,0.5843992930091296,0.6106073090325133,0.434221372020753,0.8249949592534422,0.6498162314514796,0.6598786937191606,0.6047291376229063,0.62719800528607,0.33938861135577947,0.3979158627645971,0.30503029962437256,0.21080650414150126,0.33009429808248747,0.4064808611276378,0.13114993149117837,0.463,0.3503,0.1867,0.3496174677579982,1
JPM,2025-06-20,0.32550594778309927,0.3264908600539407,0.336151557851887,0.3255606713203618,0.31119085022469806,0.5012573910694059,0.3068849806134115,0.3184450855145089,0.2214212788538683,0.6088417068440347,0.6160617436928209,0.4885887266852857,0.6221561760982522,0.6753002338244939,0.7165941276502793,0.6317440804953023,0.7114223815121785,0.5650210722419183,0.26360476875074323,0.3189469074600433,0.2331719787830262,0.34002467641693723,0.4052891842243169,0.17613350582622866,0.463,0.3503,0.1867,0.4133251279393666,1
JPM,2025-06-23,0.3176270662752976,0.34522025771651244,0.3095349929544384,0.374127432051091,0.3576150453500211,0.19599713190136236,0.3313258967979795,0.3345238426230783,0.23381834918107058,0.647575728838242,0.6303696541953625,0.5628649314227612,0.7519692200957179,0.7502646263501817,0.8595767725623603,0.7389044014126569,0.6943385173088394,0.22533510422460257,0.2855786377667302,0.337225672808964,0.2638599183293908,0.35254441188678687,0.40171668945892547,0.24210971927018698,0.463,0.3503,0.1867,0.41603887920308935,1
JPM,2025-06-24,0.3971883207168232,0.407551693137548,0.42539533427274145,0.41853557106787376,0.4000636440998897,0.25695981544408764,0.3597298554551749,0.3531241645147678,0.24909952546948633,0.6949963807864213,0.6539905036434374,0.6409958002648298,0.7336542324859286,0.8105744396794564,0.8485695757091448,0.8099642350413827,0.7414385164476144,0.2829053868455055,0.2999394180026822,0.3765079729447771,0.3005609339128186,0.3671626745276426,0.3968229174579334,0.32193381468152427,0.463,0.3503,0.1867,0.20759144684511432,1
JPM,2025-06-25,0.4171172562953811,0.4310758166017381,0.44731485830593387,0.4601217882073363,0.4398138482073817,0.13012958402178093,0.39074158876280407,0.37376360744631,0.26260565595493013,0.7472780203546874,0.6863096878511576,0.7139704494303605,0.7210173133322522,0.861234739518839,0.9116212395373885,0.8834102541475127,0.7617375083657043,0.1490781023953226,0.24450794973994583,0.3801368427341958,0.3447907705677111,0.3805146492506566,0.38345315564506866,0.4352740846460189,0.463,0.3503,0.1867,0.1888326867357466,1
JPM,2025-06-26,0.4665533755600184,0.507941264608931,0.5030530765617667,0.5297787019159359,0.5063968080036059,0.2400317984848957,0.4294346093313939,0.3987747152302461,0.27785294333998634,0.8167373401322553,0.7299976443387735,0.8093487248695999,0.8255818662701676,0.933952413414257,0.9106808598576863,0.9026557412778689,0.8869845790244704,0.256358057865308,0.25813895477690374,0.4399861803634899,0.3995641798870122,0.39848329717102837,0.36940822004379514,0.5684772208952803,0.463,0.3503,0.1867,0.046535830257671496,1
JPM,2025-06-27,0.4837015294299394,0.4973029667365898,0.5119774542038518,0.5054210604485365,0.4831134348087147,0.7038376406771206,0.45553406243065897,0.4193272326358364,0.2930861198894372,0.852092770317947,0.7740249709624187,0.8121958694436286,0.4688704271817239,0.8464773815005809,0.8523567886507635,0.9040819825392895,0.8448847154677954,0.6711226675643861,0.29468219422911934,0.36841098194423405,0.43776176828188396,0.4146593298782122,0.36599967625342256,0.6452008513872403,0.463,0.3503,0.1867,0.14369806506992266,1
JPM,2025-06-30,0.5546114630001537,0.5564878633503145,0.5727258493815568,0.547007277587999,0.5228650788279694,0.4347247768390643,0.4847024915370479,0.4417415338795396,0.3101028144676996,0.893132077964836,0.8197830415738515,0.8267159401001518,0.7177768448467119,0.8918028168328099,0.8616704839540724,0.8852708330870971,1.0,0.4032096923412406,0.2926732304237625,0.43464954637501996,0.47919607651111873,0.43309038103859576,0.36385157276835134,0.7239606316141077,0.463,0.3503,0.1867,0.20407134772515012,1
JPM,2025-07-01,0.5621813687625523,0.5337129157926279,0.5362454986691714,0.5544333877914744,0.5299624039038884,0.2606176803732685,0.5095171429470682,0.46278416654701227,0.32659740812858606,0.9211620524924824,0.8635857617326695,0.8103115342893736,0.5887708774783866,0.8997012823724103,0.8775251133620069,0.8727845814729663,0.8696757027756385,0.22686521799768078,0.29409658041214803,0.39411722393209536,0.5157222674644095,0.4514075810033584,0.3655833706862106,0.7840231091475415,0.463,0.3503,0.1867,0.07946974883983793,1
JPM,2025-07-02,0.5799474741232813,0.5590350614324242,0.5849381556286208,0.5780484182385259,0.5525359006000112,0.19932765948602843,0.5340758065936893,0.4840320728863383,0.3443788642008103,0.946734620449056,0.905193300291452,0.7918950659027566,0.6491710074801337,0.925035411142522,0.9233779019886451,0.8995306989572476,0.9297923075730801,0.1663731297392254,0.29360193192656836,0.3850154840820139,0.5524434707027237,0.4697105676059299,0.3671281842312881,0.8443131646335292,0.463,0.3503,0.1867,-0.20189248141266347,0
JPM,2025-07-03,0.5816468407230029,0.612676056338028,0.6085799279787065,0.6374572998663299,0.6295668601428099,0.11530587856304103,0.5697849499188337,0.510576743298016,0.3618290161713613,0.9984326456063589,0.9517520017884757,0.833432830125831,0.8584812663735812,1.0,0.9907034527601586,0.9481237268729672,0.9444015103284904,0.08640902482003282,0.2950274802826309,0.4245313056747497,0.5994290153501205,0.4933315882883922,0.3694586383313312,0.9197876895498466,0.463,0.3503,0.1867,-0.2909342079382282,0
JPM,2025-07-07,0.629538081260621,0.6072819898112076,0.5908877407233439,0.5776028516263181,0.5720783830366871,0.23398385135767058,0.5863649787426732,0.5293136874394251,0.37664356172374314,1.0,0.9894013570542497,0.7586879009543321,0.339379488681478,0.7894756984589134,0.8479506754901907,0.9369861742118593,0.8219796978296838,0.1958439674605842,0.3554689388302672,0.40056863228193174,0.6219098623158668,0.5156868260963394,0.38993850699606947,0.909146427405998,0.463,0.3503,0.1867,-0.09425599230809922,0
JPM,2025-07-08,0.5371543333848288,0.5122864848666469,0.43792077657742245,0.4411109460864391,0.4409830565582942,0.5776984547599007,0.5722934864184506,0.5340456165915053,0.3877911504738871,0.9239648922572736,0.9999999999999999,0.5317460441762363,0.04406046635685679,0.42675143316546327,0.5336399072025287,0.7902132259049839,0.524737408772641,0.48546296099346087,0.7227906077105954,0.4600789010259241,0.6244836165985155,0.5287844032808482,0.4107453308870901,0.863938185613447,0.463,0.3503,0.1867,0.13198065676866189,1
JPM,2025-07-09,0.5048663679901133,0.4748276895415042,0.4718960388288713,0.4467547898410813,0.44640432434300426,0.3611829867714146,0.5621667153812053,0.5388560885294589,0.39935410726925546,0.8590462280522372,0.9918120485254684,0.37413597573009505,0.5826310528450535,0.43599300262889684,0.5078479872138364,0.6083728068736927,0.4629922392375355,0.2837867157913838,0.7237189591094146,0.4596024816165458,0.6259931119847004,0.5414352335684693,0.43165404133323415,0.8169688519745285,0.463,0.3503,0.1867,0.17703259768661694,1
JPM,2025-07-10,0.44029043720067973,0.49145939466586785,0.480037576326914,0.5214614584880439,0.5181565673655513,0.21243154492834948,0.5690268124025666,0.5499622952476355,0.4124364547284034,0.8380985720834301,0.9798836997395959,0.3427559255162165,0.8454877585286518,0.5511310279822718,0.6490341003438588,0.5334620396610796,0.5138395917745343,0.1511946433249155,0.7722146218450372,0.47664461990069973,0.6354264099675997,0.5563581816333487,0.4499575004167786,0.7899352374587484,0.463,0.3503,0.1867,-0.045148991393706206,0
JPM,2025-07-11,0.47922138112158175,0.4775247228049144,0.49021449819946694,0.5017080053467988,0.49918428998670983,0.1591119285885006,0.5705588605098546,0.5582785359144959,0.424746598873595,0.804622588402403,0.9617465781817869,0.29066744797422045,0.48616976382092847,0.5034072972539146,0.5967938626487592,0.5572454335361654,0.37610331754242227,0.10459482857303609,0.7824712031500562,0.39580278866447727,0.6380836496880513,0.5706506191795118,0.4727882429159975,0.7409889256179908,0.463,0.3503,0.1867,-0.029719306443750204,0
JPM,2025-07-14,0.5031670013903908,0.5062930776146244,0.5154219508376392,0.529036090895588,0.5254324414999854,0.24719165341729799,0.577257667023475,0.5683018153664174,0.43757850046754676,0.785247274204795,0.9422625678297181,0.27936772912664276,0.6642595693489679,0.5453884219397084,0.48863790266777013,0.5500110330318014,0.45504038224139,0.1764962292585976,0.7812440542738177,0.3536258325269228,0.6400050559223147,0.5861941933437169,0.49842246922593514,0.6846355525593915,0.463,0.3503,0.1867,0.03257825302954709,1
JPM,2025-07-15,0.5175343735516758,0.5459994006592748,0.5188664474714266,0.49710381702064455,0.49476232096497164,0.4262503766977377,0.5762214914876544,0.5745358804562444,0.4491601476800562,0.7475173735988464,0.9169887894542115,0.23079449046258155,0.44011863248359173,0.46502842368545594,0.3317020447779382,0.43050571917793506,0.343151127546178,0.31602128974050936,0.7464388579144703,0.34688476713750904,0.6242344087913216,0.6025413635895651,0.5401692096512982,0.5615040092849765,0.463,0.3503,0.1867,0.1360860986129453,1
JPM,2025-07-16,0.5237138884597559,0.5277195085406055,0.4801941443557225,0.48626169612356973,0.4843488791006889,0.2939489353742557,0.5732211784561674,0.5792260411058217,0.4589488314768375,0.7063795888081308,0.8862082749533691,0.1845957469217061,0.5197019307072279,0.4378007597835408,0.28841564697131217,0.31437236673578617,0.3156153732099151,0.20166171808963768,0.6833497799789523,0.37042160678639013,0.6142765508509833,0.6145183939304761,0.5694285130881305,0.477675087753727,0.463,0.3503,0.1867,0.1516764078079751,1
JPM,2025-07-17,0.44708790359956785,0.5212765957446814,0.4869265695944889,0.5468587553839295,0.5425501125291046,0.2175546341615488,0.5829568351944676,0.5889512811936926,0.4698803212232976,0.6987508899525579,0.8596253125745958,0.21981109582769692,0.7899917698075831,0.541079422167812,0.5303454311726103,0.3300791672200651,0.37188136161948115,0.1346267631919954,0.7026116681187196,0.3784540975446611,0.6007945502461776,0.6300091549925302,0.6077726892401176,0.3678182354272912,0.463,0.3503,0.1867,0.040228878379166444,1
JPM,2025-07-18,0.5410165302023784,0.5542403356308059,0.5619226553937691,0.567206297341452,0.5620925949657805,0.4101900634930532,0.5948202871566783,0.5996262260530218,0.48213436549468547,0.6973428699400068,0.8379974552484438,0.2613819324056313,0.6371179529415678,0.5732466032994145,0.6115792518351522,0.4354792139007191,0.2836537054878247,0.28739165692369695,0.6590592389418795,0.3420048633813282,0.5950327241968769,0.643320726249418,0.6358824962362042,0.294927472152937,0.463,0.3503,0.1867,0.13932822018311053,1
JPM,2025-07-21,0.5638807353622739,0.5794126460893017,0.5987161421637697,0.5627506312193673,0.5578131772085007,0.18578732425102096,0.6034187202729617,0.6089291515572586,0.49426384514832034,0.6884266201693565,0.8184060597691398,0.27846682197577854,0.5442720436435757,0.5603813144472672,0.5937906491967011,0.5504815745005269,0.3652750006624716,0.11419131838891172,0.6638173078020637,0.3158537683748832,0.5839501016400459,0.6556781263642932,0.6667430226552575,0.2072203739719649,0.463,0.3503,0.1867,0.14269968042871084,1
JPM,2025-07-22,0.571605128997374,0.5711717111177705,0.5767966181305781,0.5695826526065644,0.564376295020641,0.12444534505512778,0.6116659839567644,0.6180022230653566,0.5053723929658775,0.6793724245896693,0.8004084183083033,0.2918376157618951,0.5864600437426051,0.5723575592676403,0.6210720929470573,0.5846486811640279,0.5864086847056819,0.0645701995836751,0.6418714925274323,0.28554458471569233,0.5769080394957675,0.6660382244206193,0.6907461290931489,0.1421027726013352,0.463,0.3503,0.1867,0.18173398783524575,1
JPM,2025-07-23,0.5923065039394406,0.6215163320347621,0.6295600438390481,0.6487449873756117,0.6404079558004687,0.1434620860221758,0.6341176372084503,0.6333850901242717,0.5181023416259065,0.7064680000502253,0.7929666762595342,0.38039629710811856,0.8538269976032193,0.6977434774904397,0.9081396862796401,0.6963315293771525,0.6997883344621607,0.0841830124938136,0.6892290268003283,0.32662810750456184,0.5898858555944542,0.6780810546920799,0.7010578235790867,0.1419437075708434,0.463,0.3503,0.1867,0.03385909096019102,1
JPM,2025-07-25,0.6519388228024101,0.6501348516631698,0.6829497416627519,0.6763701173325409,0.6669426497544233,0.08293065644127151,0.6714813268391397,0.6623170817837498,0.539260981478741,0.7409206063850504,0.7939670829358725,0.4710562795878519,0.6733481180598415,0.7330027219104519,0.8936129530611764,0.8733020972775395,0.6540643555809447,0.03616730542869895,0.628832574793682,0.26549400851627314,0.6255947408218705,0.6960264706194295,0.7028175833971457,0.19956590953202064,0.463,0.3503,0.1867,0.021600533698342916,1
JPM,2025-07-28,0.6667696585818015,0.6580761162721007,0.6964145921402847,0.671320362394177,0.6620915870275468,0.07887271253546152,0.6864913025577692,0.6757060628584495,0.5488775302545763,0.7483530966945696,0.7985669605550817,0.4814194233658256,0.5425110832556936,0.7149209027826869,0.8508987938558275,0.851745526819557,0.6032723769954,0.05020168193728369,0.6148747353224695,0.1963780972701008,0.6423887692748429,0.7049944528205483,0.7045705427296394,0.22446869631629307,0.463,0.3503,0.1867,-0.043952554728651894,0
JPM,2025-07-29,0.7029198207940675,0.6859454599940067,0.6867073743541572,0.652903609089559,0.644403710940594,0.1721534640604379,0.69481107225696,0.6862180779341425,0.5576204093630688,0.7388034730911113,0.7997951440686563,0.4531326074118493,0.4936037445045044,0.6475863561699021,0.7115434344665875,0.8217571618472826,0.6255385941709929,0.14736728480105787,0.6072767664435632,0.1845668064013284,0.6542468411692917,0.7110843374015534,0.7053837862447976,0.24291613187408168,0.463,0.3503,0.1867,-0.16979196925345774,0
JPM,2025-07-30,0.6630619496369534,0.675756667665568,0.7051824017535622,0.6913708599435613,0.6813489669353059,0.19428770354667413,0.7091705769327108,0.6992413053779081,0.5670779321701005,0.7444912295740789,0.8022379346374954,0.4633225490709265,0.7012264814998072,0.71257917140105,0.8465161692510592,0.8040208007327448,0.7016603203047702,0.17142787781414437,0.6213156149413979,0.18667145593532175,0.672140060420976,0.7186697995706703,0.703801084874585,0.276796256687348,0.463,0.3503,0.1867,-0.11242888661589034,0
JPM,2025-07-31,0.6896338637416961,0.6813005693736889,0.675747612337561,0.641021832763998,0.6329909703133385,0.5417848718188526,0.7105747490508811,0.7065428100135587,0.5763304900810553,0.7176564994038339,0.7973027639780861,0.4014251690475513,0.3770377577965428,0.5382706972092463,0.6695846108300201,0.7357389868768632,0.5297211045335564,0.4788326654562064,0.6618450623541283,0.16825695406843866,0.679254904402153,0.722701127552515,0.7049502023803655,0.28634274682889327,0.463,0.3503,0.1867,-0.10975104867107488,0
JPM,2025-08-01,0.5546114630001537,0.5437518729397661,0.49945201189917077,0.5389870785682453,0.5349891358657546,0.39928401450675977,0.6912631046213651,0.7039842953079947,0.5834092065044936,0.6398100311413835,0.7733687473058303,0.24203441660496472,0.18171753658274592,0.26262875526864204,0.31101687626313695,0.5849031314838392,0.34513379999282323,0.329820525011696,0.7167697344169621,0.24085447371813218,0.6722841875806922,0.7179621617210783,0.7024415649287694,0.28001609921235215,0.463,0.3503,0.1867,0.052796042449998026,1
JPM,2025-08-04,0.5524486327823266,0.5815103386275098,0.5937059652418974,0.6116144363582348,0.6047456611858824,0.12091218006671445,0.6903591632127153,0.7082041501187306,0.5931839511999795,0.6101935074791884,0.7466179482765004,0.21840303083251003,0.8317514896938661,0.40832282620904026,0.5662410707517971,0.47935324131644097,0.46105165562890044,0.08304659948026999,0.7469829021481285,0.27013421491552436,0.675057273472873,0.7195990071425387,0.7030043590386397,0.28348706167536375,0.463,0.3503,0.1867,-0.1726692191205459,0
JPM,2025-08-05,0.6208867603893098,0.6035361102786938,0.5464224205417252,0.5686915193821469,0.5635195475221284,0.14859556691710574,0.6810396924708071,0.7081718267224946,0.6022436228611565,0.560940951322614,0.7125724748539032,0.15720438542107806,0.40141701981393973,0.3092858784675018,0.39937225963338047,0.37759292031969405,0.38620209403911193,0.1241750411737817,0.47314694009290137,0.31893804671007575,0.6690191958100082,0.7257388910128775,0.71877950436981,0.23879172884635652,0.463,0.3503,0.1867,-0.06607010989965822,0
JPM,2025-08-06,0.5839641588135334,0.5660773149535512,0.5921402849538127,0.5683944749740086,0.5632344449932107,0.10432189211376791,0.6735246673463955,0.708115688511024,0.6112863500706545,0.5181729316834303,0.6743560666602254,0.12221234268848769,0.55981731096848,0.30860362537897246,0.36627658532143637,0.3984033892233425,0.2690243473407837,0.09103530383970765,0.47387245895418384,0.2708572857829712,0.6614462633340161,0.7315928482113208,0.735329415167131,0.18993619194258138,0.463,0.3503,0.1867,-0.04533450591703103,0
JPM,2025-08-07,0.5938513826664606,0.5686245130356609,0.5334272741506187,0.5028961829793546,0.5003247001023778,0.1940486953268697,0.6543949385884575,0.7021613611953259,0.6177860642761441,0.4483799924415838,0.6258646793316128,0.036010441028683504,0.3144281616932231,0.16543578221453858,0.11949841816959426,0.23016283497635928,0.17686255286686808,0.17986178148489268,0.4620656493587916,0.2838537892172728,0.662636385723022,0.7306993544175455,0.7327749149457157,0.19750428092557165,0.463,0.3503,0.1867,0.16850711862065326,1
JPM,2025-08-08,0.532674185076472,0.535211267605634,0.5068107092531702,0.5299272241200055,0.5262877490867357,0.12011202211345617,0.6445048750790123,0.699184643720939,0.6253098301576321,0.40446258707592386,0.5757964529541705,0.02278155532142051,0.6631123321073544,0.22689582018403265,0.22134454158261385,0.16311868375626634,0.17287970076857997,0.10871200030673334,0.467513363713703,0.2937909324234045,0.6609683558142483,0.732057415922732,0.7365405142631576,0.1864961408529025,0.463,0.3503,0.1867,0.04797537619699077,1
JPM,2025-08-11,0.5391626757299552,0.5365597842373386,0.5705338969782363,0.5418090004455665,0.5377004897139903,0.06171088318733048,0.6389725669774879,0.6975494798643163,0.6328121292506745,0.3737458607237074,0.5278558260878267,0.04063104400832096,0.6056410110546554,0.2539291903525761,0.26611368218333475,0.12539794623201495,0.19748446696981878,0.057135595699930875,0.4576084193734926,0.26218290891042373,0.6605754471696978,0.7326721258002324,0.7379440049079391,0.18278436930490782,0.463,0.3503,0.1867,0.12203756567566293,1
JPM,2025-08-12,0.571605128997374,0.5879532514234347,0.5949585094723653,0.5906728055844348,0.584632973691372,0.2207448743128514,0.644332909464274,0.7004669937788823,0.6413517608061658,0.37220772428693405,0.4891084317864105,0.11775763658729715,0.7435178117188527,0.36021104316629715,0.45021731185024394,0.24994466155274092,0.29583683736022215,0.22836679108946678,0.4728533076670962,0.29570062242630724,0.6583590373999946,0.737175236398155,0.7476752816462184,0.15794299286633284,0.463,0.3503,0.1867,-0.05758583321018573,0
JPM,2025-08-13,0.6094546578093616,0.5849565477974235,0.5451698763112574,0.5562156542403085,0.5515366018370393,0.2129251488605543,0.6417200497042517,0.700013598681847,0.6490472609952178,0.3518970896865416,0.4528960741509537,0.13902531786560196,0.43237848362472253,0.27690389688805894,0.32038906346422646,0.2872442235268997,0.19009491159085956,0.22466823864917806,0.49362084763994685,0.3150272227146498,0.6529931409970682,0.7405417830641223,0.7580330643570083,0.12643720194283709,0.463,0.3503,0.1867,0.025864477136555042,1
JPM,2025-08-14,0.5573922447087898,0.5797123164519027,0.5839987474557691,0.6101292143175407,0.6033201485412976,0.10391661730627344,0.650427476624599,0.7044606593841372,0.6573177562683732,0.36128558205148786,0.4263365386639282,0.220007635654408,0.7616058406314349,0.38923863798739367,0.5235221196620227,0.38418266882409635,0.341895594429135,0.11573869622445426,0.4800325713251119,0.3087548373350224,0.6541517036119662,0.7435867614291487,0.7624047074451097,0.1189913667087606,0.463,0.3503,0.1867,-0.08275695826710538,0
JPM,2025-08-15,0.6232040784798385,0.599190890020977,0.5868169719743226,0.5556215654240311,0.5509663967792058,0.15681537134603196,0.6464768063707416,0.7035906971659309,0.6651260858974934,0.3396377276018866,0.39953115750687807,0.21794511426213709,0.3580222939588398,0.262049378530152,0.3181523009512453,0.334447792375976,0.4127052427062804,0.18441766546509863,0.5245264577922941,0.2863875179984088,0.6543443306708778,0.7430292657456459,0.7612679150129846,0.12176825007230158,0.463,0.3503,0.1867,0.04530902495563627,1
JPM,2025-08-19,0.5612544415263403,0.5539406652682048,0.5822764991388758,0.5581464428932121,0.5533912081867616,0.08880194531907598,0.6437681942202209,0.7035739451680034,0.6813003092076206,0.3126210892347083,0.35178758924819675,0.2453432007386609,0.5126244054138914,0.2644804931648256,0.33154986406911774,0.28502871880711966,0.3716997759460185,0.11750493605814044,0.5299721264354884,0.1635880048545164,0.6544263366583096,0.7428791235795567,0.7609367181000897,0.1226215274652519,0.463,0.3503,0.1867,0.1438399471278069,1
JPM,2025-08-20,0.5609454657809363,0.5666766556787532,0.5468921246281506,0.5816129511361949,0.5759301470005918,0.15856636634764265,0.6463547298409411,0.7051271290031385,0.6888937419732102,0.3104045127374333,0.33238682090503513,0.2800660876703986,0.6485397561327368,0.31863389167606526,0.5580977987768202,0.37539072769503307,0.40740107083925103,0.19436722810300394,0.43370075993547097,0.16064785069255305,0.6484305226429492,0.7396483614193947,0.760260055945877,0.11385503432597843,0.463,0.3503,0.1867,0.06588645318719166,1
JPM,2025-08-21,0.5784025953962613,0.5582858855259216,0.5813370909660249,0.5701767414228427,0.5649465000784746,0.11958724319605946,0.6461336886729176,0.7055084364459403,0.695743937278051,0.3017751392405098,0.3146507476710736,0.2940320414900937,0.5182893686741362,0.28873940078322213,0.46962067914393835,0.4087139373334957,0.49017977227805876,0.1520047858073269,0.4347645201134329,0.09212725553044909,0.642168290136603,0.7360173163483905,0.7591035602433083,0.10565406654151938,0.463,0.3503,0.1867,0.17927707035590967,1
JPM,2025-08-22,0.5978680673567127,0.6240635301168718,0.5916705808673872,0.641021832763998,0.6329909703133385,0.2198044289262296,0.6601452384430466,0.7122402018935872,0.7040737095097009,0.3293497493734358,0.307541244968057,0.3831836179419596,0.8232701450388913,0.44476779589437465,0.7964519250497866,0.5837932138652132,0.5559489004489819,0.25515280985254735,0.5057066365900782,0.15013466231890082,0.6353689654425572,0.7343161139773127,0.7617744083500271,0.08827048488437622,0.463,0.3503,0.1867,0.06850938571987553,1
JPM,2025-08-25,0.6448323806581189,0.6269103985615825,0.6544543604196025,0.6211198574186834,0.6138761416700387,0.07969884964304641,0.6673687244839073,0.7165663011161567,0.7119981029083489,0.339613303203845,0.3044886519626675,0.4172190477180202,0.4876581285154981,0.38980871090494296,0.685108075428862,0.6316245082703749,0.5074358239300866,0.10170215092959334,0.5105612076140595,0.09588304010227122,0.6264010107809637,0.7319002031500705,0.7649955873423324,0.06596980573560207,0.463,0.3503,0.1867,0.14337518676890393,1
JPM,2025-08-26,0.6126989031361041,0.6477374887623615,0.6444340065758571,0.675627506312193,0.6662284535203682,0.12429986179089897,0.6840638248616262,0.7254117281483468,0.7218916018775143,0.373391929857126,0.31071871900310327,0.4950958918364666,0.7608084478296314,0.49853098290174913,0.8784761017469692,0.7855969631233652,0.5145233867039958,0.15284419091073825,0.552659468707156,0.11028390815746625,0.6314223335048177,0.7329937662502202,0.7627379786729414,0.07943727765952763,0.463,0.3503,0.1867,0.061023975171121014,1
JPM,2025-08-28,0.7032287965394715,0.6851962840875041,0.7258493815562859,0.71275805732957,0.7018907481349546,0.10849414429861481,0.7172304791905111,0.7449737722641454,0.7397724634914322,0.4376689898694627,0.34232130770622055,0.6018692878052054,0.6572970803288897,0.5680456209550507,0.877601210663225,0.8637753160926654,0.5402574762708733,0.1621551233823702,0.5000167556112622,0.0633287967248457,0.6465273732130279,0.7361959573879071,0.755793493248436,0.12023794756715961,0.463,0.3503,0.1867,-0.031703504330665044,0
JPM,2025-08-29,0.7344353468252742,0.7108181000899005,0.7419758885235637,0.7179563344720035,0.7068843621262895,0.12854485560786028,0.7324306491801291,0.755051750350002,0.7479314745765953,0.46462040515015085,0.36440634766471613,0.628111131901975,0.5797059874040564,0.577819098445738,0.8164733117219918,0.840425444083876,0.6321577663799569,0.20174230767498907,0.2952008084112383,0.034704846518907706,0.6666950188514718,0.7448090384285306,0.754120724712771,0.15819745418739345,0.463,0.3503,0.1867,0.04843335601174781,1
JPM,2025-09-02,0.7069365054843195,0.6735091399460593,0.6600908094567086,0.6924105153720475,0.6823482656982787,0.15065311593976993,0.7394746085744481,0.761911142898517,0.7553092949190399,0.47003267462106635,0.38346389634782674,0.6027120043933517,0.4684395425920982,0.49152341800270116,0.7125443632087824,0.8031397548110731,0.569736500309492,0.2269455884200552,0.2279024777099301,0.038586920208648845,0.6777349799356096,0.7486974391489536,0.7517571002225365,0.18203720725298755,0.463,0.3503,0.1867,-0.11121967071971561,0
JPM,2025-09-03,0.7117256295380812,0.6751573269403659,0.6895255988727098,0.6895885934947272,0.6796383517618043,0.10363084660868122,0.7445447148013917,0.7678926627834435,0.7617104336319889,0.46986722898990146,0.3986674596800872,0.5703790077176933,0.5506786255489964,0.48191600642247046,0.6984012545298136,0.7356541458891163,0.5854921088531653,0.17204344885735756,0.18179046814630317,0.0,0.6884029852638922,0.7545157547183488,0.7530836935153791,0.197234010856013,0.463,0.3503,0.1867,-0.13852966101694952,0
JPM,2025-09-04,0.7029198207940675,0.7329937069223851,0.719273524346328,0.7536016634486855,0.7411211440962893,0.11864160197857238,0.7614209655418227,0.7790997990646633,0.768489931646883,0.49874253935916796,0.41824360095577096,0.6070627351422354,0.7918335100400659,0.6148202137237161,0.8879639303701581,0.7625770762055003,0.6451540761112186,0.18964717082668442,0.24159535094499174,0.04801635901216894,0.710996115514329,0.7634290479421031,0.7499209435970342,0.2421706417648093,0.463,0.3503,0.1867,-0.1149118222495088,0
JPM,2025-09-05,0.7593078943302944,0.7437818399760259,0.6571160169093475,0.6133967028070688,0.6064577162711471,0.286565659714645,0.7468424433794967,0.7766516266682131,0.7718024574606961,0.44795788336310505,0.4208663367720974,0.4648321990978839,0.05080687642656245,0.22845397136589118,0.3532250068117117,0.6272596013181233,0.45244884365037974,0.3876144363634988,0.5163852669963511,0.16727275741615588,0.7063862823388853,0.7687470098729472,0.7630690631682113,0.20605863638006383,0.463,0.3503,0.1867,0.14489632624763504,1
JPM,2025-09-08,0.623976517843349,0.6135750674258311,0.6121809926413024,0.5915639388088523,0.5854882812781232,0.2008760170838919,0.7308071561785354,0.7724582962452824,0.7733746278016662,0.39451196656739373,0.40924311055373463,0.3453157502334504,0.4800224141897393,0.18192458358417019,0.27478594184366,0.46772866201361235,0.31446262800620106,0.2781176827422389,0.5187002216264387,0.13927880153678518,0.7032926716770258,0.7717133457771199,0.7708371057662347,0.18414229758218187,0.463,0.3503,0.1867,0.3082112273556741,1
JPM,2025-09-09,0.5885987949945934,0.6516332034761758,0.6258024111476437,0.6649339076191887,0.6559575629205439,0.18319460464922943,0.7326729218799422,0.7752588382138232,0.7768104016035409,0.3871790552218941,0.3980619176823944,0.34902418745847974,0.8312166253178634,0.3394284608689563,0.5383860132256869,0.33607975364780573,0.45257510470899864,0.2489259792104459,0.5900218068961145,0.20377250628293475,0.704229612353672,0.7776388026807988,0.7804393347670993,0.16512182524933955,0.463,0.3503,0.1867,0.19702823375494494,1
JPM,2025-09-10,0.6519388228024101,0.6896913395265214,0.6741819320494753,0.7048863805138867,0.6943312113833668,0.18003034365225346,0.742167066502101,0.7814056723245941,0.7802187837833578,0.3993540699449055,0.3922427106471512,0.3940085489520199,0.7062320347345589,0.4143755101314076,0.6259513565089119,0.438786831124297,0.43043844625739325,0.24783436023361977,0.5783320010170818,0.2075469366606264,0.7123461564349065,0.7831354056511612,0.7833229472323024,0.17261303461270472,0.463,0.3503,0.1867,0.17175718160778386,1
JPM,2025-09-11,0.7220763170091149,0.7524722804914594,0.7585720995772669,0.7794445269567798,0.7659423430532177,0.18809427315522026,0.7646944720306497,0.7937135122101382,0.7849095632825174,0.4439726606249512,0.3990424800489967,0.49987540781296314,0.828644405725714,0.5372788620376164,0.8948343642538785,0.6722932797324649,0.523962480052655,0.2590408684540234,0.6119493833632876,0.24740337331698048,0.7321505665362458,0.7938785429961781,0.7856837817662128,0.20080469274640733,0.463,0.3503,0.1867,0.06760387038314697,1
JPM,2025-09-12,0.7801637571450644,0.7797422834881633,0.804133395960545,0.799495024506164,0.7851997229609768,0.13115835853311303,0.7867318744941736,0.8067095217615505,0.7895344254299586,0.4862542016807799,0.41533742915247784,0.5795351848435237,0.6321694139524303,0.567425388001738,0.8718746704175507,0.797883071073728,0.5136502911879159,0.18980480384527892,0.5840972818528893,0.20924733021736208,0.7557750990679781,0.8029919055263068,0.7820142929929426,0.24812118609940914,0.463,0.3503,0.1867,0.08792964015029958,1
JPM,2025-09-15,0.8136876255213967,0.8157027270002999,0.8584625019571006,0.8290509431159951,0.8135875833528923,0.14546248090532155,0.8102811287195246,0.8211879214742788,0.7931923661810503,0.5309748074901952,0.4398547142764472,0.648516444245028,0.6653786031432823,0.6112484359905385,0.8766810239201114,0.8923063323576059,0.5488755901768324,0.20741984251042883,0.5208614266783322,0.1991460427922227,0.7794226310018408,0.8161509536985658,0.7854134310173428,0.2801424346799939,0.463,0.3503,0.1867,0.07592040012317991,1
JPM,2025-09-16,0.8574076934960604,0.8299370692238535,0.8578362298418667,0.8333580870340112,0.8177230099339514,0.3223077802371377,0.8299828360427428,0.8347381610831239,0.7980752591256035,0.5644746283802299,0.46806910474051855,0.6795332966170047,0.5760859666909434,0.617715335535849,0.8538489088300295,0.8768714601851877,0.593401216794931,0.39443156151332937,0.5220532962659123,0.16541665751703083,0.8004191051705685,0.8287738623051322,0.7900767072066173,0.3048945408705328,0.463,0.3503,0.1867,0.09751751194756797,1
JPM,2025-09-19,0.9130233276687778,0.9033563080611327,0.8889932675747612,0.9163819991088658,0.8974653233249867,0.9999999999999999,0.8995554734303024,0.8836669737673462,0.8223564580257019,0.6812213215049171,0.5762918257877582,0.7668718222059585,0.6406982376559158,0.7381114485468249,0.9247405073600351,0.939056777215243,0.8380635794341109,1.0,0.5058489467607279,0.15017282557518308,0.8746121290383466,0.8755130248148699,0.8102950616967757,0.3832567865265546,0.463,0.3503,0.1867,-0.021616357387875818,0
JPM,2025-09-23,0.8855244863278231,0.9109979023074617,0.9118521997808045,0.8860834694786868,0.8683647066107785,0.2214463114796687,0.9211732364009251,0.9073992489481557,0.8364266784667214,0.6888557091706864,0.6351244487594245,0.6640321857236064,0.5764359118036917,0.63098673797763,0.8299336919595208,0.8713589417332241,0.7125477443006016,0.21256796143133633,0.4737952911214267,0.12096502613100069,0.9057987239381755,0.8998439199673722,0.8270003917401656,0.3983338673938933,0.463,0.3503,0.1867,0.054539454920506936,1
JPM,2025-09-24,0.9199752819403675,0.9150434522025765,0.9289181149209331,0.8961829793554137,0.8780653921527684,0.15525662208643787,0.9312788938232002,0.9187744728583689,0.8440459286232134,0.689617530424269,0.6564134024191439,0.6214323686715455,0.5960293365902499,0.6486485971714976,0.8480936460770463,0.8424942019350269,0.6661586849248924,0.14534477141037733,0.4442885843408042,0.13753366943642065,0.9217452015667047,0.9104583434131568,0.8323422327925725,0.41272624195023944,0.463,0.3503,0.1867,0.03687900230401575,1
JPM,2025-09-25,0.921056697049282,0.901108780341624,0.9309534992954442,0.8966285459676215,0.8784930459461444,0.14344649852957986,0.9394525925573483,0.9291557154627186,0.8518806767133142,0.6849391161494682,0.6722434546343778,0.5756349340190348,0.5624716851841106,0.6494673360509028,0.8492313787991915,0.848571978385565,0.5554111963071025,0.13142724898897723,0.4459372354748292,0.11469124840438139,0.9357372920150753,0.9205866987316274,0.8384568987522352,0.42229016580674683,0.463,0.3503,0.1867,0.0321520008129792,1
JPM,2025-09-26,0.9331067511200364,0.9334731795025473,0.9607014247690624,0.9353928412297638,0.9157248443815362,0.15253400671301348,0.953754989237054,0.9420869472651332,0.8592985970165739,0.6952063160403036,0.6875434416333721,0.5711879537338669,0.6949386680061044,0.7191630321051338,0.9037021276909154,0.8763527207025281,0.5813637262977123,0.1385452802308365,0.4529757137156034,0.1442606462371463,0.9552638692981561,0.9313011929051225,0.8409984721003605,0.4481613084883246,0.463,0.3503,0.1867,-0.08334185065389443,0
JPM,2025-09-29,0.9664761316236672,0.9364698831285585,0.9600751526538285,0.9298975196791912,0.9104475677730468,0.11119078051771258,0.964096508269237,0.9533474061473259,0.8662231532765903,0.6949423342836464,0.6997156579877858,0.5449475328066988,0.5419982480102159,0.696669103558614,0.8569247631239973,0.8796784654417227,0.5304464519216607,0.09862690571497212,0.4564833969754458,0.11484972633908597,0.9713635273362375,0.9415010479288286,0.8454867046446082,0.4643673349174513,0.463,0.3503,0.1867,-0.12754035306360711,0
JPM,2025-09-30,0.9539626139348063,0.9274797722505248,0.904493502426805,0.9260359423733848,0.9067383550736015,0.38973407737631327,0.9715962921032668,0.9632361237384939,0.8731590440009054,0.6872465285933499,0.7074776516483525,0.5079479848796132,0.5476090407661538,0.6800487799190237,0.7724157401432329,0.8507501651157614,0.5187495499296785,0.3565989539445853,0.4386908048555376,0.14494890695004758,0.983312745640919,0.9527444667633516,0.8552528038701626,0.46284876371348194,0.463,0.3503,0.1867,-0.08495389999968272,0
JPM,2025-10-02,0.8574076934960604,0.8248426730596341,0.8423359949898228,0.8090004455666118,0.79432876353337,0.17029855244152092,0.9477249370729197,0.964106273235942,0.8816856809937921,0.5758373844576388,0.6804930112373507,0.26459331961348453,0.3957189319063864,0.26878548964756777,0.0,0.3364593000403903,0.2696498459461445,0.13829482649286384,0.5166505012246176,0.12754396829500858,0.9848290241765025,0.9634159601050403,0.8726882242881975,0.4287937463591648,0.463,0.3503,0.1867,0.029379082064566298,1
JPM,2025-10-03,0.8343890004634633,0.8413245430026972,0.874745576953186,0.8458339521758496,0.8297073955308019,0.08871881202523096,0.9424368227383662,0.9657885200794918,0.8855080859667597,0.5392277059006663,0.6540979843314914,0.2213877798230386,0.6907282061502898,0.3643106010632181,0.19934415698564345,0.12064404215903474,0.2894410542817577,0.06827452026870373,0.1474889856938335,0.1489273767293453,0.9716098862366542,0.9746022368946132,0.9032727845310555,0.34422999927895126,0.463,0.3503,0.1867,-0.07774447651161576,0
JPM,2025-10-06,0.8601884752046964,0.8426730596344019,0.8265226240801629,0.8332095648299416,0.8390236246322829,0.15026862445573674,0.9401489171031772,0.9681920469500525,0.888928689904799,0.5116094994241174,0.6258914142337877,0.2061898445255438,0.5949339473328527,0.3885681028677309,0.31684829464838926,0.09121670655444708,0.35098552698241836,0.1291596149563014,0.12245340683788275,0.16038319765530207,0.9446950443413749,0.9873060245824785,0.9478990365527538,0.20940659152028945,0.463,0.3503,0.1867,-0.062358951828670905,0
JPM,2025-10-07,0.8473659817704315,0.816601738088103,0.8197901988413965,0.811079756423585,0.8176654134634624,0.21468133969303033,0.9338650569454465,0.9683728704437669,0.8920211668258542,0.4753862230378265,0.594026390594365,0.1754972612814587,0.48285341602498516,0.3179185429561403,0.23420699969319747,0.17941763209659958,0.3136599691104687,0.18966290918387607,0.05570129225554432,0.1397941180727098,0.9245957886435447,0.9954086511180185,0.9787996490470183,0.11415041596996095,0.463,0.3503,0.1867,-0.11920937980974045,0
JPM,2025-10-08,0.8297543642824032,0.7981720107881323,0.8017848755284178,0.756720629734144,0.7652022284074436,0.11261963400567387,0.9178985384011087,0.9636142418175591,0.8944223845365844,0.41664540594015065,0.5534535728190995,0.10244325271227184,0.36753632743374987,0.1631926804913314,0.05888258218922843,0.12652066097113787,0.22342806242479865,0.09423136900826884,0.10799868753495723,0.1187687174082026,0.9111019545574277,0.9989597550453286,0.996236262459488,0.05708159540423979,0.463,0.3503,0.1867,0.07380749421835353,1
JPM,2025-10-09,0.7809361965085739,0.7870842073718913,0.7992797870674804,0.7789989603445711,0.7867029908407215,0.14225665326142306,0.9096085834806606,0.9613057933807023,0.8965165985501615,0.37942633650629004,0.5114398965302115,0.09035517523144626,0.6404619886975236,0.22856348816766714,0.1684275865506462,0.07062632885898448,0.2540831417811581,0.12466390622931783,0.0,0.10270628094357792,0.9087662566330272,1.0,1.0,0.045706312554110284,0.463,0.3503,0.1867,-0.06286205855167448,0
JPM,2025-10-10,0.7903599567433957,0.8234941564279294,0.7588852356348839,0.7100846576563193,0.7201920266326081,0.2221217694921595,0.8891079978770904,0.9529659819317833,0.8982499701611637,0.3136877808286368,0.4609515951770933,0.019257337776312555,0.31360882351898245,0.05815909901449001,0.04666723772661159,0.0,0.10559336756314769,0.19784763261103883,0.09365850237931439,0.18992845440543094,0.9188185698916214,0.9967426869906681,0.9859384916373908,0.09036769376829396,0.463,0.3503,0.1867,0.0955366639742159,1
JPM,2025-10-13,0.7894330295071836,0.8083608031165719,0.8315328010020351,0.8152383781375314,0.8216798874564972,0.335978011243778,0.8938694049186546,0.9549077013189415,0.9039487728009483,0.3137884718080962,0.42058680495067535,0.10418849910866923,0.9367997501010379,0.3238411797499924,0.44130518658297907,0.14401801696770095,0.259393347726643,0.2961901659289522,0.294694189491163,0.27714434472879623,0.91880002404733,0.9971481646328693,0.9866642728376882,0.08886657133269604,0.463,0.3503,0.1867,-0.16451004650869339,0
JPM,2025-10-14,0.7931407384520308,0.7715013485166313,0.6555503366212618,0.7277587999405903,0.7372492213677146,0.6160384907150502,0.8800733585469986,0.9487501389489608,0.9065826618760422,0.268710806717791,0.3767219774647097,0.07482494871201906,0.2488399746467101,0.13799888164009355,0.3814020605248032,0.22422290301286943,0.14265895964667072,0.5354899538039283,0.4162173799494815,0.4265168430122286,0.9249829935309557,0.9931158987134152,0.9744610923966674,0.1235895530389109,0.463,0.3503,0.1867,-0.08788304915919654,0
JPM,2025-10-15,0.8016375714506405,0.8482169613425237,0.8313762329732266,0.7813753156096834,0.788996770277917,0.36539160977231866,0.8798267300504019,0.9480082150968303,0.9110646697019744,0.2596241873646995,0.33929726609477573,0.1288542804334218,0.7529172177488701,0.2525048215642386,0.5268226900145667,0.40504651354280935,0.31360178711850817,0.2990345603393125,0.4417634132815178,0.5320028500027345,0.9236166705915339,0.9898466811113869,0.96986927780421,0.130734038464149,0.463,0.3503,0.1867,-0.06050026644864048,0
JPM,2025-10-16,0.785570832689634,0.7966736589751271,0.7003287928604975,0.6751819396999852,0.686505290955771,0.3235443879830824,0.8582582808901877,0.9377161956675901,0.9135150320470524,0.19856605519784137,0.2936817632297165,0.06013766371756463,0.17842568842412043,0.06404109105985178,0.23880179329099105,0.32878497252491873,0.22776377624624192,0.25489646702404944,0.5799861000628108,0.6350433673909939,0.9306158224989498,0.9803840450464021,0.9474741231938437,0.18770230867664944,0.463,0.3503,0.1867,-0.030276716816741045,0
JPM,2025-10-17,0.689942839487101,0.6598741384477078,0.6553937685924534,0.6606267637011727,0.6724575118036764,0.30297409358730554,0.8380743303129554,0.9270416060279065,0.9169366663909377,0.14351554292804666,0.24305599092503472,0.018104025707048055,0.5077867228159721,0.041230972288458956,0.2018111501531017,0.26115213262478015,0.15638534076960767,0.27237513936087265,0.5647466727245596,0.5815034747819017,0.9317294537073582,0.9691096742708645,0.926796667979279,0.23193726245243784,0.463,0.3503,0.1867,-0.0735418500127395,0
JPM,2025-10-20,0.6797466398887688,0.7219059035061433,0.7173947080006271,0.7319174216545368,0.7412622554489863,0.1336627490101942,0.8362740819714114,0.9237938980948246,0.9212099025436427,0.13691952486056547,0.200861947169086,0.08884198299484725,0.8195448224897184,0.1907137202008552,0.43911598129502155,0.22812232183580505,0.24413524761326333,0.11190080411272263,0.6480544130368295,0.5822319741826842,0.9271355931542957,0.9629554327402419,0.9198330582238361,0.2389063960091823,0.463,0.3503,0.1867,-0.1512207724598239,0
JPM,2025-10-21,0.728564807662599,0.7272999700329636,0.6992328166588382,0.653646220109906,0.6657201646683086,0.15848842888466297,0.8190821243293946,0.9137527561241678,0.9237546615131107,0.09323677967589834,0.1558918410322146,0.06555221732046673,0.27675918983971026,0.06395120975381252,0.20145443844539043,0.2140575361195443,0.16357330121985403,0.13825256676127712,0.7127150811168672,0.5729874284455796,0.9274107492426604,0.9528016088083024,0.9018156133203101,0.2765883768953318,0.463,0.3503,0.1867,0.07213399836481882,1
JPM,2025-10-22,0.6684690251815231,0.6375486964339228,0.5980898700485366,0.6093866032971929,0.6230037423306705,0.19389282040091033,0.7964214869166213,0.9006160433736148,0.9245173908177673,0.038079298280551704,0.10575492343682134,0.02220527058770666,0.3980000287876061,0.0,0.21821728863250275,0.22023598766177604,0.17541691143218652,0.17070215486910073,0.7212813835522729,0.5756066539422064,0.9284241909527968,0.9400213431309812,0.8785832134464444,0.32649191513922426,0.463,0.3503,0.1867,0.2310062218606408,1
JPM,2025-10-23,0.6160976363355473,0.6122265507941265,0.6289337717238142,0.6157730580721821,0.6291680045846793,0.05800625578036184,0.7795783262829614,0.8892520161364144,0.9260605380607583,0.0,0.055869116802262,0.024311965118881396,0.5845388408715642,0.014130640363518854,0.23732210468261172,0.14424164629166872,0.15369234491654,0.042696301842095774,0.7239263396727744,0.4907949316269662,0.9235969581788361,0.9275285192555351,0.860708841550895,0.3560801251418244,0.463,0.3503,0.1867,0.2465138952143151,1
JPM,2025-10-24,0.6423605746948859,0.7055738687443815,0.6749647721935177,0.703401158473191,0.7137412219379193,0.15098564911515,0.7837386940463826,0.886857220750167,0.928255474245721,0.016542670293916234,0.020207546964413875,0.1436461501749794,0.88145733143684,0.19424515933756037,0.49943875282632066,0.25646071899176265,0.37781846027782634,0.13296155342420835,0.8218983303672156,0.5436840700132806,0.9015006648762358,0.9174078117360089,0.8613433468720024,0.31915905367660724,0.463,0.3503,0.1867,0.10182293557992694,1
JPM,2025-10-27,0.7362892012976983,0.7344920587353903,0.7620165962110534,0.758502896182979,0.7669214830515187,0.06857457576040987,0.7981559407378009,0.88967043627351,0.9325482022423346,0.05935345262578137,0.002669299211576423,0.29569169767486175,0.7592707366051962,0.29201263005049716,0.6642596290652192,0.4244375399607736,0.30690093424953524,0.05435315972768723,0.8711613770369402,0.4987937289208,0.8788234181024195,0.9102162112125827,0.8675922884126868,0.2693753708214063,0.463,0.3503,0.1867,0.09887592773043252,1
JPM,2025-10-28,0.7780009269272363,0.7860353611027877,0.7956787224048854,0.77647408287539,0.7842666601390667,0.10462325030395608,0.8133064906315441,0.893855532818359,0.9368908190552947,0.10360654505376342,0.0,0.42043468966601666,0.625094779198841,0.3227373190684887,0.7180173058088848,0.6054644166064244,0.45813305386937314,0.10006441456425191,0.8782371505556066,0.4510718981930031,0.8556303335265052,0.9040795740493444,0.8761181842404628,0.21383318848398947,0.463,0.3503,0.1867,0.10527794250756872,1
JPM,2025-10-29,0.7571450641124673,0.7902307461792031,0.7933302019727573,0.7787019159364319,0.7864164484000424,0.16615747524186592,0.8258751964890196,0.8978618967761052,0.9415228654212688,0.14057695542091964,0.0073561433189648084,0.5045431048525171,0.5688613803579545,0.3267115475572565,0.7246801159847343,0.6902889381919131,0.3837135882603058,0.16612130679863035,0.8305605312009643,0.4080507415799881,0.8474306027686489,0.9014244169833949,0.8782817155289648,0.19593328770468932,0.463,0.3503,0.1867,0.06999465354221046,1
JPM,2025-11-03,0.8728564807662598,0.8512136649685349,0.8434319711914822,0.8357344422991235,0.8414613952456991,0.17913146491255416,0.8828194964200966,0.9242193396741851,0.9569715112819424,0.29083999161887747,0.09421435318314371,0.7269284718516664,0.4687222614499739,0.4066709704623058,0.8691681504231611,0.9122157618838511,0.5378398445381617,0.17400929919607228,0.8450411949400356,0.3921386463080532,0.8633508463526209,0.9058330844792462,0.8727733344887754,0.23339766867831063,0.463,0.3503,0.1867,0.06933283594349016,1
JPM,2025-11-04,0.8065811833771046,0.8497153131555297,0.8260529199937374,0.8342492202584286,0.8400272431305416,0.14355041514688616,0.8926643268870809,0.9304960599863557,0.9614669143838634,0.314478349527026,0.12737412682026056,0.7210225715201031,0.5556982004120231,0.4030780279442988,0.8648725914248802,0.9057923667916591,0.6536391210453314,0.14132792116688986,0.8390465669066136,0.3981407938397228,0.8670743477755383,0.9069535591737985,0.8716415514676878,0.2418220533696267,0.463,0.3503,0.1867,0.0846383538914055,1
JPM,2025-11-05,0.8513826664606827,0.8629008091099797,0.8343510255205886,0.8703401158473185,0.8748601485700958,0.13211958724319606,0.907803420607328,0.9394708017884841,0.9656140689324335,0.3499043341203727,0.1629970209195518,0.7416869120572722,0.6874214489599264,0.469941925865068,0.9605240774388475,0.9115784346587353,0.7759216152312873,0.1289367693153881,0.811483494413743,0.412057208650636,0.8829026772692568,0.9124481419708541,0.8681120078842768,0.27490537707162477,0.463,0.3503,0.1867,0.08536503072028423,1
JPM,2025-11-06,0.8727019928935582,0.8889721306562777,0.9068420228589322,0.8961829793554137,0.8998023001150495,0.14983217466305038,0.9251155413006442,0.9499701668767035,0.9700556905737043,0.3890143146730307,0.2015362205349683,0.7661532470259,0.650898754241152,0.5157588553841829,0.9688336241161136,0.9491118432922553,0.8042690840579283,0.14650074443535038,0.8127656797594067,0.3560903161822575,0.9012204577412635,0.918115160989414,0.8628154634972867,0.315624476482677,0.463,0.3503,0.1867,0.03504715146879245,1
JPM,2025-11-07,0.8866059014367367,0.8828288882229547,0.8658211993111009,0.9079162334769042,0.9111257662130461,0.15483056395548211,0.9413263653647892,0.960577609870128,0.9742148379014175,0.4234771206168546,0.24121537415318892,0.7757168871614126,0.6016078676754111,0.5365790566842531,1.0,0.9999999999999999,0.6855092496586948,0.15455300063847133,0.7391573477335716,0.35680109474014654,0.9223030473608405,0.92768219672491,0.8620535014752502,0.3511853116711199,0.463,0.3503,0.1867,0.09754332177032587,1
JPM,2025-11-10,0.9346516298470573,0.9596943362301467,0.9686863942382966,0.9477201841675327,0.9495426120287345,0.07646704284482131,0.962305564030304,0.9738256802619758,0.9790383680203245,0.4680068964372824,0.28439103023233925,0.8050507823773703,0.6981884693910616,0.60508840688597,0.9450590344646507,0.994175959276793,0.6598600243842667,0.08438989929841606,0.6269903653780866,0.3567698269125146,0.945173425182467,0.9340889599188227,0.8542690628295495,0.4041649010160805,0.463,0.3503,0.1867,-0.111862247799285,0
JPM,2025-11-11,0.9732735980225553,0.9520527419838176,0.9854391733208074,0.928857864250705,0.9313378076191494,0.03677609086469019,0.9752929240941359,0.9841610874604165,0.9839877507642889,0.4904478925727974,0.3246929347587759,0.780941453736548,0.4960258396558994,0.5466446687017782,0.8901544699959129,0.9645458704093982,0.6059801186155789,0.06328817523012426,0.5067827581182154,0.28544396570149844,0.9656924126972144,0.9438140742155392,0.8542524782141343,0.4369432308853436,0.463,0.3503,0.1867,-0.18484945933995323,0
JPM,2025-11-12,0.9541171018075079,1.0,0.9999999999999996,0.9999999999999996,1.0,0.325045983103158,1.0,0.9999999999999996,0.9903558592454162,0.5405367594357435,0.369794002454977,0.8212040164314749,0.8043559728672891,0.6634761122336864,0.9630655542197292,0.9506365837250814,0.7046123075217392,0.3916280171506621,0.5283162754062107,0.32117132349663824,0.997941713252811,0.9543867233633119,0.8459711135166845,0.5054908666021494,0.463,0.3503,0.1867,-0.2872623965603385,0
JPM,2025-11-13,1.0000000000000004,0.9757267006293073,0.8886801315171451,0.8376652309520272,0.8433246410659958,0.24165289771487358,0.987096291042552,0.9996969889203497,0.9923874474815015,0.4944400892693045,0.39404024746934285,0.6462425541896739,0.0,0.2696270817404435,0.4388682360047369,0.7600082208513381,0.3883818430723369,0.30277735120958205,0.7218081517376029,0.437364266011804,0.9999999999999996,0.9622444038854576,0.858026453785993,0.48346050926592055,0.463,0.3503,0.1867,-0.17116572587667656,0
JPM,2025-11-17,0.764714969874865,0.7503745879532513,0.709722874589009,0.7023615030447048,0.7127376034396615,0.20895553407945466,0.9272490826996362,0.9797390753242445,0.9979526980747719,0.31959071512627896,0.36698045355419084,0.23224269883552914,0.3875347186077499,0.04760425162664328,0.1707781442341657,0.18832828766906776,0.1988201211023244,0.25986902956999536,0.7932533807393547,0.4560311510706574,0.9971763058736216,0.9651605240531573,0.8654821821671752,0.4633980885946761,0.463,0.3503,0.1867,-0.04002327333849287,0
JPM,2025-11-18,0.6951954271589682,0.7108181000899005,0.6995459527164551,0.6881033714540323,0.6989763667282469,0.19509825316166307,0.8987965858681335,0.9677326866902001,0.9988078204368973,0.23932834400215738,0.3262934021942381,0.10148489045147008,0.5091900341894564,0.02658363597894986,0.157745414339854,0.08245915013541133,0.18068049734023528,0.24191277486327545,0.7159403273439062,0.42910337511216556,0.9944400755913052,0.9668268784347012,0.8706757179377731,0.4482211211645858,0.463,0.3503,0.1867,-0.02850668479492413,0
JPM,2025-11-19,0.6989031361038163,0.7332933772849861,0.7347737591983718,0.7454329422248622,0.7543064161028212,0.06360736145316997,0.8875718068260943,0.9620098209052457,1.0,0.20487470256479481,0.2848983200260834,0.09554486845247512,0.7679429967536603,0.145806650306462,0.3044207196442635,0.1351847313229522,0.21211947998668002,0.09917318338114617,0.7208061435559368,0.4149329828958044,0.9829565123079465,0.973406005701074,0.8917463769338201,0.3861571790657906,0.463,0.3503,0.1867,-0.10014775052686209,0
JPM,2025-11-20,0.800865132087131,0.8152532214563983,0.7173947080006271,0.6728055844348728,0.6842115115185736,0.16518585487005227,0.863976051857712,0.9502296857149335,0.9983753648280693,0.14142673560378716,0.23549296729610797,0.02834273147773403,0.29821500774969434,0.033901256017584425,0.11860502552521288,0.11553665349189543,0.07556902466719218,0.20949179199230777,0.7981408003142596,0.5299112016929584,0.9751790324788936,0.9761640473075524,0.9030424807515853,0.35038345399341775,0.463,0.3503,0.1867,0.09679150462144737,1
JPM,2025-11-21,0.7228487563726254,0.6917890320647286,0.6336308125880694,0.6674587850883698,0.6790508677628235,0.386798432937411,0.8440233694249661,0.9390362100470191,0.9962653512581969,0.08978028532423687,0.18270925551658296,0.0,0.5414143343286538,0.026024829202479727,0.24449005786672606,0.1482041564056285,0.052559816790044456,0.4396716776698373,0.6979812845345021,0.56778741292609,0.9785564698717271,0.9744258324755419,0.8971901142785819,0.36787612468197195,0.463,0.3503,0.1867,0.2030738434918331,1
JPM,2025-11-24,0.6757299551985168,0.6639196883428227,0.6602473774855171,0.6671617406802315,0.6787643253221445,0.3438496950047282,0.8280014747027797,0.9288334346526814,0.9935853515215225,0.05050531053338694,0.1303990420309356,0.003972412287062632,0.5598418452670091,0.025557967996775233,0.24383908281659855,0.1253894820105071,0.0,0.3716294590754312,0.6523638322354224,0.5180980322527271,0.9836441508006923,0.9700085792431388,0.8852228087907874,0.40080396177837185,0.463,0.3503,0.1867,0.3184667570371216,1
JPM,2025-11-25,0.7036922601575779,0.7340425531914896,0.6766870205104119,0.7414228427149854,0.7504373731977712,0.23665970425330712,0.8301289592953873,0.9262838032313057,0.9922478561118373,0.05882178888533632,0.09068599879898102,0.10965632824836857,0.8298423531887984,0.18838481002523533,0.4066678973654957,0.23387220005021628,0.1275927106986388,0.2501691107579657,0.7273039534763506,0.5584866397236048,0.983695489502391,0.9683135095410265,0.8822105018401087,0.40715251246618256,0.463,0.3503,0.1867,0.11308040194255509,1
JPM,2025-12-01,0.9029816159431481,0.8769853161522327,0.8799123219038676,0.8293479875241343,0.8352971329916903,0.1769128451330652,0.8849553286131684,0.9453903601411189,0.9906598289698021,0.205314660509556,0.08208035346882521,0.5221145418193955,0.3447463596957734,0.32529709330006906,0.5994546491459661,0.6093939720885847,0.5012461643767918,0.19520278645531547,0.8594689874822374,0.5063048809333515,0.9877098417919279,0.9708776145100968,0.8833661130810291,0.4111142082140058,0.463,0.3503,0.1867,0.12321604956361254,1
JPM,2025-12-02,0.8379422215356098,0.82364399160923,0.8572099577266319,0.8139016783009052,0.8203897265175586,0.15206118610426994,0.8902782498930062,0.9478997069537036,0.9897912540869189,0.21977646437269643,0.09335367856856341,0.5374062877568728,0.5064274703686436,0.29650695596807053,0.5655875903822095,0.6123382746725972,0.5500890426648468,0.17011841092224406,0.8546670833357064,0.415239838723376,0.9862801613842209,0.969821785361348,0.882704650981943,0.4102238315891593,0.463,0.3503,0.1867,0.1251039929793767,1
JPM,2025-12-03,0.8141510891395023,0.851813005693737,0.8526694848911851,0.8770236150304469,0.8813109532647845,0.21889515852479968,0.9072396570846166,0.9558976263547012,0.9900485979468021,0.2626696428064451,0.11338450069420558,0.6108772785490874,0.7824916657902279,0.3996839149396795,0.7381226423772296,0.6135420521317968,0.6637370694595004,0.23705996019612907,0.8989627370441386,0.3896167223126954,0.9904046910851467,0.9718903706779924,0.8829005748884033,0.41635363605513254,0.463,0.3503,0.1867,0.050096477627155744,1
JPM,2025-12-04,0.9077707399969097,0.943661971830986,0.9497416627524662,0.9359869300460422,0.9382191459307379,0.27565961072835155,0.932675069896673,0.9685085841529077,0.9912443266855941,0.3252607336407961,0.14547845565976347,0.712080889487822,0.7651880066056551,0.4858962726694144,0.9380283227315449,0.741046829587524,0.6625818362233286,0.2879963539634598,0.9208203944265618,0.41109290365329687,0.999631938223954,0.9750650730289045,0.8807932328294781,0.4353439843409145,0.463,0.3503,0.1867,-0.23818987969262495,0
JPM,2025-12-05,0.9445388536999846,0.9435121366496855,0.9760450915922969,0.9202435764146739,0.923023757104164,0.11412642495661479,0.949854913548192,0.9785471940900776,0.992129502551542,0.36504530969324545,0.18136769595886332,0.743921422572754,0.506636833560674,0.4523486000895244,0.8984524963867835,0.8664017200415419,0.7505365692729703,0.12176279978907795,0.9182163212800885,0.33660193628390433,1.0030391054749583,0.9762286207043092,0.8799998302608905,0.4423810793036995,0.463,0.3503,0.1867,-0.07656295824831294,0
JPM,2025-12-08,0.9355785570832693,0.9133952652082709,0.9552215437607647,0.922768453883855,0.9254615277175811,0.16080057361972755,0.9641071034329833,0.9879019574002377,0.992323047116165,0.39568526598515147,0.21794542443352932,0.7496974917233281,0.5696477027950861,0.45629633223311183,0.9048015794912738,0.9291719896795076,0.7625386214806991,0.1701492367967346,0.9169926553799406,0.25122251049805366,1.0052204021798583,0.9769469366128058,0.8794452914619661,0.44698137320233866,0.463,0.3503,0.1867,0.03361022901072164,1
JPM,2025-12-09,0.9338791904835468,0.9483068624513038,0.7465163613590104,0.704440813901678,0.714744840436178,0.7132213112198772,0.9315709866049193,0.9766331625765878,0.9884328929588646,0.3078759494087039,0.22466391941523914,0.4991935563483544,-0.2109083935236057,0.07565414762658251,0.3531570939985934,0.7089130573470055,0.4423020222765286,0.6767176337135751,1.349491214089431,0.5452309189310374,0.9893236483240657,0.965182024469061,0.872046551426175,0.4372577878845053,0.463,0.3503,0.1867,0.36119633910242355,1
JPM,2025-12-10,0.7106442144291676,0.8342822894815702,0.7220917488648815,0.8470221298084062,0.8523543277267969,0.7560817200278497,0.9342359173829502,0.9793017325792568,0.9873518541151398,0.30955034283515087,0.23046859008963294,0.4915270305054198,1.0691310778791094,0.29354195553312923,0.7072810367039588,0.6369190533105875,0.5400936126916539,0.647979292822187,1.5478254237364215,0.6740241489823775,0.978184302574785,0.9612244328128954,0.8743715616351975,0.41473586001128004,0.463,0.3503,0.1867,0.16666131710671017,1
JPM,2025-12-11,0.8456666151707091,0.936320047947258,0.8908720839204638,0.9549977721669385,0.9565665016047813,0.28054888757261176,0.9580978012693624,0.9915067141677345,0.9896807430600019,0.3639324566688129,0.249074095651633,0.5989195902034801,0.935430418462541,0.42489114390981875,0.9754604087673902,0.6635287368300482,0.5933737128411988,0.2236170503666413,1.6028167176649317,0.7114417740996093,0.9675514446725955,0.9590481289695951,0.8793962914553464,0.387354060379016,0.463,0.3503,0.1867,-0.02742340698726331,0
JPM,2025-12-12,1.0069519542715892,0.9703326341024869,1.006106153123533,0.9719293034308625,0.9729080601940714,0.24215169747794368,0.9805947900805814,1.0041356028215778,0.9932305198197131,0.4132580914816315,0.27662209611830685,0.6739426200551972,0.6188729188990217,0.4440935189878493,0.9619912064964494,0.89281194482251,0.5005060013585415,0.18900358280535917,1.3851381321447174,0.6277782003595702,0.988556209744591,0.9655411102742626,0.8733134964867992,0.43339839931002133,0.463,0.3503,0.1867,-0.0521569637338829,0
JPM,2025-12-15,1.0055615634172717,1.0094396164219361,1.034131830280257,0.9942076340412886,0.9944088226273493,0.3398956677162245,1.0030756410445782,1.0176339882756777,0.9965044340367086,0.4607450719999694,0.31085204637512776,0.7300008145431662,0.6368522551894997,0.47005993879240926,0.9294123143239136,0.9764652271906967,0.6211400370653893,0.27559433619674945,1.3015483029554806,0.5852527323182135,1.0151724680688354,0.9773275949829578,0.8718405606179789,0.47853129446456066,0.463,0.3503,0.1867,-0.10119257924946867,0
JPM,2025-12-16,0.9978371697821715,0.9590949955049446,0.9716611867856586,0.9278182088222189,0.9303341891208907,0.2082956635595598,1.0076997148670364,1.0238926449771992,0.9983194939333426,0.4617129259510467,0.3384844881558644,0.674651040165377,0.33359636016163263,0.3600532029097868,0.7359332419311021,0.8862607591981725,0.5495009216586249,0.15740997411198632,1.3207059605541964,0.5297867759752488,1.0248815159222135,0.9882306146153628,0.8828722134775226,0.4708339687048776,0.463,0.3503,0.1867,0.025577885947329904,1
JPM,2025-12-17,0.9876409701838402,0.956847467785436,0.97573195553468,0.9193524431902564,0.9221641297821268,0.22842431233178495,1.0096953831965108,1.0288156750234578,1.00039670625047,0.4553184862658125,0.3589487678090641,0.614513768966588,0.5317082417504919,0.3462914432187848,0.7135567116816358,0.792701845895121,0.4469032198941279,0.17409972195412765,1.3180380562821647,0.48107161673119125,1.029779161884012,0.9994137889959278,0.8983936525032066,0.4463111474844512,0.463,0.3503,0.1867,0.12606510303217688,1
JPM,2025-12-18,0.9501004171172558,0.9318249925082407,0.9375293565054021,0.889945046784494,0.8937820290372605,0.3700730533819663,1.00537378658598,1.0306278517794376,1.0029525993275454,0.43270945082093104,0.36951567036740196,0.531479758306607,0.4590137328090478,0.29732764863598493,0.635822522794208,0.6821377236589412,0.3237838929280824,0.28467263696811407,1.309276341953138,0.4416285319503166,1.0333771555052498,1.0064024342511146,0.9076467864629034,0.432815536492439,0.463,0.3503,0.1867,0.20737047299909817,1
JPM,2025-12-19,0.9159585972501163,0.9447108181000896,0.9527164552998282,0.9524728946977565,0.9541301709031265,1.0481030021510738,1.0145000819133152,1.0379382033728732,1.0062806957185773,0.44383367756943604,0.38082516606915007,0.5377097408964343,0.7768549042634171,0.3881359997305863,0.8011067595382055,0.7066816723082746,0.43232328229060946,0.7839378058456825,1.265964640580548,0.4404128525649582,1.0356134034725684,1.0199271337918212,0.9294824141017957,0.3913231633562567,0.463,0.3503,0.1867,0.17968220623544662,1
JPM,2025-12-22,0.9734280858952569,1.014683847767456,1.0203538437451072,1.0398039506906271,1.0384168458156884,0.2095062921511779,1.0393762656695413,1.0524932275909689,1.0126063285809677,0.4937190545006772,0.40268006380394405,0.626180354517927,0.85775982020297,0.4999503733851193,1.0190384681630127,0.8217242359088297,0.5500668113016653,0.12058743220482954,1.304240233555615,0.45069960433025424,1.0476020668210233,1.0379337321107336,0.9510643200468545,0.36589116721662607,0.463,0.3503,0.1867,0.0665352130643806,1
JPM,2025-12-23,1.0676656882434732,1.0828588552592144,1.10771880382026,1.081984256646368,1.079126031156811,0.12188899626939342,1.0677657422966433,1.0695451155751194,1.0177238105896524,0.5507246036262474,0.43479927756571624,0.7122927980706732,0.702362902562288,0.5489946958155288,0.9720491560648383,0.9483451323177292,0.9374755531671672,0.05545297489048512,1.3045230643623689,0.4291775180969284,1.0612370701704088,1.0579944859369599,0.9748766065119177,0.3387031419683312,0.463,0.3503,0.1867,-0.02895766032992675,0
JPM,2025-12-24,1.1082959987640968,1.1159724303266412,1.1454516987631131,1.1301054507648893,1.125570385046804,-0.0017198200164188215,1.1001617294755732,1.0894050535334858,1.0254428097564547,0.6156438482857065,0.4771616634289868,0.7982278547342609,0.7207914197856287,0.6024964591393166,1.0106952822046464,1.0272748897818884,0.78712199935117,-0.04263093158398304,1.2811199811323726,0.3944804530918955,1.0915971242813742,1.0767911163167447,0.9825732889098555,0.3703669995056962,0.463,0.3503,0.1867,-0.0732281429817806,0
JPM,2025-12-26,1.1526340182295693,1.1290080910997906,1.1617347737591985,1.1113916530521313,1.1075081319016773,-0.008526358449979732,1.1223122446155802,1.1057646260816631,1.031774138473379,0.6524512174287495,0.5205012964880299,0.8064264666789687,0.4989418312447269,0.5640517295547774,0.9494348933992168,1.0010626086662462,0.6032382553490565,-0.04486327110652613,1.266135446576468,0.3335713918869614,1.1171480095346262,1.0913500724412506,0.9868429985248248,0.4012797515519225,0.463,0.3503,0.1867,-0.07364493271793582,0
JPM,2025-12-29,1.120037077089448,1.082709020077914,1.1146077970878348,1.049606416159215,1.04787706609339,0.22409098939011335,1.1275986061743541,1.115041335200536,1.0389574410901234,0.6451798087427052,0.5533061808979092,0.7180452295844438,0.35458594074093086,0.4417849903523675,0.8263397963290754,0.9461893537862298,0.4942895495964885,0.14761677342771945,1.266759265623275,0.27510600828742393,1.1300876949138199,1.0990138163259875,0.9895145490439368,0.41582927485871823,0.463,0.3503,0.1867,0.02366514276448739,1
JPM,2025-12-30,1.0862042329677117,1.0403056637698533,1.0983247220917494,1.0447051834249215,1.0431469559545388,0.1861094657646704,1.1308413902498735,1.1230308454623583,1.0463259591575742,0.6320296254625263,0.576173981676399,0.6346781010745812,0.5444450864428627,0.43226724819402873,0.8165755340472935,0.8730850423185254,0.4566143895472189,0.11521854058445136,1.2218025944780049,0.18276791210298682,1.1384717047406574,1.1094284590615846,1.000791901209317,0.4059547114015609,0.463,0.3503,0.1867,0.1459351344188442,1
JPM,2025-12-31,1.078943302950718,1.0394066526820493,1.091279160795366,1.026882518936581,1.0259457700432115,0.03772692791304255,1.129848889480228,1.128679920492813,1.051984862193236,0.6079328953899958,0.5882817584831854,0.5444069174463544,0.5008508263385496,0.39623900440370663,0.6315731303213119,0.7533802438511125,0.5249637061355068,-0.0075556529092157265,1.2226080148738094,0.10342566101640371,1.140727237225415,1.119728168365861,1.0169615557338032,0.37687873300769625,0.463,0.3503,0.1867,0.19420046989078,1
JPM,2026-01-02,1.0505175343735513,1.0521426430925986,1.0709253170502584,1.0753007574632405,1.0726752264621222,0.193887624570045,1.1387987432726439,1.1382004181627132,1.0600742636390663,0.6088069026080678,0.59819236780254,0.5259737884643438,0.7236105043521397,0.46982309762311913,0.727411575304155,0.7161244800692155,0.6042618223015188,0.12661355858814088,1.2084081385870107,0.07927709841390729,1.1520885832591223,1.1293167766663057,1.0243171565153393,0.3795632712283137,0.463,0.3503,0.1867,0.0398894435801167,1
JPM,2026-01-05,1.0968638961841495,1.224752771950854,1.1405980898700485,1.2024357641467396,1.1953787471903725,0.33410231630139975,1.1715443132151337,1.1583696064845115,1.0714518618718056,0.6687753605372265,0.6215168319720304,0.6385092770026,0.9804717232035571,0.6301152938432909,0.8996670642041417,0.747416242801107,0.8245561191090693,0.24386356020788513,1.297103104698631,0.2533094437559906,1.1885994049474804,1.142202163504602,1.0165455928317093,0.45093735513429634,0.463,0.3503,0.1867,-0.03312554581865257,0
JPM,2026-01-06,1.2068592615479683,1.2040755169313755,1.2260842335994986,1.210901529778702,1.2251849206680614,0.17345761760763162,1.2039558428525563,1.1795021687471547,1.0832994110371912,0.7260113804085341,0.654870868691109,0.7226523409695079,0.6612154085064923,0.6634530963792046,0.9793120737804147,0.8783726049095018,0.775088060060254,0.1052418091528094,1.2912682607004369,0.22393743433973756,1.2269648070918984,1.1573424244980064,1.011182975777635,0.5198694976730834,0.463,0.3503,0.1867,-0.06369913324518883,0
JPM,2026-01-07,1.1839950563880728,1.1483368294875635,1.1313605761703465,1.0977276102777362,1.115463644387872,0.2853965977699494,1.2070063895249419,1.188417619783737,1.0912847987374095,0.7078377530066643,0.6768882995124262,0.6275439252811315,0.1886320227519917,0.4349954115472633,0.6861260964996405,0.8628247457644751,0.49569633415556985,0.19477781893006713,1.4147262955123527,0.310843231804798,1.2390351393045331,1.166862779800316,1.0178297315695284,0.5247252069218696,0.463,0.3503,0.1867,-0.032271597766805105,0
JPM,2026-01-08,1.1106133168546264,1.1370991908900203,1.1478002191952403,1.1393138274171988,1.1557811737296744,0.3852552711704128,1.2178536898162813,1.2003058710413703,1.0990145026760487,0.7088767852309236,0.6947689996686575,0.5928388377766312,0.6987255101085903,0.4878698298250891,0.7938584766028125,0.8229778779553565,0.49420894643810176,0.2947779198498709,0.8744682626269096,0.28999533985521553,1.2238483300846208,1.1889615998964516,1.069167683691688,0.3994489479604104,0.463,0.3503,0.1867,-0.2353380882673567,0
JPM,2026-01-09,1.156187239301714,1.1445909499550488,1.1872553624549869,1.1304024951730276,1.1471417031564304,0.12551568621338238,1.2247300594164745,1.2103026659482805,1.1062276870623098,0.6994771263641837,0.7066603423451817,0.5425911440644636,0.5314961717157561,0.47053624731796295,0.758270394229994,0.7397349315648637,0.4172633203730896,0.09075107471223848,0.6929082444041488,0.2224856000508122,1.225376822276265,1.2037323856219357,1.0937746104881785,0.3531524826747333,0.463,0.3503,0.1867,-0.2676122634700475,0
JPM,2026-01-12,1.040939286266028,1.0564878633503145,1.0785971504618765,1.0605970592603593,1.0794658503326922,0.44074674481196285,1.2161196351390844,1.2130401291331245,1.112052886152461,0.6512808404164036,0.7037997633731228,0.4188299487817686,0.32851989045751456,0.33969106179555386,0.4583693352460657,0.6539631264208529,0.34875615105076907,0.370686172727292,0.6495216691203152,0.26062900336218253,1.226840300653127,1.20989045105203,1.1033467229434928,0.3365359076015211,0.463,0.3503,0.1867,-0.2031547003701608,0
JPM,2026-01-13,1.07832535145991,1.0690740185795624,0.911695631751996,0.8587553839298967,0.8837818418487311,0.7819101952593238,1.1684279858824826,1.1971662357741475,1.1128684810014624,0.5066161735733804,0.6643708780641312,0.112040270153207,-0.13051097565231295,0.054163458112048146,0.12974958582270252,0.4038637745470443,0.15766277815245852,0.6311301780189184,1.0909719387663332,0.4946110899154268,1.234887874392712,1.205424641511228,1.0888342483704645,0.3772522710685383,0.463,0.3503,0.1867,0.025579406134170757,1
JPM,2026-01-14,0.8295998764097017,0.8428228948157024,0.8420228589322059,0.8137531560968365,0.8401525154538527,1.1238114536895596,1.1211772397811668,1.1786413571358403,1.112338136837323,0.36715580789958147,0.5970234717478249,-0.12218206458392061,0.4026466246472962,0.0038680691303557557,0.17197651362820218,0.1830690802103309,0.10287917183678386,0.841489537714952,1.098386693557544,0.45801483915416275,1.2478653233381238,1.1976953862921285,1.064507013526327,0.44490931633052877,0.463,0.3503,0.1867,-0.08792150477741034,0
JPM,2026-01-15,0.8337710489726562,0.8605034462091696,0.8675434476279942,0.8343977424624973,0.8601672889485332,0.5418732009435628,1.087550049866282,1.1636786944880524,1.1127099702355814,0.26648553304580347,0.5173000062062725,-0.22601097034230982,0.6337283746490139,0.038919691539723744,0.21497812723973303,0.09140943791482943,0.15420201076115783,0.36041572363842234,1.0702457853610927,0.4133059021720744,1.254237100621023,1.1941795632486318,1.0530516761076392,0.47723796118254636,0.463,0.3503,0.1867,-0.12086210504289552,0
JPM,2026-01-16,0.8628147690406309,0.9244830686245127,0.9027712541099109,0.8820733699688099,0.9063884565153852,0.5367345242177677,1.0702861658202716,1.1544135522638546,1.1140290900743581,0.2109926231038392,0.4392742849809135,-0.2117677503156719,0.7278097496487549,0.118979617242574,0.3142840119109682,0.16090397563870645,0.15583082246466612,0.3408242204745153,1.094910601707066,0.43758091270041377,1.2552941677315501,1.1933890982934798,1.050788263122517,0.4833282018663698,0.463,0.3503,0.1867,-0.14043448905834244,0
JPM,2026-01-20,0.7988567897420045,0.8336829487563673,0.7753248786597777,0.7375612654091781,0.7662850420526235,0.4457087632883374,1.0272612098202893,1.132843742896236,1.1118708477864443,0.09455548841099515,0.3469602694117203,-0.3316393459402131,0.049676412260415304,-0.047052773192016284,0.1417847952206442,0.14953395889820337,-0.19505344547493692,0.2691371509874042,1.2821150252468554,0.5235287338875987,1.2723196407405966,1.187000660957417,1.0254455446816908,0.5594296195498283,0.463,0.3503,0.1867,-0.09432987269225335,0
JPM,2026-01-22,0.7780009269272363,0.7894815702726996,0.7916079536558631,0.7507797415713644,0.7791002567362675,0.3228377549853997,0.966296082028399,1.095751244192034,1.1063920654170314,-0.06092630233951052,0.1545600993894939,-0.3467144098288559,0.6457793137415091,-0.015005581407626645,0.183997495209629,0.07282778767647344,-0.07690172737688494,0.20052193517935996,1.1604637212052382,0.4305950881394722,1.297233227315346,1.1640898754902258,0.9646007205271374,0.7192989446900887,0.463,0.3503,0.1867,-0.06135933096151158,0
JPM,2026-01-23,0.7338173953344662,0.7021276595744679,0.6915609832472209,0.663003118966285,0.6940014715898215,0.3525631033658593,0.9289968384917122,1.0727314630773699,1.1013124508231646,-0.149399067003268,0.0565573512078647,-0.3793649483756328,0.24325212670884566,-0.10929590775913711,0.14644091214689342,0.07458125287121839,-0.24466046410640857,0.21466680435845958,1.182162385188815,0.4338503469688979,1.307284408484811,1.144792602875702,0.9224393277067606,0.8203245550162158,0.463,0.3503,0.1867,0.06328129052336573,1
JPM,2026-01-26,0.6690869766723311,0.6932873838777338,0.7062783779552215,0.7123124907173621,0.7418065420951008,0.38606582078540175,0.9091255811642878,1.0562902971781383,1.097544972206233,-0.18977176056273443,-0.032209913763818154,-0.30188389415745215,0.7401502422399472,-0.01903519048413249,0.22867668588358564,0.10738111121070934,-0.168396156695996,0.22487877519134375,1.1893682826594145,0.3703675216899762,1.298960686298805,1.1255635111102675,0.8956696035871361,0.8631096023205346,0.463,0.3503,0.1867,0.10443053331392171,1
JPM,2026-01-27,0.7234667078634325,0.6961342523224454,0.7172381399718177,0.7014703698202882,0.7312951862309882,0.37435961384585004,0.8910367860323474,1.0403574234700144,1.0922036917724096,-0.22234971098665895,-0.11158761208136875,-0.22311015742102097,0.5216882579603721,-0.031511025340524745,0.22051994634892036,0.12113524322970681,-0.09690883572589826,0.20191230108238611,1.1899835292994192,0.2992622525809894,1.2893241468443022,1.106712768945492,0.8706538623977855,0.900655070270776,0.463,0.3503,0.1867,0.10986955451636593,1
JPM,2026-01-28,0.7070909933570211,0.6953850764159428,0.7156724596837329,0.7083023912074853,0.7379187803371403,0.2719653749831136,0.8779468774120005,1.0264945342741654,1.0901084473529874,-0.2395315838937752,-0.17950095161809052,-0.12692995936517587,0.585662100285621,-0.018063969304631833,0.23376305968256283,0.1540202306257438,0.17571389440551877,0.12640336481797765,1.179462690867778,0.2344277872802054,1.2829191635233,1.0911818208644517,0.8487682616194587,0.9367739745111868,0.463,0.3503,0.1867,0.14381189326308674,1
JPM,2026-01-29,0.7399969102425454,0.7689541504345216,0.7809613276968848,0.7922174365067574,0.8192737949018483,0.37709262088100504,0.8844387989753253,1.0215260581251804,1.0913029739516258,-0.2055614849006802,-0.22511032423244212,0.060189093434522445,0.8617021953017232,0.13885102456728637,0.3875137088570729,0.21383728329698648,0.3569225883110599,0.19542999766497998,1.2717552057595234,0.226427648659264,1.2712391168236574,1.0799643035376771,0.8388238191167496,0.9401981530750608,0.463,0.3503,0.1867,0.1481611670108529,1
JPM,2026-01-30,0.784025953962614,0.7854360203775848,0.7862846406763739,0.7843457596910732,0.8116422625621498,0.39648346167035575,0.8880410371669427,1.0162931377839572,1.0932689883046072,-0.17821492346279416,-0.25457701442515746,0.19561807137805243,0.5329482175675793,0.12725219410496147,0.4154791073645039,0.28725771251994553,0.3166982628379679,0.19669141029135973,1.271522848407339,0.20255133550832016,1.2602465788252464,1.0692262887749715,0.8291480098539603,0.9441022224055241,0.463,0.3503,0.1867,0.20188938661462785,1
JPM,2026-02-02,0.7718214120191562,0.8059634402157627,0.7676530452481605,0.8177632556067125,0.8440402772118123,0.28665398883935533,0.8976783425935304,1.014576085860226,1.0961525504405127,-0.13553614366649014,-0.2671932480770942,0.3369849178286073,0.6793669151580238,0.18859110270071933,0.4868749454023993,0.3825781026682061,0.29745238379968564,0.11841260107314328,1.2595584780792453,0.24140350124961762,1.2415028454575148,1.0577701745509103,0.8246565156027121,0.9254811290954265,0.463,0.3503,0.1867,0.034460698596836314,1
JPM,2026-02-03,0.8532365209331068,0.9100988912196586,0.8886801315171451,0.9174216545373528,0.9406583564559163,0.4346624268686806,0.9255346335124868,1.0220815276429138,1.0998568308322616,-0.04790819610434105,-0.254789110897891,0.5468932317583782,0.9090751556481024,0.3513020797556786,0.9710912530295482,0.6023498412970909,0.647599139260214,0.21617020848561352,1.2132215587255586,0.28177119394804584,1.2005420575305128,1.045007008197647,0.8363407706113506,0.8391701860356472,0.463,0.3503,0.1867,0.11557154337759679,1
JPM,2026-02-04,0.9255368453576396,0.9559484566976328,0.9718177548144671,0.953364027922174,0.975504221101331,0.28714239694069477,0.9550855978002604,1.032174505023049,1.1056471106132078,0.041788588155779016,-0.2218375351380595,0.7192758961538717,0.6846702003653224,0.4034244552857841,0.9947206391978013,0.8204886641635147,0.7153578322332128,0.11295646206123466,1.2188329849892385,0.2427383238811054,1.149772104588807,1.0324963635076765,0.8566202697111147,0.719374676352269,0.463,0.3503,0.1867,0.0712941436953396,1
JPM,2026-02-05,0.9346516298470573,0.9065028468684444,0.8329419132613123,0.8477647408287541,0.8731264948083988,0.2632000083133294,0.957378942230874,1.0317430701037398,1.109504921475918,0.060666519876754255,-0.19062965670440188,0.7046471535100788,0.1946316296193934,0.22558267848721314,0.6944009355634873,0.8986416844841592,0.5273599035179053,0.09740569679636513,1.2158235398094388,0.3693010475704861,1.1142663857710295,1.0203536789556455,0.8648576061118702,0.6476005804410725,0.463,0.3503,0.1867,0.1339105339105331,1
JPM,2026-02-06,0.9301714815386988,1.029967036260114,0.9765147956787223,1.0295559186098315,1.0493716945025602,0.7001382091010173,0.9959636186860772,1.0478892637631385,1.1168718080674473,0.16885281512397024,-0.1378881911482466,0.8853031076623519,1.1864458012635626,0.4625729856551045,1.0166618047601257,0.9158032759198066,0.9264711635982061,0.3771701909247004,1.5048786539989742,0.5430791806046942,1.0874204487859207,1.015021864407843,0.8778295441300026,0.5790235134109819,0.463,0.3503,0.1867,-0.15889677884120545,0
JPM,2026-02-09,1.03259694114012,1.062181600239736,1.0610615312353224,1.0251002524877468,1.0450519592159395,0.3717668942440586,1.0259306245338013,1.0621622685171235,1.1227281196896532,0.25180275293252496,-0.0743989014605303,0.9754719407742032,0.5458804431923691,0.4553318282675186,0.9423430765389228,0.8960782057459566,0.8423506181407477,0.15388457600715005,1.5047954437108184,0.5185150515567878,1.0599808021989943,1.0099064970000065,0.8916741407117654,0.5075449148953096,0.463,0.3503,0.1867,-0.2681271743997795,0
JPM,2026-02-10,1.0512899737370618,1.058136050344621,0.9829340848598718,0.9683647705331935,0.9900473298996237,0.28991697062277233,1.0384348661826568,1.0699762310126828,1.1261689596536,0.2876565369615664,-0.014402563613351432,0.9461678334756582,0.36811216786844914,0.36316913718246935,0.819263350512387,0.9431006285529088,0.7765627699779807,0.10475361987067777,1.494292860978922,0.6082167109432988,1.0393218212915447,1.0054260412027336,0.9009953348313484,0.4559027695033602,0.463,0.3503,0.1867,-0.22877504272261218,0
JPM,2026-02-11,1.0619496369534995,1.0454000599340718,0.8828871144512296,0.857567206297341,0.8826299124389658,0.2276345460402573,1.0260399746329565,1.067000052408892,1.1259244958667844,0.2589249778460694,0.026218121971927952,0.7836158663192401,0.17761893167382342,0.2046453805603513,0.5789034667014072,0.7782435122790484,0.6047750768460497,0.0768593171039001,1.2615403228814839,0.8235687553743551,1.039224446935386,1.0053683219654097,0.9009751472595338,0.4557918590443599,0.463,0.3503,0.1867,-0.060198213630246133,0
JPM,2026-02-12,0.8926309284721143,0.8706922385376084,0.7465163613590104,0.7360760433684832,0.764845130290416,0.47391173322526003,0.9915640117649582,1.0532418071402057,1.1245240598333774,0.17452413195174338,0.037046054922864946,0.533669671876022,0.129903331830928,0.06143455947861087,0.2904883003373326,0.5327589851070672,0.3073428204022156,0.270257099251902,1.3764754141764688,0.9532190060498948,1.0389114091991565,1.0015949268253541,0.8946246174229402,0.46845870526202626,0.463,0.3503,0.1867,0.11559278957029129,1
JPM,2026-02-13,0.6800556156341728,0.7308960143841778,0.6917175512760294,0.7347393435318579,0.7635492097044292,0.24898941089669652,0.9637130208756277,1.0406127055059398,1.1233941912015357,0.10809581213540825,0.0286539546568388,0.37242327015500043,0.556119085770661,0.059955798196504095,0.31218834949846236,0.34179763695221493,0.3165553797005686,0.11710951733381408,1.370952901659673,0.9346381132197392,1.0371156488566373,0.9967537257948056,0.8876357289119814,0.48014749880059926,0.463,0.3503,0.1867,0.10371976804488314,1
JPM,2026-02-17,0.7455584736598175,0.7900809109979026,0.7853452325035231,0.8027625129956921,0.8294971684135195,0.2376780871029086,0.9551834539951329,1.0353200949580406,1.122364243314311,0.09150239705423015,0.01768017103269691,0.35076424661534306,0.8037428137090596,0.16318118059585818,0.45980452791258625,0.29694570406368953,0.3662326502340087,0.11759401432944139,1.394806678997373,0.8689950728232916,1.031042626731407,0.9929009667034316,0.8859335452253805,0.474151833498781,0.463,0.3503,0.1867,0.06353339408931169,1
JPM,2026-02-18,0.8336165610999529,0.8506143242433319,0.8592453421011439,0.8272686766671611,0.853255712489938,0.15001402874333636,0.9533138447311522,1.032738072973666,1.120675350888968,0.09218518463578328,0.009076439314703949,0.3706477888259399,0.6475173449774858,0.19911573215167,0.5129850288696391,0.3807366130132843,0.26220479374786465,0.058832021156974834,1.2063464439405887,0.7939769200530724,1.0328105256826805,0.997258769121391,0.8920987119186035,0.4641247926539236,0.463,0.3503,0.1867,-0.18748681601484996,0
JPM,2026-02-19,0.8136876255213967,0.8041654180401556,0.8263660560513544,0.8164265557700872,0.8427443566258264,0.1254949028899211,0.9496263680499659,1.0294044210063205,1.1190795670807079,0.08856002490412852,0.0012627500879770076,0.3772758475543153,0.5226729691211423,0.1839971128734822,0.48945668602197423,0.44749478578853474,0.19861379467338938,0.04432922101841347,1.2064163168258997,0.698334745645875,1.0332265806176646,1.0015949268253541,0.8993495379360947,0.44974612279682447,0.463,0.3503,0.1867,-0.18367434112169478,0
JPM,2026-02-20,0.8326896338637408,0.8314354210368595,0.8351338656646319,0.8571216396851331,0.8821979389103038,0.18031091851898035,0.9549031025951598,1.0300760534549256,1.1182195789132017,0.10760508697870315,-9.867532688156988e-05,0.43140709232762303,0.7040399487228679,0.2476606925606445,0.5777685482173242,0.49191931530806543,0.4007472225778775,0.09167209515893643,1.2150920370265075,0.6395589266954682,1.0364837401870575,1.0067607985658498,0.9056925899665922,0.44173204344773687,0.463,0.3503,0.1867,-0.12225078548985968,0
JPM,2026-02-23,0.8388691487718218,0.8314354210368595,0.66948489118522,0.662260507945938,0.6932815157087173,0.44855607860252933,0.9197323323923801,1.0129591853724205,1.1177929336484462,0.025340289746052735,-0.022308033625229234,0.25650343202504555,-0.13614401901453443,0.0015413747572253778,0.19691254713928497,0.3728883492671643,-0.11114013566708203,0.30106726253078053,1.497500595721247,0.8371781132387788,1.03656609228532,1.006724724042523,0.9055609434764698,0.4421334917549682,0.463,0.3503,0.1867,0.17571005763539116,1
JPM,2026-02-24,0.6537926772748341,0.662870842073719,0.6112415844684516,0.6567651863953663,0.6879538421885512,0.4796635179931623,0.890484809339882,0.9968984606940645,1.114525001509831,-0.03981269898504425,-0.05680254530325182,0.15343718054140665,0.5408250798173484,-0.004321730294242321,0.28063788044512866,0.29424846255749515,-0.11301747116484756,0.3209858435960806,1.474525732571148,0.8411881277858744,1.0413165400557367,1.0040263496976278,0.8968852768074078,0.46754322269165904,0.463,0.3503,0.1867,0.06279106273873691,1
META,2025-05-09,0.07510486059708832,0.05793350587298418,0.05241268727764714,0.01662932536718964,0.012406453234236281,0.045091227786713275,0.0,0.0,0.003147665254217724,0.6945597247616618,0.5394779092832312,0.8506356417865757,0.48925056662805727,0.6905040826917892,0.8470884872193996,0.9148636886671451,0.6970621684001843,0.040092181331539245,0.655633149271575,0.8496955014556309,0.0,0.0,0.03685763625121363,0.7091783940336474,0.09177777777777779,0.03894444444444444,0.8692777777777778,26.86815399484532,1
META,2025-05-12,0.20932642487046582,0.2242683655186144,0.1993285563962517,0.2503360716952949,0.24639639797176116,0.18631864728764724,0.060206534540402146,0.033719125637091896,0.0,0.7689818670467884,0.5897172851286872,0.9194470040041692,0.866080498691101,0.8810516741408099,0.9899328407167255,0.932963898748895,0.9030986650281272,0.17161256385966442,0.8763595350253461,1.0,0.07622259091647487,0.02221851360130822,0.018173588198427515,0.8167081012527151,0.09177777777777779,0.03894444444444444,0.8692777777777778,0.09002944206077967,1
META,2025-05-13,0.28147051566740666,0.32644833764682435,0.30856341133436915,0.3329848145382126,0.32914572236663897,0.14477101862256203,0.12568468629699936,0.07213675593625091,0.00017454496628932503,0.8469099501255091,0.6468266453934522,0.981354860208846,0.6430507440843538,0.9325820539759349,0.9647396470217018,0.9563087667441068,0.9544800276550159,0.12972832116000613,0.8444128194530323,0.9834249107239739,0.1627877895793941,0.05108682867821468,0.002747152374955597,0.9260255891997321,0.09177777777777779,0.03894444444444444,0.8692777777777778,-0.23762367220301284,0
META,2025-05-14,0.3587959536146066,0.33515827194903425,0.36608708723756056,0.3495643515060993,0.3457449492615434,0.06860383418649,0.181540120114005,0.10861928168005175,0.002400880622966728,0.9090527651521767,0.7060050777875699,1.0,0.5524243128231191,0.9426499653592946,0.9731869223923627,1.0000000000000002,1.0,0.06019849632710941,0.8063726146959818,0.8815273553924987,0.23840364384191126,0.08303548536154093,0.0,0.9999999999999999,0.09177777777777779,0.03894444444444444,0.8692777777777778,-0.2729277392915248,0
META,2025-05-15,0.32459906242289627,0.30848098745769414,0.28726762539459827,0.2724919093851135,0.26857932820694463,0.09300631850040271,0.21007977291070334,0.13454522031625604,0.0010595973368894285,0.9331104061361981,0.7585706365338263,0.9404090597729963,0.4254274817738911,0.8328823175233495,0.8563976676592113,0.9537320476188363,0.8061244029084571,0.08524028999755276,0.7528280924124564,0.8518023927005487,0.27893135788300283,0.11584871171406652,0.023531387226301437,0.9938043647881384,0.09177777777777779,0.03894444444444444,0.8692777777777778,-0.12583802727820503,0
META,2025-05-16,0.24406612385886994,0.22451722078439218,0.22498371498722225,0.25486681603186456,0.2509329071279649,0.14413696530822578,0.22921948737108622,0.15645859611298096,0.002508323916089683,0.942930453294175,0.8027549745309256,0.8648829192041598,0.5058205695822722,0.8084391382880713,0.8296900180821641,0.9069393587878787,0.6713000378619596,0.13139740104652284,0.7585204470717635,0.8063032568243502,0.30548729800055563,0.1480338084676065,0.055977004586720724,0.959671684415183,0.09177777777777779,0.03894444444444444,0.8692777777777778,-0.09614894515103944,0
META,2025-05-19,0.19615099925980717,0.2372586103921961,0.23325149070501539,0.25531491162559083,0.25138156188812744,0.03487170824734444,0.24462512708728967,0.17642194146003165,0.0042204858642600485,0.9463102267769328,0.8388361795588299,0.7918627258461752,0.5307333384061504,0.8088106063489655,0.8303690517548769,0.8574550896883184,0.6613802126584735,0.030836273470556425,0.6592809079054684,0.7576602704444013,0.3082027409840653,0.18413833263382307,0.11158746843112954,0.8652425006665106,0.09177777777777779,0.03894444444444444,0.8692777777777778,-0.07654576170128313,0
META,2025-05-20,0.23444362200838853,0.21909217599044384,0.2555995390088688,0.238735374657705,0.23478183537767716,0.0,0.253476621918292,0.19301298306408654,0.008649017146353799,0.9400584219113719,0.8663439029984126,0.7146040549456333,0.5071418671002234,0.7831834621468465,0.7144017737396624,0.8082556233023289,0.7025580775083871,0.0,0.6583811954892578,0.6643498956058946,0.3059909369854079,0.2158505957079453,0.16369494307208887,0.7747548325682541,0.09177777777777779,0.03894444444444444,0.8692777777777778,-0.21317018673192678,0
META,2025-05-21,0.2136195410806807,0.25522596058132585,0.24512702309966405,0.23076923076923084,0.22680597280392734,0.05778820660835336,0.2588890971672493,0.20734742014345553,0.012037130995802059,0.9286319718293443,0.8858694474210353,0.6426738203743558,0.519033584899927,0.7703256492050714,0.6679480837043814,0.752214447434714,0.6515143299018974,0.06011216612248155,0.6274104888540792,0.6332072168376541,0.30582008921439785,0.2425587062133161,0.20637922460590175,0.7036362637933953,0.09177777777777779,0.03894444444444444,0.8692777777777778,0.1498939336198477,1
META,2025-05-22,0.2247717739945716,0.23850288672108277,0.24783284060730582,0.23609658949464807,0.23213936875574248,0.018175786997255694,0.264334937587797,0.2208791275791544,0.013998911616011522,0.916831467364576,0.898928042994386,0.5843978600507076,0.5375265089833542,0.7759159753117595,0.6450465566591636,0.6880029578180133,0.6506248134837168,0.021926434599487662,0.6188245103141627,0.581138169107738,0.30585044330483724,0.26652947350455314,0.24455838891015147,0.6413331082660447,0.09177777777777779,0.03894444444444444,0.8692777777777778,0.15053073804009975,1
META,2025-05-23,0.1751788798420919,0.1847501493131598,0.20744600891917608,0.18874782175753024,0.18473334768895322,0.020938447866863497,0.25877325890729397,0.22873285320079706,0.018126185161049246,0.8908053514465081,0.9037247589802556,0.5099471448431826,0.463786653148501,0.6942422534105948,0.5194749786134996,0.6204637210146455,0.6349303505344921,0.02778567545613911,0.6286091427549447,0.5324529486112946,0.3018061665023004,0.2850232777781243,0.27690087324762547,0.5857137331760194,0.09177777777777779,0.03894444444444444,0.8692777777777778,0.48544561069476555,1
META,2025-05-27,0.2314828522082406,0.23765677881743974,0.25805481785839524,0.26472491909385143,0.2608028122359842,0.03384351368355598,0.2702392708918624,0.24300975174176376,0.0220049037181691,0.8868646557968451,0.906706623291805,0.49359287536756996,0.6360663748308941,0.779541832830656,0.7206301642056648,0.6387172787565011,0.4971983330882507,0.04377111560803837,0.64260271821254,0.5166379141340702,0.3016369310021414,0.3064815499039195,0.31121767309935766,0.5312129929332904,0.09177777777777779,0.03894444444444444,0.8692777777777778,0.0988166825349095,1
META,2025-05-28,0.2669627436466815,0.27647820027871806,0.30716039484892477,0.27099825740602457,0.26708347926270726,0.02814560214256162,0.2807261300198447,0.2565780282579784,0.02632600290381326,0.881657702252177,0.9079617069923637,0.4780322453519086,0.5387491688643163,0.786286499032494,0.7179545625642115,0.6639788189798209,0.4370730005593387,0.03875197691269376,0.6441931472182885,0.45787331416113686,0.2972643384309541,0.3271425046697374,0.3472468023016466,0.47107087055132335,0.09177777777777779,0.03894444444444444,0.8692777777777778,0.5099031385504071,1
META,2025-05-29,0.31162102146558057,0.28862233724865627,0.29187753670391325,0.27831715210355945,0.27441134047350557,0.025892142390258596,0.29064876222780534,0.2696003549705881,0.03332936635138806,0.875797319798107,0.9076935095318813,0.46430542075941494,0.5401675897769236,0.7945900882781678,0.7387682514848943,0.7399606780990897,0.430100522330729,0.045008150997368435,0.629828062406929,0.4259263430073197,0.2767553168579351,0.34940504007621964,0.3972796847644755,0.37581388928436454,0.09177777777777779,0.03894444444444444,0.8692777777777778,0.39601270835419444,1
META,2025-05-30,0.2664692820133232,0.2691618554648616,0.2582051410532644,0.2904655215334828,0.28657448093691906,0.11625330797120077,0.3011316564803139,0.2825800293358558,0.040415383653676695,0.8707814762328627,0.9063900329888082,0.45497615526696444,0.5467509543203283,0.8089773732187129,0.6070346657500111,0.7006015265518263,0.499979390499215,0.16385425857156105,0.5681031134370751,0.41294177972513135,0.26943745736419755,0.3668534948980815,0.4302793994975107,0.3194811364754111,0.09177777777777779,0.03894444444444444,0.8692777777777778,0.7037901637057824,1
META,2025-06-02,0.27579570688378974,0.3878658172406926,0.31572881695645627,0.4070201643017177,0.40327018359372424,0.11044278464464861,0.3339332025866262,0.3053286009342209,0.04989990788383558,0.8943661279479302,0.9104673806012736,0.5034646623365662,0.6866188075013111,0.9300747176864863,0.9323863064052128,0.7748989381317115,0.6077499427132738,0.1651541163459181,0.542883269288158,0.47431441992181855,0.2950985968476072,0.3839774428088796,0.43935801667205654,0.32938669473899473,0.09177777777777779,0.03894444444444444,0.8692777777777778,0.169595656876387,1
META,2025-06-03,0.40932642487046644,0.39941270157276554,0.4198025755374051,0.38685586258401816,0.3830817186175235,0.059261952149783484,0.35595058187677076,0.32411495629703246,0.057786924117637195,0.9035790979078662,0.9157293557809807,0.5141397597767807,0.5034331103327471,0.8876909677666076,0.8147520843031634,0.8012262066563853,0.5911919917652412,0.10135901023468424,0.5502444062618428,0.4217819901030879,0.3118179327292627,0.39964119092665706,0.45245526584337936,0.3251460483766053,0.09177777777777779,0.03894444444444444,0.8692777777777778,0.4015686929167548,1
META,2025-06-04,0.39881569207994083,0.46620545490742593,0.43754071253194393,0.491909385113269,0.48826278178941296,0.08921301498471172,0.3955706077675525,0.3510619782781452,0.06550637091366296,0.934866652890435,0.9267313327237892,0.5658649431361364,0.6673817593307914,0.9809568547234442,0.9699707037212661,0.9269781485438587,0.6898620256584659,0.1370208159486485,0.5437935996445651,0.450793468207078,0.3375331172020486,0.4229676137270806,0.4713800237826731,0.3204977773733899,0.09177777777777779,0.03894444444444444,0.8692777777777778,0.06237944820148211,1
META,2025-06-05,0.5090550209721192,0.4929822815050766,0.5060880893921929,0.47532984814538226,0.47166305527896313,0.07759931257849163,0.4237936115382186,0.37400181682225675,0.0720204172711898,0.9506103300989275,0.9389508004866487,0.5768361829553093,0.5087325178029082,0.9460527805876404,0.8507630504062089,0.8986969037205876,0.6834105093824359,0.12227688137160764,0.5479587398169834,0.4093201670618556,0.35674569635955056,0.4433202764736617,0.49018034085274387,0.3102911978053008,0.09177777777777779,0.03894444444444444,0.8692777777777778,0.1879123183892415,1
META,2025-06-06,0.531310140636565,0.5349392793151502,0.5542917272135091,0.5405028628329602,0.5369153436430665,0.06101233099051857,0.4600241854412723,0.4009784518072026,0.08170938158983843,0.9758284844484915,0.9542011301061455,0.6041483497004869,0.6135720230575946,1.0,0.9256220752306483,0.9371117074257022,0.7313947103233583,0.10326316181180364,0.5539428748755073,0.4159528006906983,0.3840919038248036,0.4664288203766085,0.507600403405331,0.30944314580710586,0.09177777777777779,0.03894444444444444,0.8692777777777778,-0.03314545943496283,0
META,2025-06-10,0.55687145324451,0.5370296635476808,0.5527383875331959,0.5638536221060493,0.560294353494986,0.05026647375778186,0.5140421739380656,0.4484389837297411,0.10596696674091577,1.0,0.9831626038302109,0.5980120662096966,0.5827484074982295,0.9957867425701821,0.9560921884944439,0.9336235257354244,0.7249715990246877,0.09562543285649663,0.22802994094177387,0.3331867907042054,0.42693680626581765,0.5045660136471306,0.5379718409585519,0.3037572996017449,0.09177777777777779,0.03894444444444444,0.8692777777777778,-0.17375614271154094,0
META,2025-06-11,0.5685171477917592,0.5651005375273743,0.5548930199929849,0.5227284042818021,0.5191190379003361,0.034750528173755096,0.528499668514721,0.46697888142261545,0.1191246497722056,0.9949611134744112,0.9937241861977463,0.5618963920630503,0.4779873971552501,0.904601061587931,0.8191378006256889,0.8967283075396685,0.6866529203620009,0.0809572447640812,0.2089241533828885,0.3283105097487584,0.45039623496776793,0.5133991572762966,0.5354003954333635,0.3279340307117239,0.09177777777777779,0.03894444444444444,0.8692777777777778,0.08181614321722841,1
META,2025-06-12,0.5171477917591902,0.4979593868206251,0.5298892619131128,0.5188449091361713,0.5152310297226284,0.007089646325550883,0.5392522099144248,0.4834685450574474,0.1311182816857035,0.9849496250653484,1.0,0.5232758177106193,0.5251599176569177,0.8959649991000098,0.8100490417421106,0.8813009912535086,0.6772696034358897,0.045342665430845974,0.20963607827078667,0.2733255624884914,0.4703747249694601,0.5212797108564202,0.5337811578707172,0.34760080308090213,0.09177777777777779,0.03894444444444444,0.8692777777777778,0.04263252056959743,1
META,2025-06-13,0.4907475943745374,0.4939279315150311,0.4998747306709421,0.46661687826736387,0.46293976784864066,0.030979257398716722,0.5369137954135308,0.49355296851608665,0.1421712809339919,0.9582458588747904,0.9992233755405315,0.4597238054859719,0.46293750601702643,0.7821214084881785,0.6451319729858309,0.7735578991964658,0.625450090130931,0.08286367446328921,0.17780120529046894,0.25301718386256966,0.48118763651819885,0.5303168415416417,0.5405095497723811,0.3473882843519628,0.09177777777777779,0.03894444444444444,0.8692777777777778,0.1446699302389831,1
META,2025-06-16,0.5469035282506787,0.5565399163846307,0.5625093951996791,0.5624595469255662,0.5615913554519798,0.08539890276951549,0.5556830806758613,0.5119765212349789,0.16127888824720804,0.9590289502644687,0.998772081825174,0.4626554757338376,0.656003257067615,0.8905585536451164,0.9063018740810157,0.803758954900661,0.606765777862404,0.16711126700114273,0.22177637758190727,0.30694150830590505,0.5054679040197816,0.5447614528069167,0.5462982292559353,0.36008589454322837,0.09177777777777779,0.03894444444444444,0.8692777777777778,-0.17562077030586898,0
META,2025-06-18,0.5412287194670609,0.5288672108301813,0.5694743698952744,0.530843913368185,0.5299132317681545,0.040696920067664996,0.5719999940334497,0.5388983719913969,0.20295848847306264,0.9338440189590942,0.990829278509476,0.41896187774083016,0.5208772578992519,0.8246918977250977,0.8223911831816605,0.8761376188259196,0.5167106224100069,0.09775625996297344,0.22681140291080137,0.20224428819613816,0.5319261702984517,0.5717735809187796,0.5705693270109471,0.34852628382940987,0.09177777777777779,0.03894444444444444,0.8692777777777778,0.15467518729222407,1
META,2025-06-20,0.5539106834443621,0.5300119450527574,0.48814952147116264,0.46402788150360985,0.462964249010386,0.19333852326779816,0.5631171446900942,0.5439460171968453,0.2222207778511498,0.9001596008754871,0.9792765156615083,0.3626162161409628,0.44429024095469083,0.6896789441694979,0.5803036183894789,0.7631840693952986,0.4791113144400201,0.3009043151165848,0.26660649391976676,0.24394048019150105,0.5301089796654899,0.5827541755727572,0.5893580022967777,0.3207482340482971,0.09177777777777779,0.03894444444444444,0.8692777777777778,0.2837226067052949,1
META,2025-06-23,0.46972612879348663,0.516225363328688,0.4885503833241467,0.5445855115758027,0.5436826362114351,0.05308176839672642,0.5728988739485925,0.5561081144596929,0.23487771198723584,0.8913522030934529,0.9681222563100789,0.36620727190688407,0.6333838262397483,0.7901495862391092,0.7480766455026565,0.7307505726958483,0.49061216996681756,0.10411595768352391,0.2939903128617979,0.2657404468234519,0.5347368852102821,0.5972399280607039,0.6091587857649317,0.2972680647098953,0.09177777777777779,0.03894444444444444,0.8692777777777778,0.2528841152653647,1
META,2025-06-24,0.5743399950653836,0.5866016324905439,0.6056020443954502,0.6126462534229526,0.6118776601405216,0.08665844111015637,0.5949921113055137,0.5735629022997313,0.25347340732029,0.8987953981108863,0.9608147352105729,0.40087158903222736,0.6155143042112721,0.8626445927375299,0.9631935370737278,0.779536495205029,0.554530199411255,0.14495163381970583,0.2767069172491984,0.25867655329945416,0.5367710889068866,0.6171007545755556,0.6393661392705643,0.2575781961554364,0.09177777777777779,0.03894444444444444,0.8692777777777778,0.17472158419592776,1
META,2025-06-25,0.6159388107574637,0.6034740195102533,0.6219872726361677,0.5951207368683096,0.594317672550972,0.03154231632650563,0.6089927771441266,0.5877833414612601,0.27197943968009186,0.8960125375678254,0.9543645709932997,0.4085975347319268,0.5082814636678126,0.8274917521591683,0.7715977293434684,0.8458170609448447,0.5104974386466523,0.07124250519485714,0.25968266060476164,0.2254053025755549,0.5405599541053152,0.6326081149400737,0.6613904302886451,0.23091909513921685,0.09177777777777779,0.03894444444444444,0.8692777777777778,0.2468681434155766,1
META,2025-06-26,0.6210708117443868,0.6614075253832374,0.6503983564664022,0.6818023400547673,0.681171338654905,0.08839168337482832,0.6383649497911565,0.608859979255334,0.29378253452839065,0.9130994664354453,0.9529139401224946,0.4536500956422097,0.6370599159334304,0.9141471494790361,0.9442111943789221,0.9137747664686136,0.6054693551708928,0.14286140840113412,0.2852983278787833,0.25028095781437365,0.5566453182327802,0.651861858692607,0.6806587357343563,0.218670185092927,0.09177777777777779,0.03894444444444444,0.8692777777777778,-0.05031425321129479,0
META,2025-06-27,0.6810757463607202,0.6972924547083412,0.72460790700005,0.7193427931292007,0.718785894254371,0.14727907893351744,0.6697324554485657,0.631549710363688,0.3175412630223349,0.9324257700357175,0.9559490947793844,0.494073093492543,0.5756366357639168,0.9476076961483149,0.9581544298670855,0.9120287907309697,0.6363293780804272,0.20850747841031228,0.2853402417027343,0.21298515939331852,0.5742286541289747,0.6725238356006029,0.7011081998172255,0.20626350235361565,0.09177777777777779,0.03894444444444444,0.8692777777777778,-0.13922573362489699,0
META,2025-06-30,0.7700468788551689,0.7593569579932309,0.766648293831738,0.7415484192183222,0.7410357729726971,0.10598482678593725,0.699481609304613,0.6542643131760872,0.34394465734362134,0.9491881522412773,0.9620162612904641,0.5213956232718676,0.5568219841085333,0.9670774171339092,0.8507920135465024,0.9394684329351113,0.6946763994426767,0.1571480440023547,0.28479308627867816,0.2076854684767364,0.5893143533514693,0.6936548131548488,0.7240775592693001,0.18859083351559316,0.09177777777777779,0.03894444444444444,0.8692777777777778,-0.12844825958797512,0
META,2025-07-02,0.6258573895879596,0.621988851284093,0.6591672095004255,0.6194672641274583,0.6187124008075786,0.03174183503352648,0.700971346272385,0.6741800873129113,0.39396491828683455,0.9079595590879157,0.9589400698577208,0.42750502571934845,0.49536081587454966,0.7265356179457116,0.49466858621578225,0.651550074559917,0.5456001752419093,0.0657433427378904,0.2898301363663507,0.19020549114038432,0.5903141259428959,0.7159388135470723,0.7588806694323837,0.14388672246297476,0.09177777777777779,0.03894444444444444,0.8692777777777778,0.057247510249301525,1
META,2025-07-03,0.6815198618307425,0.6654389806888314,0.6672846620233499,0.6465521533482699,0.6458510176419243,0.0227451326003775,0.7045580403770781,0.6840885786514588,0.41846194433239425,0.8917738504418842,0.9519446375357448,0.4036839312419301,0.5635803349986526,0.759227712080569,0.5736779943852726,0.5555341863925172,0.571101551861669,0.057150490702351675,0.23002129837593965,0.1934194056574945,0.5979296782341295,0.7232661559037687,0.7651533243514015,0.14215316446356976,0.09177777777777779,0.03894444444444444,0.8692777777777778,0.10636298093287189,1
META,2025-07-07,0.6370589686651864,0.6553354568982681,0.662724858445658,0.6432661189942745,0.6425585511948553,0.033215580574956605,0.7067385414351741,0.6927873853953939,0.4406520186614089,0.8743638671358247,0.9425686574131869,0.38223197415851073,0.5260673994635796,0.7527530519831735,0.5640925454661662,0.5511561287988759,0.6206323375871693,0.0732537195104224,0.22672507825002486,0.17840308165693264,0.6020223798069475,0.7312122427358156,0.7749120676963726,0.1329631962305127,0.09177777777777779,0.03894444444444444,0.8692777777777778,0.06901997191522358,1
META,2025-07-08,0.6566493955094992,0.6349790961576747,0.6692388635566462,0.6548170276325616,0.6541321453141804,0.012573350665755975,0.710904385094608,0.7017812734150382,0.46166259046115643,0.8601582786970622,0.9319838997194496,0.37133925250259486,0.5443222123238488,0.7680016867722907,0.5977870711431168,0.5868851509058883,0.5667339275534172,0.04774751737540553,0.2035629177880195,0.13246369581009532,0.6097436405123746,0.7366624442128153,0.7781182238858175,0.1353043679336969,0.09177777777777779,0.03894444444444444,0.8692777777777778,-0.024098906948981647,0
META,2025-07-09,0.6623242042931161,0.7077443758709934,0.7088740792704313,0.715110779188449,0.7145456571168483,0.05721780343368023,0.7268768556164908,0.7156257777718213,0.48244966543159595,0.8616520688305862,0.923840389129487,0.3933381924471717,0.6035452843334536,0.843639489916683,0.7736706042688167,0.6561796172162068,0.5595731847853699,0.10959660646430597,0.21618582999417224,0.1481755072001245,0.6260170438706782,0.7457676867359093,0.7810800563285558,0.14509970777711398,0.09177777777777779,0.03894444444444444,0.8692777777777778,-0.08280292632242803,0
META,2025-07-10,0.705896866518628,0.6991339836750945,0.6932404670040584,0.6875280059746078,0.6869079243522109,0.038803328412687924,0.7338724286872598,0.7256186058105207,0.5023414206804757,0.8519432724905812,0.9152178417428222,0.3890214226676607,0.49667276120595627,0.7825924612923423,0.6932081060431515,0.700916239573151,0.5526465661103765,0.08505483891149845,0.21646161902072092,0.1524777601565519,0.6362499153826162,0.7516548075330665,0.7832001079544644,0.15089978427777653,0.09177777777777779,0.03894444444444444,0.8692777777777778,-0.12237348467822107,0
META,2025-07-11,0.6612385886997285,0.6461775831176588,0.6436338126972991,0.6390838934528253,0.6383682756119162,0.05055779555085525,0.7293133570316352,0.7301488067637676,0.5206203284882744,0.8279930567104353,0.9031203125631726,0.35770713430489337,0.4707603726185524,0.6815076122161667,0.5513639106446859,0.6848313045695517,0.4553970988761415,0.1002072345958396,0.22029406168485977,0.1579994779445968,0.6380717839446604,0.7571995107005387,0.7907434415713119,0.14272066631586147,0.09177777777777779,0.03894444444444444,0.8692777777777778,-0.11409707455238605,0
META,2025-07-14,0.6370589686651864,0.6603125622138166,0.6779576088590464,0.6560617376151354,0.6553791857165909,0.026878719555036568,0.7292251450296288,0.7358632043575755,0.5398881714171528,0.8106420758885082,0.8896754641460085,0.34556596475821855,0.551005857091754,0.7066806684501612,0.39253633907045227,0.5527739474758324,0.44130290222807644,0.06682945859870154,0.22026333475051474,0.13404576305380655,0.6400744103944027,0.7637159458523897,0.7997070863329543,0.1329021743422151,0.09177777777777779,0.03894444444444444,0.8692777777777778,-0.14850884341502724,0
META,2025-07-15,0.6681470515667405,0.6427433804499305,0.644235105476775,0.6036345531491163,0.602848607996147,0.05858260931299468,0.7181640578264727,0.7361294778247482,0.5553858923395589,0.7801105739435201,0.8722913245527549,0.3100676205418543,0.46527697225493425,0.6015492128962703,0.09608843874463212,0.3458808593115262,0.38960426056294134,0.10806328374192167,0.2188012496103131,0.13015630618626917,0.6298498222455491,0.7702212535927999,0.8173301909100004,0.10191660958145801,0.09177777777777779,0.03894444444444444,0.8692777777777778,-0.050562519424013574,0
META,2025-07-16,0.6161855415741426,0.5904837746366716,0.5913714486145207,0.5663928304705004,0.5655323228775453,0.07740958620064974,0.7015078250723747,0.7328703782727448,0.5672757086826268,0.7436584531701158,0.8504704105337841,0.2700862790430464,0.48346902819938553,0.5331047300742282,0.056187126430938594,0.17430946469183575,0.42760670658903505,0.13396456453092362,0.16629634427910045,0.1268414733845742,0.6296924297709197,0.7704044958087404,0.8177339080150823,0.10127231970142828,0.09177777777777779,0.03894444444444444,0.8692777777777778,0.08874184471723323,1
META,2025-07-17,0.5718726868985935,0.5503185347401951,0.5805481785839555,0.5589245705750558,0.5580495808475376,0.06193403397448609,0.6866172895917533,0.7292054990672239,0.5787464782678309,0.7109404917765072,0.8259107472945176,0.24540644244339055,0.5207009410707785,0.5194689797846426,0.06703430845058325,0.06152784987185396,0.442028984749743,0.11169585534628523,0.16225372475481048,0.08868097846781087,0.6283135919831255,0.7713740905867463,0.8202575994362404,0.09691670807882069,0.09177777777777779,0.03894444444444444,0.8692777777777778,0.030394159852026315,1
META,2025-07-18,0.5610165309647175,0.5443957794146925,0.553189357117803,0.5732138411750061,0.5723670635446023,0.0738867957785269,0.6777003840516729,0.727217115424974,0.5918742101935455,0.6873357170861986,0.8011385192427594,0.24349094583630465,0.5481074822841958,0.5471939535515171,0.20981453365022634,0.10093225114762437,0.43321278598408397,0.12536677132355617,0.16284198930741778,0.07859344151890002,0.6254998058844485,0.7733480562073196,0.8254002222284487,0.08804558318976283,0.09177777777777779,0.03894444444444444,0.8692777777777778,0.08105864535642437,1
META,2025-07-22,0.6301011596348385,0.6035735616165638,0.6020945031818408,0.575852626338063,0.575011029013174,0.02665472002506837,0.6726692846096967,0.7277119312005249,0.6169038284779571,0.6599800339065852,0.7580598581477271,0.27364437864098734,0.47939051951602235,0.5442604585426807,0.26829089552077984,0.3053819068608169,0.42932145634421265,0.07251956923930644,0.10362076537086529,0.07707831769932705,0.6055738603612122,0.7819073121937445,0.8531812623501036,0.03633657880323388,0.09177777777777779,0.03894444444444444,0.8692777777777778,0.06827919197641608,1
META,2025-07-23,0.5816432272390819,0.5937686641449331,0.6197324247131326,0.6195170525267613,0.6187623623621623,0.024824778509754383,0.6762488664246216,0.7302123229567461,0.6304926170860661,0.6556296622522441,0.7399745565659792,0.3037492022004835,0.5846066969050526,0.6245204020362232,0.46049086513409493,0.3922375292606545,0.4185892719261877,0.07336268869615145,0.08205897721482891,0.05481589010981436,0.6056264214314035,0.7822274285395427,0.8536541110451927,0.035787909725553624,0.09177777777777779,0.03894444444444444,0.8692777777777778,0.032653008493496394,1
META,2025-07-24,0.634344929681717,0.638512840931714,0.6651801372951844,0.6255912372417223,0.6248486789415546,0.05113187084897046,0.6803859191568309,0.7330564494610368,0.6389739528278935,0.652685055584602,0.724867053558496,0.33058319696529387,0.5376414716169795,0.635427187741519,0.4872281042551345,0.4068695802874472,0.4418637355555677,0.10998203933089673,0.07953056951969384,0.03552675056618204,0.6054264350764806,0.7836470214114852,0.8560583497655774,0.0326071951161746,0.09177777777777779,0.03894444444444444,0.8692777777777778,-0.11816170514904545,0
META,2025-07-25,0.6337034295583517,0.6237308381445352,0.6546575136543566,0.6150360965894945,0.6142723174517211,0.0187057968140657,0.6814827608717384,0.7346497015614868,0.6453638056665234,0.6464310020305927,0.7114233223889495,0.34557603267113285,0.5170251116571832,0.61119741386804,0.4407660606700687,0.4666296610612489,0.46840836570327304,0.06725356346000472,0.01618794679048341,0.003651291276203894,0.6004615674826224,0.780536433688793,0.8546245807965107,0.030228814980576557,0.09177777777777779,0.03894444444444444,0.8692777777777778,-0.14187996649017087,0
META,2025-07-28,0.6252158894645943,0.6440871988851287,0.6585659167209497,0.6396813542444608,0.6389668150358299,0.02414053950837612,0.6875268499965679,0.7384150512244232,0.6519350782298812,0.6470630394158335,0.7008055501154963,0.37104174646343013,0.5606146445515552,0.6594384346627076,0.5492491929993726,0.4973831022189102,0.47395649546989854,0.08279111725487079,0.008687242943767104,0.0,0.5883657939522768,0.7768251051313881,0.8572939838073568,0.016690972402652327,0.09177777777777779,0.03894444444444444,0.8692777777777778,0.4357350789769785,1
META,2025-07-29,0.6489020478657781,0.6427433804499305,0.5945783434383922,0.5519044062733385,0.5510154935776921,0.07985032424849993,0.6739608284016616,0.7335861440332603,0.6582646369737342,0.623037275858064,0.6870954399211461,0.3431755971887561,0.4205068947816869,0.47130154720662415,0.16916323344902018,0.38717835271639567,0.44820900232202215,0.17126528753795842,0.05966147764844798,0.06451213383293841,0.5697051801124577,0.7679897778348419,0.8564564115091553,0.001948029214135505,0.09177777777777779,0.03894444444444444,0.8692777777777778,0.4527749644339947,1
META,2025-07-30,0.5901307673328398,0.563259008560621,0.5509345091947688,0.5280557630072193,0.5271193816358313,0.24889407882335374,0.6581084346827866,0.7269541975454819,0.6644541365102428,0.5970517754712386,0.6704860087541287,0.3170487918116436,0.49985699049518,0.4276675326653033,0.08388963642062505,0.2635259769036093,0.4576034621232269,0.4026831214966674,0.0,0.08132006782941859,0.5726050557419597,0.7624204271025734,0.8455229549143493,0.0181308347802272,0.09177777777777779,0.03894444444444444,0.8692777777777778,0.7681076726221503,1
META,2025-07-31,0.921292869479398,0.9427632888711925,0.9232850628852027,0.9175504107542944,0.9173870706491356,0.3927654272026008,0.7270788466294276,0.7575416644608644,0.6793797073410848,0.6802956765943283,0.6752703651833198,0.5098357685123346,1.0,0.924115787137975,0.8753300410267656,0.37650814335081795,0.7484032067809808,0.5311015556324612,0.739968884731669,0.5318968086880898,0.659662604936825,0.7763078314977245,0.8058729805740215,0.1412783703362435,0.09177777777777779,0.03894444444444444,0.8692777777777778,-0.05427119039138739,0
META,2025-08-01,0.8498889711324944,0.8494425642046588,0.822067445006764,0.8008961911874533,0.8005015140849117,0.15037590303635645,0.7578002239944608,0.7743817720664996,0.6920578143895617,0.7128980458587053,0.6861756877849192,0.5649939567274456,0.394562684812252,0.7481427361777797,0.6235029271142885,0.5339300931641688,0.6517796160846281,0.20659052496828353,0.7916801090121222,0.5727728059164643,0.6846683678914292,0.7834985784906112,0.7995867756649515,0.16993062340570966,0.09177777777777779,0.03894444444444444,0.8692777777777778,0.13697865793719366,1
META,2025-08-04,0.8462867012089808,0.9034441568783595,0.8877085734328802,0.9321384117500622,0.9320038230581567,0.11087609521081661,0.8098904145318588,0.8020290447317202,0.7078617083893408,0.7717042197078252,0.7076665192606127,0.6603837161843731,0.6823266990225477,0.8520095161665284,0.906821481732826,0.8190637441719734,0.7131706219358364,0.15201491600974784,0.8351174940359729,0.6165352025157604,0.7430740588680074,0.7969568457844614,0.7795860552463014,0.24321144732470665,0.09177777777777779,0.03894444444444444,0.8692777777777778,-0.07782820371793908,0
META,2025-08-05,0.9274611398963732,0.9347003782600041,0.9107080222478325,0.8678615882499381,0.8675993822753392,0.059938846904277546,0.8380877838781298,0.8211202411886425,0.722102736905156,0.7981166603174298,0.7305932143821949,0.6733227906703876,0.4562232573702384,0.7657434257644864,0.7680636666338108,0.781897540026076,0.6985599906819542,0.08800850264524979,0.8527110397273787,0.6107121209685173,0.7742596596731466,0.8068823806360359,0.7732725121283872,0.27646429159333386,0.09177777777777779,0.03894444444444444,0.8692777777777778,0.03358068428259986,1
META,2025-08-06,0.8956328645447815,0.8874676488154489,0.8979806584155936,0.9103310928553645,0.9101531371609544,0.03660372647086904,0.8695488327636514,0.8424684414849479,0.7383598163248175,0.8273770398162266,0.755286875993814,0.6892455498365132,0.5790742736111958,0.7997408361511003,0.8597447057115125,0.8637518044292831,0.6950822682553649,0.06110260607291404,0.8473738099292853,0.564048978993142,0.8080726164597345,0.8159774946593652,0.7637710441112087,0.31573021464975404,0.09177777777777779,0.03894444444444444,0.8692777777777778,-0.03354491144843785,0
META,2025-08-07,0.9128546755489761,0.894236512044595,0.8934208548379008,0.8597460791635552,0.8594676396512884,0.02786162459637244,0.8841131844154875,0.8571203758276669,0.7517762433182589,0.8336658308257198,0.77640707540238,0.6570438197135614,0.471735562666917,0.7314476391454552,0.7505440231783883,0.809603988201631,0.6539874081853645,0.05106587175390001,0.8536603465258046,0.5341938981919412,0.8299818453659618,0.8240009623003992,0.7610093871520163,0.3366633239088733,0.09177777777777779,0.03894444444444444,0.8692777777777778,0.1635109384755078,1
META,2025-08-08,0.8598568961263262,0.8688532749352977,0.8885604048704714,0.8969380134428677,0.896733963215306,0.007066389543750898,0.9035615757053779,0.8739367948823844,0.7658870768973864,0.8453443986307505,0.795838602957207,0.6418266011701963,0.5731116874477865,0.7641706232369907,0.8308334189353282,0.8313527742627624,0.6889205042883504,0.02750534781324196,0.8441159287658841,0.4819551708421643,0.8586871285735698,0.836014129628861,0.7597829605385416,0.36084280803281776,0.09177777777777779,0.03894444444444444,0.8692777777777778,0.05997109504537379,1
META,2025-08-11,0.8960276338514683,0.8865717698586506,0.9190760134288714,0.8798605924819518,0.8796221307703722,0.010630797364884217,0.9155401283080313,0.8876189465313136,0.7794502027264381,0.8466085133866023,0.8116582590060926,0.6092787512520617,0.5104225725468746,0.7397551269347971,0.7939663884396154,0.8085615651635808,0.6576378809146285,0.032420976137493104,0.8466016749419696,0.4184294118212881,0.8810960078457879,0.8464406999917689,0.7604963943579106,0.377438276827607,0.09177777777777779,0.03894444444444444,0.8692777777777778,0.09221753063447746,1
META,2025-08-12,0.9104367135455216,0.9871590682858846,0.9579596131683115,1.0,1.0,0.09571512155952634,0.9503085889006964,0.9113516097549161,0.7954384835698152,0.8763709690480355,0.8307752879860648,0.6389925434256163,0.6668066609792782,0.8430155034593783,0.9618428183473975,0.8817734566018482,0.8146199835511385,0.13414450391515692,0.862273472944862,0.47905569226933675,0.9247449418201961,0.8649069528875386,0.7589488995570921,0.4132672335566002,0.09177777777777779,0.03894444444444444,0.8692777777777778,-0.02379618883269341,0
META,2025-08-13,1.0,0.996068086800717,0.9870220975096453,0.9506099078914616,0.9505120809537058,0.025316843050996005,0.9677694288831797,0.9282835993725218,0.807702492790769,0.8828142157324008,0.8474677129677131,0.6171435803828986,0.4744313425757698,0.7714620664996614,0.8497039360588057,0.8883118102631787,0.7980055089600042,0.051023474640750605,0.8652279073926472,0.46583784408636353,0.9503782753698187,0.8828072642436613,0.7692844911881869,0.4196253256808856,0.09177777777777779,0.03894444444444444,0.8692777777777778,-0.06670794596756768,0
META,2025-08-14,0.9345176412533927,0.9579932311367707,0.9583604750212955,0.9608165297485685,0.9607387115614534,0.016802412829909685,0.9838777301779698,0.9446358214752921,0.8206481219945818,0.8868414835151834,0.8616959558767309,0.5949379653329183,0.5416786156803602,0.7805770879616225,0.8694736451877595,0.9144739522641534,0.514382501023518,0.04228956975844271,0.863162310143224,0.44210742719544927,0.9723910911741993,0.901531004046312,0.7835016738313096,0.41818972089561546,0.09177777777777779,0.03894444444444444,0.8692777777777778,-0.15915288753356815,0
META,2025-08-15,0.9654576856649393,1.0,1.0,0.9762509335324872,0.9762038111673066,0.081177184852246,1.0000000000000004,0.9609524767661886,0.8315831642719393,0.8903272367756532,0.873835292598864,0.5761140938435976,0.5475449898524841,0.7949589058783959,0.8926253742367958,0.8904911368401167,0.6057921243715637,0.12216073980521475,0.8631778340507186,0.42084373494967586,0.9930979234927944,0.920308104316764,0.798730700904204,0.41449221096445044,0.09177777777777779,0.03894444444444444,0.8692777777777778,-0.19168794877962647,0
META,2025-08-18,0.9207500616827042,0.898267967350189,0.8784386430826272,0.8873288523773959,0.8871053724159257,0.11959126818007114,0.994256521551304,0.9674262201871708,0.8408934682393836,0.8654590817554275,0.878147989951988,0.505585481979408,0.42873067737092885,0.6608894445125177,0.721679167519436,0.8461324577089051,0.45597095869247845,0.1632730810845287,0.8927748659767167,0.4727531207312814,0.9999999999999996,0.9329267050417558,0.813942028615322,0.4004231746410549,0.09177777777777779,0.03894444444444444,0.8692777777777778,-0.1589788327844035,0
META,2025-08-19,0.8814211695040708,0.8552657774238503,0.842361076314075,0.808215085884989,0.8078343714511682,0.06785104888085917,0.9730765541398525,0.9658739122752751,0.8469649212315602,0.8212809672124254,0.8720072646869601,0.4113859984300229,0.4379094914934729,0.5568383919834234,0.10233567847914583,0.5803305562265934,0.4454815879277056,0.09829405673912683,0.9081610311245423,0.46342840256026374,0.9942682498280182,0.9437522360812052,0.8352616039729814,0.3692091318022228,0.09177777777777779,0.03894444444444444,0.8692777777777778,0.020440815579326754,1
META,2025-08-20,0.7849494201825808,0.7708043002189928,0.7503632810542666,0.789494647747075,0.7890773050137918,0.06309564902333757,0.9522082017290661,0.9627028586518551,0.8530237779643812,0.7786181227804552,0.8578327601053528,0.33899077533271765,0.5080114309178779,0.5333454959930439,0.24334007924774864,0.3553628535419666,0.40518999912716475,0.09060526155958776,0.9068611604194434,0.4639772426759634,0.9897003175019932,0.9516713290675467,0.8511234540374786,0.3458804761304336,0.09177777777777779,0.03894444444444444,0.8692777777777778,0.0352773797636905,1
META,2025-08-21,0.770836417468542,0.7474119052359147,0.760936012426717,0.7465770475479214,0.7460743957524683,0.02610634959104785,0.9265163937138032,0.9557853739781881,0.8571872167696091,0.7311616206212681,0.8361905491081927,0.27169663509370945,0.4790186891176373,0.4797467315515123,0.11050806671078585,0.14360115254968422,0.4092896043157873,0.047815043182265426,0.91449012560325,0.42967572446603763,0.9837182329245038,0.9573079321090372,0.8643514138108448,0.3248522396932759,0.09177777777777779,0.03894444444444444,0.8692777777777778,0.10029886887873007,1
META,2025-08-22,0.743794719960523,0.8041509058331675,0.7673498020744596,0.824695046054269,0.8243471648566429,0.0473606000739321,0.9223392805515287,0.9568406225594464,0.8640275566294511,0.7128377189576349,0.8148987382079295,0.2748542141344755,0.6226786377175,0.5799241558563251,0.3522854167911343,0.23020502121672407,0.43737109225492976,0.07182279560792529,0.9277440858039561,0.45132770067823325,0.9763771770703866,0.9670757318381189,0.8851274127733286,0.2935299702149915,0.09177777777777779,0.03894444444444444,0.8692777777777778,-0.04484282374816939,0
META,2025-08-26,0.800888230940044,0.7940473820426042,0.8352457784236109,0.8212596465023649,0.8209048137458228,0.010505945167852762,0.9143598636752026,0.9577150514436417,0.878810649771153,0.6799265234631595,0.7739413278024362,0.286643314111494,0.5347911857308695,0.575181810448752,0.34165231233928445,0.3400854596360213,0.36935434066867356,0.03138212764100547,0.8958307902418037,0.3217711701665793,0.9410397109328614,0.9878986729086723,0.9433892918452012,0.19526014215739326,0.09177777777777779,0.03894444444444444,0.8692777777777778,-0.09358683393860201,0
META,2025-08-27,0.8082901554404143,0.7904638662154091,0.809690835295886,0.787801842170774,0.7873811102356734,0.019240702795465178,0.9048799692213652,0.9551265685167185,0.8838707295055865,0.6579837415254856,0.7531907930143433,0.27973184436971904,0.49067080924334205,0.5255322444807595,0.23810069033424547,0.30052214934557014,0.3783723765429836,0.05139936067118922,0.8978429025931973,0.2846461336749817,0.888443447605916,1.0,1.0,0.08662736703227453,0.09177777777777779,0.03894444444444444,0.8692777777777778,-0.0777411302470723,0
META,2025-08-28,0.7673328398716999,0.7849890503683055,0.7994688580447957,0.8063729151107792,0.8059887916248449,0.008868178112675443,0.9011891776006986,0.9545192509165266,0.8898945182523663,0.6445688666471369,0.7336780521816539,0.2908860429129867,0.552050972777243,0.5534452594527528,0.29557809849167993,0.2888294530512388,0.38414972955533777,0.05523562888893693,0.31088136649056186,0.2557528330056378,0.8838042512582907,0.9948203409731571,0.9950377655224614,0.08888510947203354,0.09177777777777779,0.03894444444444444,0.8692777777777778,-0.08702543611588798,0
META,2025-08-29,0.7736491487786821,0.7555743579534142,0.7721601443102668,0.7445855115758029,0.7440789312623934,0.028483437499234973,0.8852836806664537,0.9481585079507124,0.8946940961466767,0.6165120724578145,0.7119768473175491,0.2711650205209745,0.4567005229258566,0.4614498417846881,0.10434426131445897,0.2066057411026696,0.33400884836990075,0.09267788304707131,0.26366329188875015,0.2431207442494694,0.8884243348174468,0.9921968736898723,0.9875782115898053,0.10137252827073093,0.09177777777777779,0.03894444444444444,0.8692777777777778,0.06671040077136792,1
META,2025-09-02,0.6787071305206016,0.7001294047382043,0.7039134138397554,0.7267114762260394,0.7261692127907575,0.03191564887645264,0.8688121879100752,0.9406956513811444,0.9005926724771367,0.5890394513773571,0.688651692757094,0.256531036198869,0.5086463448880415,0.4361131988417612,0.1684983219993706,0.18248955515705972,0.3780628250267107,0.10389415779189759,0.15623563955002207,0.23868346404252572,0.8858935654410431,0.9826262312486564,0.9741220717125079,0.11545570832604121,0.09177777777777779,0.03894444444444444,0.8692777777777778,0.1191243491375038,1
META,2025-09-03,0.7278559092030594,0.7212821023292855,0.7653454928095402,0.7363704256908137,0.7358472655291752,0.011699385286535788,0.8576598488195759,0.934819270769351,0.9048991935919553,0.5696959981124593,0.6657921866350234,0.26072715875256997,0.5417277116633928,0.45330081219084933,0.1946741584868542,0.14752783994511123,0.43649943445213557,0.07420110386531151,0.13937468211158532,0.1775158861683963,0.8872846868000219,0.9765001847173522,0.9633721499877277,0.12943177857402113,0.09177777777777779,0.03894444444444444,0.8692777777777778,0.10338824587001705,1
META,2025-09-04,0.789884036516161,0.825353374477404,0.824622939319537,0.7941249688822505,0.7937167349724388,0.057476076115774724,0.8608455052026573,0.9349066566486983,0.9089743130249275,0.5697959421959891,0.6475262791782002,0.30212169886693074,0.5989260182299572,0.5521861811748332,0.35119136403495604,0.23305669150230393,0.48881595155088114,0.1479182482908468,0.151607243828369,0.233191354285196,0.8799205984298868,0.9710862692876776,0.9599703488612521,0.12775632005136897,0.09177777777777779,0.03894444444444444,0.8692777777777778,0.10716360695053351,1
META,2025-09-09,0.8339008142116948,0.8509356957993228,0.8627549230846316,0.8790141896938017,0.8787742831890859,0.05208907102621162,0.890445805653739,0.946127435037738,0.9203835008977324,0.5984434042592838,0.6202369405285589,0.4336549185895361,0.6079126195838503,0.6891042509022487,0.9656165974129597,0.7389272394207743,0.5277535563452722,0.12861464803840147,0.15995768024322765,0.1994313459046615,0.8711303661737859,0.9649277465117128,0.9563939943076551,0.1251663623780285,0.09177777777777779,0.03894444444444444,0.8692777777777778,-0.05739379305600478,0
META,2025-09-10,0.8716012830002464,0.8479494326099943,0.850578744300245,0.8107045058501372,0.8103289518715351,0.07019631171921477,0.890549900867736,0.9467454320488837,0.9219364013409646,0.5955454909871345,0.6166722012039891,0.4345991176241391,0.45044079791724434,0.5609515767952464,0.6575496027947245,0.7749309333194458,0.47844007868058913,0.15933215956717783,0.0891875255902248,0.19116829598022433,0.8411980800165044,0.9561086573374968,0.9635813802517017,0.09292749033235695,0.09177777777777779,0.03894444444444444,0.8692777777777778,0.07830976536850165,1
META,2025-09-11,0.8198865038243275,0.8051463268962773,0.837400410883399,0.805327358725417,0.8049410978252238,0.014441237456638348,0.8895059230223166,0.9468017370327182,0.9254782231445597,0.5913630988404514,0.6129124299726542,0.4328416162234941,0.5237807447898242,0.551391559671282,0.6332993000854262,0.7673719909286097,0.4976845601968138,0.07201678981317869,0.07831602687220884,0.14805686115912176,0.8207277344082882,0.9493400782946964,0.9673217531219813,0.07219599637441221,0.09177777777777779,0.03894444444444444,0.8692777777777778,0.1741526552009438,1
META,2025-09-12,0.7906735751295337,0.8074855663945852,0.814300746605201,0.8286781179985065,0.8283380938367926,0.018423043309023876,0.8935658914876505,0.949048125145191,0.9301760568533117,0.5938997084931339,0.6104553002910491,0.444580179344578,0.5575507441654761,0.5923222106392061,0.7386073189908835,0.6887166505892436,0.5008952190059055,0.07822363504587684,0.08283996413938677,0.1381802755046735,0.7951382548326555,0.9431838785691373,0.9756708926602982,0.04176736730248068,0.09177777777777779,0.03894444444444444,0.8692777777777778,0.12123458413427213,1
META,2025-09-15,0.8338021218850233,0.8896078041011353,0.8555394097309215,0.8740353497635054,0.8737856219638989,0.046394831608659357,0.9063224587693353,0.9553543689393562,0.9352842039134419,0.6075530588529694,0.6114536815735669,0.4757190091910232,0.582925215472754,0.6677188575381068,0.8072913953171462,0.7405999556935359,0.575694919622784,0.12541591263287558,0.09792540703906072,0.1781008260379262,0.7643556862919927,0.9384217646220749,0.9899270384013321,0.0,0.09177777777777779,0.03894444444444444,0.8692777777777778,0.08877956402708898,1
META,2025-09-17,0.9449296817172463,0.9354967151104918,0.9272936814150419,0.9289021657953698,0.9287613181656718,0.03252766945013624,0.9481343671187772,0.9775418908547975,0.9482194649962228,0.6541679229787604,0.6280675194793843,0.5522831119896566,0.511521742063548,0.7353633546692504,0.8667473605519563,0.8947395721815898,0.6198826535348727,0.11042439075894475,0.033764742354245425,0.19571693377315924,0.8014676225721771,0.9467421413353616,0.9768497589421457,0.04542060989347582,0.09177777777777779,0.03894444444444444,0.8692777777777778,-0.05394813852105984,0
META,2025-09-18,0.9486799901307674,0.9628210232928529,0.9626196322092495,0.9514563106796117,0.9513599285349925,0.05155049292137005,0.9662074392605193,0.9885361307148899,0.9535266105608002,0.6727648133737087,0.6397006549831254,0.5715525358652752,0.5557717795984998,0.7678480103600525,0.8639133625527158,0.9143582421080128,0.5936377750863424,0.1432821547182724,0.03030020437301184,0.19199320134248832,0.8246074143608646,0.9542877575081046,0.9724532960782204,0.0691272689678614,0.09177777777777779,0.03894444444444444,0.8692777777777778,-0.12763419921604247,0
META,2025-09-19,0.9766592647421661,0.9728747760302605,0.9417247081224631,0.9421458800099578,0.9420311070631149,0.20751536783660518,0.9787141084911357,0.9976556260769658,0.9592440694767577,0.68349192459192,0.6513359741846019,0.5715722139368904,0.5195404705350121,0.745838890405542,0.8114981399841228,0.8663604941280777,0.5738111152783878,0.3701433931058148,0.01098025297771843,0.22527999770804086,0.8401413387427774,0.9633991096537633,0.9759496453717387,0.07726199732856984,0.09177777777777779,0.03894444444444444,0.8692777777777778,-0.09112113844939684,0
META,2025-09-22,0.9541080680977054,0.94764085208043,0.9180738587964123,0.876325616131441,0.878656373920268,0.060754058308424105,0.9754600975991257,1.0,0.9646290655224838,0.673515503109623,0.6584783903365509,0.5310850775832867,0.457603716852208,0.6060648592949907,0.543933434737262,0.7545102676627418,0.5311303982791362,0.14035334309169567,0.005611854294500396,0.25411152573464246,0.8445121507498548,0.9659243119049199,0.9768721011381252,0.0796166020663503,0.09177777777777779,0.03894444444444444,0.8692777777777778,-0.09232400713040789,0
META,2025-09-23,0.8919319022945964,0.8723372486561818,0.8509294984216065,0.8277321384117498,0.8299338658901974,0.05054188301593947,0.9626631007085447,0.9975599042423862,0.9685409374342235,0.6513402008910631,0.6593781582685135,0.47483036945715856,0.4735453511182505,0.5127417060378905,0.2384839833410914,0.537808285161991,0.4529170350664007,0.12063219401396974,0.02495991795315633,0.27061418105383406,0.8449516228859841,0.9665296988404424,0.977524991459569,0.07918339233481347,0.09177777777777779,0.03894444444444444,0.8692777777777778,-0.07007515900177252,0
META,2025-09-24,0.8339501603750308,0.8251045192116266,0.8582452272385623,0.8539208364451083,0.8561921601327782,0.02551758579916423,0.9579192985736147,0.9978052958263652,0.974218513793895,0.6398594870428053,0.6576055578492649,0.45074871431574004,0.5606910877317869,0.5617815956157821,0.35099230041923823,0.37824985745801065,0.5169160461498515,0.0816445029919036,0.029754862494620338,0.22093762300156294,0.8469116209646486,0.9681704461109333,0.9787488105900994,0.07926979133276321,0.09177777777777779,0.03894444444444444,0.8692777777777778,-0.10063534966989629,0
META,2025-09-25,0.8139649642240316,0.8035038821421461,0.8182592574034167,0.7954194672641273,0.7975352965892748,0.04709620718610076,0.9418519895653286,0.9925249524809447,0.9794178353784,0.6142393914761005,0.6506254623543108,0.40382213680746926,0.46151494437848195,0.45534703439299534,0.09966656915142123,0.22431799283533743,0.4805747850908969,0.11219527140515245,0.04778424223013655,0.2158285343857258,0.8467229511959959,0.9686425828752294,0.9796351170976214,0.0780616695854395,0.09177777777777779,0.03894444444444444,0.8692777777777778,-0.09094855722427808,0
META,2025-09-26,0.7969405378731804,0.7794146924148913,0.7821816906348649,0.7697286532237988,0.771776118276986,0.036143486999458976,0.9236087726824445,0.9853078089901235,0.9842075713954026,0.5866081012173797,0.6390427488768843,0.3623463204398065,0.4996479296692029,0.41238266771589044,0.11164086022850468,0.18036873627861336,0.44723768179828766,0.09400000974784992,0.04982653663696768,0.2056819229890543,0.847501332584859,0.967051804418948,0.9765476055362212,0.08236736539976172,0.09177777777777779,0.03894444444444444,0.8692777777777778,-0.170828100521771,0
META,2025-09-29,0.7906242289661978,0.7736910213020107,0.7912010823270026,0.7679860592481949,0.7700289627131922,0.03064142204204337,0.9086486569565433,0.9785828441793196,0.9886372895250446,0.5641206304140985,0.6248946426165115,0.3392286599297237,0.5280399655346419,0.4094021897736791,0.10505262196615464,0.0951542937406542,0.41603977359217037,0.08571977253776386,0.01970787222554604,0.17874853217779552,0.8456236281702565,0.9682583967992642,0.9798030119657053,0.07699217763066687,0.09177777777777779,0.03894444444444444,0.8692777777777778,-0.10599691288135638,0
META,2025-09-30,0.7586972612879346,0.7348198287875771,0.7268126471914611,0.7230769230769232,0.7250006120290435,0.11607949412827463,0.887259672730643,0.9682444959634493,0.9910863606371301,0.5343752208262457,0.6071185540983411,0.30653563033600667,0.47632104933061187,0.3341152029142294,0.11928917988466686,0.10195323665743078,0.3406985079623608,0.20311894294276225,0.03388146710893125,0.18365697138653125,0.8457690388621679,0.9682040606502929,0.9796132273779405,0.07733385379951616,0.09177777777777779,0.03894444444444444,0.8692777777777778,-0.16401572030373857,0
META,2025-10-02,0.6616333580064149,0.6591678279912401,0.6859247381871021,0.6865820263878515,0.6884082698363607,0.05718475432270133,0.8345656157371839,0.9396130317067426,0.9941021514534132,0.466415198487953,0.5588176499253659,0.2491597290732666,0.5893612041045986,0.32568699069861523,0.20559971280389877,0.12734787359768673,0.31277643652964704,0.1079682202718645,0.08006332178964504,0.19697345646290376,0.8683453515575077,0.9588479519139712,0.9486814275201931,0.13228075233112094,0.09177777777777779,0.03894444444444444,0.8692777777777778,-0.10130519727464515,0
META,2025-10-03,0.6964224031581545,0.6752438781604617,0.6460389838152021,0.6044809559372664,0.6060891144264486,0.1151920642964334,0.8031144174740978,0.9216606311503872,0.9936817387012029,0.4280712694487073,0.5311788185098062,0.21765897038913196,0.42902062793351603,0.22094887937506463,0.0,0.0860159460753802,0.2642641064393988,0.17957367279470318,0.11726933437525444,0.2252149899729139,0.8850230408203141,0.9492424404861781,0.9215382007629547,0.178290830767129,0.09177777777777779,0.03894444444444444,0.8692777777777778,0.05996236123487453,1
META,2025-10-06,0.575820379965458,0.6049671511049173,0.547477075712782,0.6298730395817773,0.6315485234112352,0.1825192235662194,0.7832801104009772,0.9077289727837332,0.994068908525394,0.40625411903661424,0.504331341640938,0.2247901457300533,0.5616283146097499,0.27652104447412335,0.24915333007691326,0.14310540800968555,0.3200998538269224,0.2566663646417926,0.12572677995783677,0.2843847058052109,0.892819452726132,0.9408555083787897,0.9026396547429898,0.2075002460706776,0.09177777777777779,0.03894444444444444,0.8692777777777778,0.14109514591371175,1
META,2025-10-07,0.6376511226252157,0.6130300617161057,0.6238412587062183,0.6170276325616135,0.6186689342550911,0.06511164479305136,0.7647179799043533,0.8938554131347378,0.9936140212109139,0.3874078811935523,0.4787619210522314,0.23630716230309634,0.5141995153951745,0.2598532042152835,0.223269424349687,0.1492277003890672,0.34228193812341534,0.10600160380758705,0.08461389200806324,0.25847813573674516,0.8926704299701345,0.928761452435229,0.883471873629821,0.23099395939821546,0.09177777777777779,0.03894444444444444,0.8692777777777778,-0.06277770150772533,0
META,2025-10-09,0.6404145077720202,0.6877364125024887,0.6573633311619984,0.7187453323375652,0.7206569544735326,0.07312054602027503,0.7633039152352015,0.8813730989699811,1.0,0.39859748633483916,0.4432370049897433,0.34370221147943814,0.6252699620213469,0.4750242193638076,0.45090210509808537,0.31303677648077854,0.43301642531137646,0.1137907937035618,0.12370274612680565,0.2564566819587806,0.8912130165743908,0.9170358322858894,0.8658197609604663,0.2517458593326216,0.125925,0.014875000000000001,0.859175,-0.17220815253223232,0
META,2025-10-10,0.7027880582284722,0.6964961178578539,0.6176278999849676,0.5782922579039083,0.5798303205683224,0.1253001960913918,0.740611157164746,0.8662515304228218,0.992435156892121,0.3766879227419103,0.42755919376837714,0.32544394820685874,0.35729921240118134,0.28414054752547774,0.18121502602869885,0.2984655526273005,0.35335062097286896,0.17074269240955717,0.23477291159630387,0.3394543904180418,0.893921966728747,0.9054810260328225,0.8454831526473381,0.27924790974060154,0.09177777777777779,0.03894444444444444,0.8692777777777778,0.10546782439061375,1
META,2025-10-13,0.6144090796940538,0.6201970933704959,0.6333116199829631,0.6300721931789894,0.63174836962957,0.030702624099411727,0.7333193142461005,0.8573758134201568,0.9886533007702685,0.3753894991234461,0.4147350624762625,0.35115946602051235,0.5946164360938353,0.37736401052918794,0.3534570706475637,0.32702704858015996,0.3902900731955014,0.05651520979929148,0.2417570320991288,0.3242456061311194,0.8835520233015202,0.8942270780376975,0.8349076005457019,0.2844412369401914,0.09177777777777779,0.03894444444444444,0.8692777777777778,-0.028684768072606337,0
META,2025-10-14,0.5886010362694298,0.5983476010352375,0.5916720950042591,0.5949713716704008,0.5965539517341405,0.0255371704575221,0.7201224168128397,0.8460048956936377,0.9811356740407859,0.36701895259939066,0.4026585469431275,0.3578964956960342,0.4864921278338809,0.33392860541920627,0.269390338291504,0.26413591966680133,0.3959827256206969,0.051700470759889094,0.2036500265068829,0.31609014573688277,0.8588840001416593,0.8780197128946647,0.8265849065432298,0.2756132617793935,0.09177777777777779,0.03894444444444444,0.8692777777777778,0.06920536068728755,1
META,2025-10-15,0.6343942758450525,0.6399064304200675,0.6426817657964623,0.639283047050037,0.6409837629943755,0.042881833515715465,0.7188605632940601,0.8398362841885278,0.9760570862026077,0.3744408933198292,0.39460860667963377,0.3941813877097092,0.5851116033929769,0.4125681909070796,0.4362203867821205,0.3524914863548309,0.48638277032807736,0.0726085738253475,0.2265759305016477,0.30618729334038597,0.8306627144132599,0.864638989023331,0.8252884694846268,0.25500100895109235,0.09177777777777779,0.03894444444444444,0.8692777777777778,0.11386222732849416,1
META,2025-10-16,0.636812237848507,0.64782002787179,0.6144711128927192,0.6119990042320143,0.6136268141664987,0.027828575485393525,0.7121274231224084,0.831661714830799,0.9694117588309217,0.3750038161768273,0.388290862657178,0.4097908198806252,0.49633142160631305,0.3760530071578449,0.3530109723945145,0.35233691994167693,0.43291270347747496,0.05509988568342583,0.21943683069388475,0.3313173688489466,0.7921209179122264,0.848935493513125,0.8276144543389488,0.22140903507490142,0.09177777777777779,0.03894444444444444,0.8692777777777778,0.17247056256401727,1
META,2025-10-17,0.5851468048359241,0.6132291459287278,0.6256952447762689,0.6361463778939505,0.6378386831333285,0.0671863945378388,0.711806550534352,0.8265019446156368,0.9644449250057354,0.38394124670650465,0.38517694607572783,0.4386616406011058,0.560025971783315,0.42022164348761143,0.4982175081267168,0.43162213263161026,0.5085362506840251,0.11242632023040267,0.22906325213150913,0.3000995479660662,0.7474751433888698,0.8347915314312555,0.8367575325148562,0.1739725777373499,0.09177777777777779,0.03894444444444444,0.8692777777777778,0.1290595217673638,1
META,2025-10-21,0.7279546015297309,0.7125721680270756,0.7390890414390938,0.7175504107542943,0.7194593760101604,0.01106288388990484,0.7411635195600583,0.8316983458839688,0.9567596840517778,0.4391661922031106,0.3977610935981894,0.5453591519458726,0.5367299179974366,0.5561482033080654,0.8871875400438574,0.7865119810808205,0.5580825193934991,0.042676879302173606,0.2525507275584614,0.25598354218054786,0.6980120596969122,0.8219973313261555,0.8514703040925982,0.11520152932956393,0.09177777777777779,0.03894444444444444,0.8692777777777778,0.03531741787995424,1
META,2025-10-22,0.7171477917591909,0.7230240891897273,0.7154381921130426,0.7182474483445356,0.720157838543241,0.024370659244081147,0.7522583512794165,0.8342587650812527,0.9504882584444294,0.46101479313334315,0.4094854740983198,0.5723747767571167,0.5309547432791786,0.5573237954726005,0.8529072826364936,0.9094067152647187,0.5411332438508429,0.060413410779008164,0.24706898598793425,0.25478158352419333,0.6677784347036102,0.8156721761446462,0.8628459647191002,0.07608158092045514,0.09177777777777779,0.03894444444444444,0.8692777777777778,0.12068482278635528,1
META,2025-10-23,0.7214409079694053,0.7320326498108698,0.7608859046950944,0.7211849639034105,0.7231035718014986,0.038098280711804405,0.7617505268998932,0.8368627996272195,0.9453919014830552,0.47997660187079577,0.42298150754788466,0.5883397672642141,0.5336579588442876,0.5626274961040989,0.834688648537279,0.8776644358596613,0.4873431050381259,0.07914693667911846,0.2316519173977034,0.21227710888291362,0.6524113433475764,0.8122113421124033,0.8682360959481974,0.056629638254335646,0.09177777777777779,0.03894444444444444,0.8692777777777778,0.12039977337423657,1
META,2025-10-24,0.7317542561065875,0.7260601234322119,0.7511148970286112,0.7428927059995023,0.7448688234403624,0.029472462746307687,0.7738980224018288,0.8412722085992619,0.9405541317303818,0.5014802639175004,0.43844668903628137,0.6060844557806955,0.5562112795039081,0.6028453143109815,0.9007348291713345,0.8823583701534672,0.605573207354543,0.06798376098448886,0.2320384432896334,0.17555293381469927,0.6465481820556978,0.81096024008633,0.8704031576248665,0.04905973901260413,0.09177777777777779,0.03894444444444444,0.8692777777777778,0.08920278170535112,1
META,2025-10-27,0.7956081914631139,0.7984272347202865,0.8355965325449715,0.8049290515309937,0.8070699596660367,0.0560317075618814,0.7966298235660596,0.8511167269583684,0.9367637437421923,0.5355156935332468,0.45820778306959276,0.6447964411166369,0.6038543723162196,0.7079415091825445,0.9105552863852849,0.9023325464790516,0.6111948397873059,0.1018964107368639,0.2538321564344128,0.18853539240323514,0.6565532319372376,0.8126825264260336,0.8660476507186279,0.06279391407847254,0.09177777777777779,0.03894444444444444,0.8692777777777778,-0.5217416066292675,0
META,2025-10-28,0.8099185788304957,0.8116165638064903,0.8231197073708469,0.8080159322877773,0.8101650779725,0.06671391465495503,0.8154628292816564,0.8603566857488589,0.935039466991693,0.5632164193420728,0.48003036954404826,0.6633732776600614,0.5337512975933288,0.7129015666413847,0.8803782118566784,0.9181633009654943,0.6401389148176941,0.11937757929498904,0.24057627462117004,0.17024689673070026,0.6745903406350324,0.8166423981462612,0.8595579939237092,0.08581464341866607,0.09177777777777779,0.03894444444444444,0.8692777777777778,-0.6352205291515606,0
META,2025-10-29,0.8203799654576858,0.815399163846307,0.8080372801523272,0.8091610654717449,0.8113131944968348,0.24572748437511477,0.8307694443261471,0.8688643692690685,0.9351174294395905,0.5851190623506272,0.5022434105437108,0.6668918013022755,0.5314624861064681,0.7148662199287434,0.8730943392642028,0.9085862821057186,0.6073050594038848,0.34903244058737937,0.18881672824123552,0.17564387332696318,0.695796892207543,0.8246109256452194,0.8572074459045966,0.10620027581991262,0.09177777777777779,0.03894444444444444,0.8692777777777778,-0.7012054499268727,0
META,2025-10-30,0.3979768073032317,0.4261895281704162,0.3453424863456429,0.38496390341050546,0.3859879822476606,1.0,0.7540276276250881,0.8366928777662781,0.9260839632610676,0.4884774846424913,0.49903336265567483,0.4377953674421512,0.0,0.13884108840892234,0.14806687128526422,0.6443953811373124,0.32177248587464957,1.0,0.9520372144774196,0.6806981916550503,0.7319736594201816,0.8105493621612112,0.8091251290863046,0.19640448879105435,0.09177777777777779,0.03894444444444444,0.8692777777777778,-0.5063372898248706,0
META,2025-10-31,0.42442635085122093,0.3959784989050368,0.322292929799068,0.2947473238735374,0.2955315884426932,0.6145873879696341,0.6737087667886739,0.798959078846861,0.9159870368927869,0.38937927159311214,0.4749515184411895,0.24971223844998286,0.4086509218587275,0.0784748271090378,0.02244703938633559,0.34713498355594247,0.24089792910659122,0.5367696339319505,0.9597217339771593,0.7248449304529725,0.7768663470766701,0.7961094434577545,0.7542544914413187,0.3031639264215793,0.09177777777777779,0.03894444444444444,0.8692777777777778,-0.2094593909230157,0
META,2025-11-03,0.3330866025166541,0.31853474019510264,0.2752417698050804,0.24177246701518573,0.24241596091807338,0.3214344293397767,0.5983407556168907,0.7596721000843858,0.9029456201345063,0.299445459958856,0.43616179022815726,0.11717430064943912,0.4571993597934369,0.04622181316594681,0.01075893001349667,0.04834858340189094,0.15551547615079936,0.2658546981471742,0.9588217727393669,0.7292125051442757,0.8162315348118478,0.7780160401519742,0.697484183121873,0.40899660723889175,0.09177777777777779,0.03894444444444444,0.8692777777777778,-0.3865335270658792,0
META,2025-11-04,0.19511472982975553,0.23098745769460471,0.22428220674450072,0.19004232013940792,0.19054787341140988,0.25231282574795033,0.5271944361648968,0.7190901889482078,0.888908393496707,0.21804937427812343,0.3874592592678219,0.027846533712949872,0.45772827491285556,0.01623610950086174,0.008526733470875228,0.0,0.11591521066356314,0.19510373224850067,0.9628385943713136,0.6892221416396946,0.8517249505586606,0.7581097980017071,0.6405725179581268,0.5131530101000314,0.09177777777777779,0.03894444444444444,0.8692777777777778,-0.1469733002262793,0
META,2025-11-05,0.21618554157414227,0.23342623929922368,0.22693791652051898,0.23300970873786442,0.23362972192897535,0.1649566811837947,0.479291022466513,0.6862396575167082,0.8757472171028233,0.16959569441960093,0.33797814407666044,0.020830436198997604,0.5903212745640215,0.0924171486687752,0.07374039566708372,0.01777238544368795,0.1456068054513338,0.11806895385568963,0.9719542572339865,0.6518507880966262,0.8669065885075926,0.7391018329820143,0.5995068829539973,0.5809962953928219,0.09177777777777779,0.03894444444444444,0.8692777777777778,-0.08953015168331402,0
META,2025-11-06,0.2336540833950158,0.2024188731833565,0.18414591371448585,0.14831964152352528,0.14871406452734615,0.20668301985639548,0.4232021242996984,0.6484084040994342,0.8614343171303007,0.11336337702188726,0.28618545195637063,0.0,0.41064573756296985,0.03911812534735065,0.0055930054906062525,0.01598246939118219,0.08452462140934475,0.1455465436647059,0.9544553358691921,0.6308612411285248,0.8775920243859479,0.7125083417836224,0.549543456539038,0.6585931720308282,0.0845,0.0292,0.8863,0.27324739549212573,1
META,2025-11-07,0.13811991117690603,0.13338642245669918,0.09996492458786399,0.16211102813044587,0.16254242360503568,0.28401793954705584,0.3812241935140137,0.6153137886882023,0.8470143097649032,0.07801520696221947,0.23707735897983773,0.024191871133182496,0.5497913451954705,0.06392346727295012,0.1300055332430625,0.05807306765445526,0.08138335637862382,0.1974948525158486,0.9191393418074589,0.6287637625995153,0.8904792037033622,0.6931058066526541,0.5094773106658121,0.7250611022273875,0.09177777777777779,0.03894444444444444,0.8692777777777778,-0.3900502558900837,0
META,2025-11-10,0.21016530964717495,0.19744176786780798,0.18469709876233908,0.21214836942992266,0.2127128174869437,0.15302350403811177,0.3581385656733582,0.5899349660230793,0.8351060860881665,0.06912549142653801,0.1958609646869211,0.09530675546141754,0.6007761600083386,0.15339085504776723,0.19402113267619767,0.0997485549802703,0.07987881380731138,0.0935896632412613,0.9216155075256143,0.6028342019380353,0.8884223126040607,0.6736220112185212,0.4798869082937758,0.7657934753267375,0.09177777777777779,0.03894444444444444,0.8692777777777778,-0.5132600357484269,0
META,2025-11-11,0.19491734517641213,0.17036631495122423,0.19111088841008161,0.18884739855613653,0.1893497953324914,0.08028118673237321,0.33478202071490637,0.5646712948573405,0.8230756507040047,0.0614532925811887,0.161222247101579,0.15458052362730268,0.49734945880910897,0.13517115193079604,0.16421076540447074,0.15470725083893092,0.06216610691340024,0.03822566733018888,0.9211126442183704,0.548869604156446,0.8871564017404459,0.6546883373507777,0.4506118712614229,0.8071693237060787,0.09177777777777779,0.03894444444444444,0.8692777777777778,-0.4645387357483429,0
META,2025-11-12,0.19555884529977785,0.1675293649213616,0.1328857042641678,0.09887976101568352,0.09914270968489713,0.217264855575385,0.2972235378581023,0.5332407237179435,0.8088067312708098,0.036993303122891286,0.12820111203818357,0.16915713109185654,0.401269661297634,0.06976783110358348,0.04910980218621421,0.12667808259300664,0.0,0.1321621971605636,0.9252830894094743,0.5543501442907759,0.8841825638575718,0.6294944840213508,0.4125724309902852,0.8606530145999801,0.09177777777777779,0.03894444444444444,0.8692777777777778,-0.35246777330954304,0
META,2025-11-13,0.12124352331606225,0.1110889906430419,0.10898431628000216,0.10326114015434396,0.10353582917944637,0.1741847273937961,0.26809588589833666,0.5050796576483969,0.7933393757309535,0.024891663475260173,0.0991569888390948,0.20499538975337256,0.5364768324552093,0.0781327866977059,0.05471526301809292,0.07841066962472659,0.26840530317204314,0.09671775663080973,0.9288965018957749,0.5204389459063121,0.8775235055319013,0.6057769059937459,0.37950089980138557,0.9047339376947817,0.09177777777777779,0.03894444444444444,0.8692777777777778,-0.5882372811017638,0
META,2025-11-14,0.06558105107327883,0.09132988254031416,0.06990028561407025,0.10112023898431666,0.10138948079452836,0.17112829664882012,0.24434470245595197,0.47927730931903145,0.7773990838365488,0.020866149265494904,0.07504776804946262,0.24946553846143552,0.5270064897359801,0.07651569858710366,0.0870152768246602,0.05166358039069387,0.33214983281974364,0.09142820051154837,0.9221803788446017,0.5116852939890055,0.8624679134112898,0.5808337562640178,0.3504349552441459,0.9369871138974227,0.09177777777777779,0.03894444444444444,0.8692777777777778,-0.9423953482642241,0
META,2025-11-17,0.10135701949173415,0.0814254429623733,0.0709024402465297,0.0640278815036095,0.06419809956238698,0.11943948707779763,0.21756252526835018,0.45233118167223685,0.7606420840756316,0.013866501357268524,0.054240797250914796,0.2792232795452933,0.4759165515104731,0.04803286615030661,0.04129700252205662,0.04895656144918155,0.3423883471904591,0.05397151183907822,0.8853147983248832,0.49055681246748883,0.8322462151196626,0.5506215797583693,0.3237349071684612,0.9544644688713796,0.09177777777777779,0.03894444444444444,0.8692777777777778,-1.0,0
META,2025-11-18,0.015297310634097894,0.04145928727851844,0.012677256100616319,0.04251929300473023,0.04263219452631217,0.22959462205281495,0.19162473607508712,0.4258113006667714,0.7419036535299104,0.00878419650293849,0.036491873570623556,0.3067804222852468,0.49837885158683765,0.03173542156869774,0.14157397770257574,0.07905181487862689,0.3647750297630763,0.12044933547034806,0.8800712611946155,0.49224815876146066,0.7945000812254679,0.5191513088449278,0.30036972114906524,0.9612661884810721,0.09177777777777779,0.03894444444444444,0.8692777777777778,-0.40281260986756606,0
META,2025-11-19,0.02575869726128799,0.0,0.0,0.005825242718446866,0.00584050573083994,0.22034209501986618,0.16317689847199102,0.3982503713646701,0.7238745995243279,0.0012008735607741405,0.02064642706074149,0.32393332741023706,0.47544023705240285,0.004374608865257146,0.0948484928322941,0.08176590777965209,0.30203796955038265,0.10835192119743955,0.875355675327592,0.4705069798900705,0.750207032638897,0.48593786736864253,0.2788726520924798,0.9601358302579669,0.09177777777777779,0.03894444444444444,0.8692777777777778,19.428143712575427,1
META,2025-11-20,0.07401924500370072,0.05668922954409705,0.010522623640827788,0.0,0.0,0.16964598281935844,0.13919666998314817,0.37264700097865733,0.7058354013312109,0.0,0.00770936524569088,0.35014180918924104,0.5213720865674016,0.0,0.09817848157303057,0.10147449469230843,0.36247751430542513,0.07330390022645511,0.8729146603205664,0.4943474962100598,0.6957776424526019,0.452315894248148,0.2639179110199459,0.94054781543124,0.09177777777777779,0.03894444444444444,0.8692777777777778,inf,1
META,2025-11-21,0.0,0.013886123830380015,0.0030565716290023026,0.025392083644510954,0.025459408984786602,0.17514927181792145,0.12533913872942204,0.3517599154941333,0.6878424230124192,0.012161839144528619,0.0,0.3972504294923635,0.5680947584819056,0.06482738234680102,0.2091611508297204,0.12489244545556785,0.3726154512372896,0.07317631051045767,0.8770699735400644,0.47427934538471384,0.623841216587107,0.41886568747459263,0.26166098586705555,0.8860815102221219,0.09177777777777779,0.03894444444444444,0.8692777777777778,7.717708701283279,1
META,2025-11-24,0.050431778929188376,0.10636074059327116,0.0820764643984564,0.11899427433408016,0.11931069042371867,0.2057784534484911,0.1338888041251276,0.34157716665406435,0.6709342009591994,0.05289640403210072,0.0026758107814812693,0.4908349189045063,0.6673613998604434,0.2756761102836181,0.5193585968286458,0.271978885884012,0.40985311982984135,0.08772473738105635,0.918413912963818,0.49526404199846064,0.5175022837141503,0.38688710990205033,0.2861634649191065,0.7591009238752785,0.09177777777777779,0.03894444444444444,0.8692777777777778,1.4602541822826214,1
META,2025-11-25,0.1751788798420919,0.20764483376468235,0.18564914566317547,0.23435399551904412,0.23497718505609955,0.22607427971298683,0.1649284348690836,0.343172425381852,0.6550194038937271,0.12137150286724796,0.019682115812260537,0.6199720643737081,0.6935866364279988,0.4766277189993126,0.9851314498451216,0.5792949042836724,0.5229287673147249,0.09545174967561049,1.0,0.52404163152397,0.3889218814227293,0.3601427365798595,0.33479129803897223,0.5722106531894804,0.09177777777777779,0.03894444444444444,0.8692777777777778,0.0987888993782895,1
META,2025-11-26,0.24273377744880342,0.21416484172805106,0.2524427519166208,0.22135922330097113,0.22194771123620383,0.103627323536108,0.1870340955566676,0.3434001821180539,0.6391792998470573,0.17647360299550535,0.04524959438123355,0.6971198230871227,0.5119995432046707,0.45873989681034383,0.9166080318382726,0.8244147319159665,0.5889912791297872,0.027419834635827423,0.9977597054172775,0.4452813011518786,0.20169133433627628,0.33273915124426345,0.4239903813093031,0.26614736106624026,0.09177777777777779,0.03894444444444444,0.8692777777777778,0.3034191208746677,1
META,2025-11-28,0.23478904515173937,0.26239299223571555,0.27183444405471757,0.2927557879014193,0.29353462510598094,0.05250769309861121,0.21969613379858677,0.35032381045247396,0.6244370521756886,0.24303981533237407,0.08015482239932947,0.7812655816345233,0.6287321512963655,0.5672177198533195,0.9999999999999998,0.9909498330819325,0.645313658662749,0.010404936705713144,0.3838509610035534,0.4209795598610826,0.17770985075572643,0.3284403697004623,0.4341584373911589,0.22840062271150094,0.09177777777777779,0.03894444444444444,0.8692777777777778,-0.14200854097130045,0
META,2025-12-01,0.25191216382926207,0.2488054947242686,0.283158791401513,0.2575056011949215,0.2581903225468003,0.0769481226880923,0.23843098222432468,0.3533018711499203,0.6091117824413499,0.28930784784861907,0.11812360037700848,0.8088723124213719,0.48169952323973236,0.5146111493460708,0.8933579746258986,0.9591516881881668,0.6175061489858256,0.038199971373380215,0.3429208920524237,0.3669854933492953,0.17012487616616045,0.3267041218278246,0.4367742585536827,0.21733381475476535,0.09177777777777779,0.03894444444444444,0.8692777777777778,0.3994616643897373,1
META,2025-12-02,0.2656797433999505,0.2614971132789168,0.28471213108182614,0.2885237739606672,0.2892908906596374,0.059946191151161746,0.2599257633462564,0.35892718143076907,0.5959037591593423,0.33686811941026434,0.1588237579925349,0.8334857391105168,0.5727434916035588,0.5614707831803756,0.987195660863581,0.9836092523164999,0.6772838180806052,0.031027836738118472,0.33008312892748093,0.3176673296561874,0.17901292101064303,0.32888365417872967,0.43394013221172223,0.22995531632987212,0.09177777777777779,0.03894444444444444,0.8692777777777778,0.45418607422451895,1
META,2025-12-03,0.2758943992104612,0.2663746764881547,0.28210652903743005,0.25118247448344544,0.2518502012701229,0.053745198698599464,0.26928819722458286,0.3605282614105616,0.582948567995095,0.36661702615046776,0.1978422468119176,0.8183316275927472,0.47874332957398374,0.5036566794589128,0.8639118640489106,0.9364567362440911,0.6650551057434506,0.030586927241388923,0.32004338773317575,0.2807760634859866,0.18708408153137634,0.33173401379506284,0.43275477311021415,0.23932506723393523,0.09177777777777779,0.03894444444444444,0.8692777777777778,0.5391499103331163,1
META,2025-12-04,0.43177892918825567,0.4020007963368508,0.3948489251891565,0.36036843415484165,0.3613274585206683,0.2831341818386567,0.2996831222466749,0.37225539225301496,0.571858362195842,0.42125912722820613,0.24091960854960687,0.8549075651266557,0.6786693620760115,0.6584395827412615,0.8490611430428427,0.9211085426004696,0.7942988686702885,0.21232456180166667,0.3811143346394332,0.3992044661271492,0.21307519572567024,0.33767154478600725,0.4237721300158408,0.2771089461250861,0.09177777777777779,0.03894444444444444,0.8692777777777778,-0.0631392498178257,0
META,2025-12-05,0.37256353318529456,0.39498307784192743,0.40657413438893597,0.419566840926064,0.4206827845972527,0.1770502077197827,0.33641746282834406,0.3884853795038925,0.5634128782073065,0.48141286785171544,0.28844062242197566,0.8949508840902529,0.6086104838799861,0.7288929846912322,0.9751880631734596,0.9169480885012381,0.8516330697501595,0.1282951035816923,0.33380128873102866,0.37072985713781037,0.25802219102150215,0.3503172090482156,0.4120275437437644,0.33637305319425603,0.09177777777777779,0.03894444444444444,0.8692777777777778,-0.2763734051612037,0
META,2025-12-08,0.3989143844066123,0.40503683057933504,0.4200030064638973,0.3866069205875027,0.387635214702287,0.07855284063229069,0.3588906786001389,0.4001392553317977,0.5548040571241373,0.5205529827066677,0.3349545880914908,0.8858760170267688,0.48658179427567155,0.6737362991578912,0.8991967943072737,0.9291737923033627,0.7980269941718372,0.05434184149843682,0.3468727291936141,0.33206668931670147,0.2884727695338749,0.3607832944985119,0.407097059734681,0.37166356159172687,0.09177777777777779,0.03894444444444444,0.8692777777777778,-0.18145506897445196,0
META,2025-12-09,0.371428571428571,0.3441668325701772,0.3612266372701307,0.3376151356733881,0.33851351385109174,0.07654663719175585,0.36659194338562395,0.4061248892225269,0.5451335449258572,0.5384959843902787,0.37606111094351097,0.8371476397920858,0.464602748734104,0.5953746174302781,0.7954827913019695,0.9106096899006179,0.66890794206044,0.05488033855701083,0.3559466164698266,0.3037432199360415,0.3041022295911584,0.36663261926558155,0.40532712292354356,0.3885308812100079,0.09177777777777779,0.03894444444444444,0.8692777777777778,-0.18773134892288046,0
META,2025-12-10,0.3032321736984951,0.29454509257415884,0.3114195520368792,0.30360965894946457,0.30441725092541283,0.1244531596174137,0.36561928956452894,0.4083673238762131,0.5357080271728525,0.5436347728686761,0.41006193862416995,0.7731157107433845,0.48406195434460914,0.5435352433110883,0.7216538651263512,0.8227638592205787,0.5415775801385173,0.09431764988053346,0.36038151992799794,0.2780845494738069,0.3150088588506934,0.37198288311416183,0.40611347891495564,0.39721224684711776,0.09177777777777779,0.03894444444444444,0.8692777777777778,-0.034304771189375693,0
META,2025-12-11,0.2703676289168513,0.29837746366713125,0.2983915418149019,0.31645506596962925,0.317296840081557,0.0772761657155867,0.3675358513457807,0.4116143165134196,0.5284775167799256,0.551212937762917,0.43890778854380263,0.7266623853077477,0.5475664329895567,0.562801709718928,0.7490223090418338,0.7707306325130767,0.5627675598329741,0.05842412683344242,0.2886497349688868,0.262897468420237,0.32752530322076634,0.3821263433242228,0.41339602568665157,0.39753656870654275,0.09177777777777779,0.03894444444444444,0.8692777777777778,0.07828752822470242,1
META,2025-12-12,0.30249198124845744,0.5757017718494923,0.28741794858946745,0.274234503360717,0.2749639152672021,0.08902940881260664,0.3602121497246058,0.4105942800277158,0.5192119883157322,0.5458892647837671,0.4608287214317489,0.6642595119297514,0.47248934601194076,0.49648891108727505,0.4117354924729844,0.6377678981107149,0.470942861952178,0.07162612161458454,0.3075771762056777,0.5925555616444393,0.33348134407142505,0.390097193873586,0.421871891829412,0.39018224899003284,0.09177777777777779,0.03894444444444444,0.8692777777777778,0.10529643809132638,1
META,2025-12-15,0.2822600542807798,0.2870296635476808,0.28786891817407456,0.29056509833208866,0.29397428678631776,0.10778416727256705,0.35833056373666716,0.41145060486197416,0.5122173134879442,0.5468798975904573,0.47858052996441564,0.6266900597544854,0.5560846932611949,0.5278213653114032,0.31978788549154646,0.4985273101545777,0.5142534834583398,0.09085825988627802,0.30728205385606555,0.5538377648504447,0.34002969221338253,0.39905176334741643,0.43149511086599324,0.3816887043008067,0.09177777777777779,0.03894444444444444,0.8692777777777778,0.28789889888018694,1
META,2025-12-16,0.27140389834690337,0.3345112482580128,0.31041739740441976,0.33856111526014443,0.34213722540505076,0.09260605704521364,0.3669020092639972,0.4167479256740667,0.505731437964672,0.5605821241815184,0.4957566726429011,0.621502531406906,0.5952338735987804,0.6043479287308964,0.32626235576701745,0.3520472709340683,0.5274930600341639,0.07808147509547872,0.2974158234169654,0.5478035413609248,0.3479662699801813,0.41197503213301356,0.44645782240676324,0.36657448907528545,0.09177777777777779,0.03894444444444444,0.8692777777777778,0.023656507510940283,1
META,2025-12-17,0.33116210214655784,0.32799124029464455,0.34048203637821306,0.300472989793378,0.30391663614848374,0.10838884359936644,0.36576260297525387,0.41797766001741676,0.49867765588965396,0.5610466048954654,0.5095984235981661,0.5914551498217304,0.47851601519672826,0.5389708125025219,0.18921059814067023,0.27494570301865057,0.527358906910072,0.09749416051924492,0.30644118396835796,0.4988073378398197,0.3455316281619507,0.42412391206613,0.4675465023343235,0.33330329074124954,0.09177777777777779,0.03894444444444444,0.8692777777777778,0.1972707590485625,1
META,2025-12-19,0.38450530471255817,0.37661755922755313,0.38547877937565733,0.34662683594722443,0.35023099724761764,0.5291970534881502,0.38631362606929276,0.4308281830231051,0.4844637793106701,0.589200033044843,0.5391516225902908,0.5937232085998219,0.49228328994153886,0.6023103697908418,0.293406523274531,0.2814021736142766,0.4320096086056985,0.45367440761594213,0.31743984248326285,0.4655279859187318,0.3206314114047131,0.45774105324178294,0.5387907720072573,0.2078262703582954,0.09177777777777779,0.03894444444444444,0.8692777777777778,0.12524946469405984,1
META,2025-12-22,0.36096718480138135,0.3894584909416685,0.37781229643734004,0.3602190689569329,0.36387050164898094,0.10913428465811308,0.39383552420083534,0.4364030105976937,0.47962399415650037,0.5986631355265252,0.5524807743907679,0.5868359377786796,0.5483372930743622,0.6232332858488328,0.33083414410540846,0.33047262696910773,0.46736552989773533,0.08854251480837483,0.3168869090208837,0.4514955681661226,0.2920197002081233,0.47347607254598323,0.5841713353751352,0.11772170276578833,0.09177777777777779,0.03894444444444444,0.8692777777777778,0.024577750133529364,1
META,2025-12-23,0.35307179866765326,0.351732032649811,0.3858295334970183,0.3773462783171522,0.38105727642579046,0.021338709322052576,0.4034488826700553,0.4430835690984618,0.4740058609443065,0.610151034663652,0.5656380704920084,0.5852872853703274,0.5529698851614808,0.6501542808053626,0.3687491154379393,0.32959643717452664,0.5188266061847563,0.014558295536466426,0.2655470557013867,0.383971936112931,0.27770348756769314,0.4856464406953451,0.6137261622472261,0.06351066790436488,0.09177777777777779,0.03894444444444444,0.8692777777777778,-0.08194561171415804,0
META,2025-12-24,0.36530964717493175,0.36258212223770636,0.4056220874880996,0.39034105053522516,0.3940972421721485,-0.01366029920461806,0.4138678084878733,0.4503802669654471,0.46946868832486555,0.621988330698313,0.5787337346330711,0.5847318980076472,0.5473764917199307,0.6709867818132078,0.4050555252013577,0.3682811566104309,0.5563379517476543,-0.0140681216285444,0.1727550253195752,0.3107644982120712,0.2835446308832621,0.49304500777745597,0.6213715546373684,0.05832144357903471,0.09177777777777779,0.03894444444444444,0.8692777777777778,-0.020283949944282065,0
META,2025-12-26,0.39259807549962966,0.3664144933306792,0.4012126071052764,0.36913119243216297,0.3728136199194716,0.004777432598174217,0.41774996127975017,0.4550167122602611,0.463458839438438,0.6248094444064612,0.5898227178850912,0.5666489877206381,0.5019035058293825,0.6256404357130037,0.3457967874265807,0.3734654900922333,0.529230355580353,0.006192486865996286,0.17578686120902243,0.25258075171772565,0.28107670426085996,0.5000597837021705,0.634301956614677,0.03829195351396447,0.09177777777777779,0.03894444444444444,0.8692777777777778,-0.04288388785327191,0
META,2025-12-29,0.34300518134714997,0.32311367708540706,0.3664879490905446,0.3462285287528011,0.34983130481094804,0.021579845428083916,0.41604729286373665,0.45707536782140856,0.4575470286381509,0.6200813608735306,0.5976674574066279,0.53741396153991,0.49944778439385684,0.5772836381767186,0.2818084790312827,0.34334185200387185,0.5452001377862763,0.02393635014056482,0.14405163455694425,0.20609185235712002,0.28230981549581813,0.5026773968984348,0.637598389750508,0.03490939785727226,0.09177777777777779,0.03894444444444444,0.8692777777777778,-0.11825175913773456,0
META,2025-12-30,0.3463607204539847,0.38268962771252246,0.3837751165004759,0.38237490664675144,0.386103393438749,0.02991556564165461,0.4222740529386395,0.46235006843609305,0.4519054943752443,0.6252972959959423,0.605075606635349,0.5334796921997926,0.5784164450885996,0.6441120908426596,0.3827987222812549,0.33563020065325183,0.5585033278150964,0.03378761329255281,0.13835944520090526,0.1954534953755629,0.2837499167514208,0.5086249402366243,0.6460546302855015,0.024678789443342758,0.09177777777777779,0.03894444444444444,0.8692777777777778,-0.09264998363097487,0
META,2026-01-02,0.3662965704416479,0.34371889309177783,0.31192062935310894,0.30500373412994763,0.3084631376156044,0.08547479332065226,0.4100962122164109,0.4617227706219227,0.43469107685130126,0.603544776140674,0.6102330859906879,0.46866692434929796,0.46501536444168307,0.4837263139054803,0.16662952391974287,0.2802991022125498,0.48921849263164685,0.09145142540561041,0.14998449498178945,0.17166598076001915,0.27666930283036306,0.5143974184962987,0.6602787106833641,-0.0011629373009036659,0.09177777777777779,0.03894444444444444,0.8692777777777778,-0.02785871742999857,0
META,2026-01-05,0.3084628670120897,0.34446545888910984,0.3332164152928794,0.34672641274583027,0.35033092035678504,0.06695749884328113,0.4100288238445766,0.4632186604857167,0.42640304050635747,0.6006576477266395,0.609778945334058,0.46262982094044125,0.5865257971171919,0.5669508845726814,0.582481383713379,0.34948617599202747,0.46383688429962133,0.08157589041003599,0.05732518349841387,0.17779265022218116,0.2758883507083407,0.5138861151021761,0.660018090851493,-0.0015274655672058435,0.09177777777777779,0.03894444444444444,0.8692777777777778,-0.1815456623707038,0
META,2026-01-06,0.3507031828275351,0.34934302209834733,0.3540111239164201,0.35583768981827246,0.3594738848456114,0.05301199805132649,0.4118878163837638,0.4654363906474508,0.4182538877178845,0.6003012089979709,0.6093382514575741,0.46275099462598374,0.5423375741567225,0.5846275443441895,0.579892217800983,0.44602006534406646,0.49281917846483264,0.07160239658596462,0.022028604478420033,0.16466421790564567,0.26502028290382773,0.5110400995900992,0.6631952324518462,-0.015840425353723625,0.09177777777777779,0.03894444444444444,0.8692777777777778,-0.1050728213025427,0
META,2026-01-07,0.3313101406365653,0.31763886123830387,0.3184847421957202,0.29644012944983844,0.2998697502272005,0.0747007831415261,0.40090455379582624,0.4618602055300163,0.4082811996552005,0.5835948573917799,0.6053588175786495,0.43086215851725845,0.4498102803629992,0.46507432648919095,0.1762300361849888,0.44934650012639793,0.4360823751304012,0.09632626637345043,0.04564262088647664,0.1654736212100243,0.26037908121162,0.506959289865792,0.6599855881710726,-0.01577420619598277,0.09177777777777779,0.03894444444444444,0.8692777777777778,-0.11196249256499202,0
META,2026-01-08,0.283148285220824,0.2576647421859448,0.2729368141504236,0.2833457804331587,0.2867298613716742,0.06338329869296887,0.38936879863673113,0.45737629008986547,0.39662007539863353,0.566662400608727,0.5984993052133721,0.4049087539811198,0.5122122420105709,0.44061039933442653,0.2775037188230699,0.3436762729242677,0.412980493377297,0.08413891573234414,0.02584501161660635,0.14936664520112286,0.2619337102541368,0.5045515178126037,0.6550452115837095,-0.00763246794442532,0.09177777777777779,0.03894444444444444,0.8692777777777778,-0.26084638291273154,0
META,2026-01-09,0.2809770540340488,0.29673501891300047,0.30866362679761483,0.3181976599452323,0.32170294958029766,0.05987274868231972,0.3874573107152397,0.45658132135827856,0.3856733549892706,0.5625787894051356,0.5921251604773997,0.40928257312937816,0.5776014653014687,0.5171790154924081,0.4636861961029223,0.3034126138805593,0.4300918519377935,0.08321299152776965,0.02786065307967711,0.12924574798257193,0.261508936268974,0.505355246791698,0.6566275100203023,-0.010173970211695221,0.09177777777777779,0.03894444444444444,0.8692777777777778,-0.5830088786940842,0
META,2026-01-12,0.3159634838391314,0.291857455703763,0.30054617427469044,0.2629823251182475,0.26629558554692156,0.098580601885513,0.374335717703453,0.4506600772289606,0.37345919336533484,0.5445015656631786,0.5831013553269935,0.38540554722711456,0.4546416262334284,0.4123349826570544,0.16871995709812976,0.3008104831189516,0.40338693530954345,0.12673259832370004,0.05659598624317863,0.11436117090066245,0.2655782125282502,0.5029838537078515,0.6499605580573431,0.0026461115019369985,0.09177777777777779,0.03894444444444444,0.8692777777777778,-0.39718499590057066,0
META,2026-01-13,0.26533432025659964,0.23362532351184528,0.21471163000450977,0.2088125466766244,0.21193741415980405,0.1381563002621896,0.35246555410560454,0.440177022279034,0.3695586188986506,0.5159465416507371,0.5696831354063618,0.34580592354613776,0.4547929661253157,0.32355071153131504,0.14876155370450903,0.25620323673759604,0.37841691979054787,0.16869121053837674,0.06843840525200007,0.1327728788883049,0.2767462631434823,0.5000533256220447,0.6373648154530716,0.03012082065892721,0.09177777777777779,0.03894444444444444,0.8692777777777778,-0.25553923729552774,0
META,2026-01-14,0.18751542067604232,0.16484172805096575,0.16821165505837588,0.13129200896191184,0.1341472736729088,0.1075246705493252,0.31869406618103024,0.42334838350153525,0.3659419025361017,0.4732578889292169,0.5496810322289886,0.28647622597344324,0.42003453556126646,0.21736175050500822,0.014765861251248518,0.10065901419102184,0.29186589580504946,0.13395530081549384,0.11583842643540965,0.13859084758671636,0.30424890992534426,0.49262188737670387,0.6060042085741246,0.09848065836401734,0.09177777777777779,0.03894444444444444,0.8692777777777778,-0.42457942428519835,0
META,2026-01-15,0.1479397976807304,0.1435397173004178,0.16525529889261925,0.15758028379387579,0.16052697449312747,0.07751362969817595,0.2971960720651623,0.41052467229224154,0.36410672271990885,0.4477672721952586,0.528145443838396,0.27265744906251665,0.5677524506143633,0.27917627631788516,0.11657193903089894,0.08259050114339578,0.3333289988459539,0.10069542691960934,0.09862580309695324,0.10641764317321467,0.3145201252865162,0.48417759915481806,0.5852579830801421,0.13670137584927047,0.09177777777777779,0.03894444444444444,0.8692777777777778,-0.2440079551573131,0
META,2026-01-16,0.1760671107821361,0.16797730439976144,0.19456832189206796,0.15484192183221301,0.15777908899102133,0.12569678542313878,0.2794227604991564,0.3986089351656803,0.36337235520121247,0.42827227721353567,0.5066846915818708,0.27333182390006805,0.5262083194557015,0.27528735366774165,0.10702133246228354,0.06812813497727163,0.3669806862529612,0.15442309624267722,0.09071002544577556,0.07096257728782462,0.32343571759280065,0.4773826767204259,0.5681022827267928,0.16885067769325016,0.09177777777777779,0.03894444444444444,0.8692777777777778,0.8670016877717315,1
META,2026-01-20,0.09563286454478126,0.07998208242086369,0.09395199679310506,0.07453323375653476,0.07719110144743624,0.10313893111830848,0.2483433849035941,0.3802153526032108,0.3598664747243072,0.39293481334143454,0.48184447476471115,0.24287827505641676,0.4140032216072902,0.17055266256648233,0.059931775960821776,0.08377745300477123,0.2732915076565681,0.13267929777783352,0.07361061714884032,0.10482130269473466,0.3347017965123027,0.4633677136275405,0.5377724056327371,0.22199169532724586,0.09177777777777779,0.03894444444444444,0.8692777777777778,3.536546689018188,1
META,2026-01-21,0.0900074019245003,0.11417479593868185,0.09435285864608911,0.11854617874035389,0.12135711569946928,0.09487787741472718,0.23272035689273451,0.367637749824989,0.359253389589012,0.37886312813021045,0.4589173975436834,0.2601182517125372,0.5941267872606643,0.2758466491521426,0.20166870225316616,0.11326221644506146,0.3010316062142175,0.15292075918224562,0.10634149924425595,0.12403315212720756,0.3359352473801489,0.45272581972260006,0.519937754532946,0.24861817390346655,0.09177777777777779,0.03894444444444444,0.8692777777777778,2.4454407351143077,1
META,2026-01-22,0.20157907722674562,0.324706350786383,0.2269880242521416,0.29116255912372413,0.29457382544132305,0.17933671658306466,0.2564625657489841,0.3724554649348524,0.3622122900997131,0.4160343341563669,0.4486454484999045,0.3741580817370222,0.7725601935220694,0.5846522829755167,0.7345142325359441,0.330679178248989,0.4814522233164772,0.2566556013939937,0.36404562997341816,0.3165132111660882,0.32878911692374446,0.44950374881097543,0.5198742817667252,0.24226412595742705,0.09177777777777779,0.03894444444444444,0.8692777777777778,0.4297821747249404,1
META,2026-01-23,0.27767086109055006,0.35417081425442953,0.3166808638572931,0.3465770475479215,0.35018103569303394,0.1965100138806266,0.28709054760118136,0.3820525016149956,0.36529303282756587,0.4615598696246986,0.45031129183699337,0.48173374552438664,0.6051999644617133,0.6587042764550539,0.8923971214900537,0.6191160453605945,0.5359330390909458,0.2593079918684197,0.3828383326680034,0.3434582502918535,0.3242839387182257,0.4480681036607339,0.5207835393033746,0.23688810548629427,0.09177777777777779,0.03894444444444444,0.8692777777777778,0.14224548117351898,1
META,2026-01-26,0.37813964964224,0.39791956997810063,0.4010622839104072,0.41428927059995013,0.4181287499269315,0.11731087952252604,0.3258090445684636,0.39715221259194466,0.3704201022684144,0.5164035562408847,0.4635503005627145,0.5860236266918947,0.6201596481486081,0.7400548663816342,0.9704075151648874,0.8854726162547101,0.5612536518771328,0.1530177992999156,0.40912477332948405,0.3357112924808159,0.32884157836424643,0.4491854909055015,0.5193298642378186,0.24309345365370663,0.09177777777777779,0.03894444444444444,0.8692777777777778,0.7880263017967455,1
META,2026-01-27,0.42482112015790774,0.40558431216404545,0.41794858946735447,0.41732636295743086,0.42117640475653984,0.08022243275729958,0.3574214765545083,0.4111651659995079,0.37763706468461367,0.5606121898485005,0.4837390162515855,0.6486498908985581,0.5341100352963887,0.7435994927197043,0.9589997932546865,0.9632535259265019,0.6091942174617979,0.10526707043785949,0.40603652609086915,0.3026362301755088,0.33730820338009293,0.4514342036974641,0.5169050521696703,0.254212373994985,0.09177777777777779,0.03894444444444444,0.8692777777777778,0.516369494223613,1
META,2026-01-28,0.4243770046878854,0.4098646227354168,0.4251641028210651,0.39621608165297495,0.3999927056130308,0.23215286805081242,0.37827934032726773,0.42191667334377136,0.3842808357184775,0.5895215580175727,0.5061660912313751,0.6688205370978586,0.5022632217690748,0.7043227927310634,0.8934462066542423,0.9636170183405909,0.6382466018580095,0.258928426001927,0.4054295509121413,0.2684807259899138,0.344669594742848,0.4537665463040046,0.5153978583050245,0.26300153344952704,0.09177777777777779,0.03894444444444444,0.8692777777777778,0.470646426871812,1
META,2026-01-29,0.7349124105600784,0.739946247262592,0.6579145162098508,0.7426437640029868,0.7476252024067476,0.6500809091198411,0.4676977664309758,0.4643070721693987,0.39876335412029684,0.7044881159284135,0.5490665081518112,0.8533130528782901,0.9662864178447739,1.0049415919316904,0.9696770851789578,0.9633639352087616,0.9960849710228727,0.5961184514235199,0.8735330316617365,0.6148360244680637,0.44760889408008975,0.47057613903400863,0.4691341130145781,0.42115578897178163,0.09177777777777779,0.03894444444444444,0.8692777777777778,-0.3114806793098902,0
META,2026-01-30,0.6859116703676289,0.6810670913796533,0.663125720298642,0.6340552651232261,0.638659051859594,0.20810045950504674,0.5164344638213478,0.4926201489056594,0.4116373581942514,0.7637810408334955,0.5962590866927812,0.8919912373097403,0.39798210630288267,0.8440010173311492,0.8171613868219444,0.9142190358958013,0.8800852099103358,0.17554996168756407,0.9159750505953135,0.6363810777085401,0.4988676257041509,0.4836804663681651,0.453641268124521,0.4881390578978452,0.09177777777777779,0.03894444444444444,0.8692777777777778,-0.3716652024836089,0
META,2026-02-02,0.6222551196644459,0.6269659565996415,0.6126672345542916,0.5838187702265372,0.5882478432845923,0.09329274412888665,0.5448767213741643,0.5136295240114506,0.423864922238141,0.7943975048845082,0.6406598553015108,0.8668332518927531,0.46761879985521204,0.7763438849318878,0.746602771671909,0.863339968593265,0.8410785931144219,0.07366292251381079,0.9150714932168162,0.6151905648939651,0.5355088394235965,0.49668954863571946,0.4483701380998788,0.5271096335546384,0.09177777777777779,0.03894444444444444,0.8692777777777778,-0.30745684775195514,0
META,2026-02-03,0.5865778435726621,0.6055644037427834,0.5269329057473566,0.5105800348518796,0.5147543964918997,0.08589341539305186,0.5522541303611184,0.5258335004610251,0.4352699785378782,0.7960410940915246,0.6765372865033169,0.7900264479226168,0.43738553784217127,0.6832333412551483,0.6437368421518879,0.7504065196884878,0.856583466524734,0.0664977190480878,0.935542844543485,0.671555285130395,0.5538092563219532,0.5043347075183133,0.4475666319687712,0.5437546936293353,0.09177777777777779,0.03894444444444444,0.8692777777777778,-0.2935064607333199,0
META,2026-02-04,0.4896619787811498,0.4653593470037829,0.43197875432179167,0.39751058003485173,0.4012917060322083,0.12410920405500352,0.5344172419744853,0.5262824912902428,0.44426315907981717,0.7643055298277983,0.6983495737321312,0.6632804675197095,0.38301015943282596,0.5560481953456133,0.48492751112539617,0.6352924206224937,0.719529100842418,0.09728655936073208,0.9840980228848084,0.6861996277149325,0.5570053254569625,0.5062791007072316,0.44839715952560644,0.5452239748178064,0.09177777777777779,0.03894444444444444,0.8692777777777778,0.10246501187124957,1
META,2026-02-06,0.37991611152232885,0.38154489348994636,0.32695294884000603,0.3600199153597212,0.36367065543064614,0.13973408930114595,0.501881211324489,0.5240518680319224,0.4582986278396439,0.7048175483599286,0.7123922473761104,0.48617216836883326,0.4722053655682967,0.5141519417724472,0.4322707844574315,0.47431197983224677,0.49612089463005904,0.10553216965958567,0.976531697739659,0.7405706177516578,0.5662581537209523,0.5148558028021979,0.45549892756305743,0.5425691295543141,0.09177777777777779,0.03894444444444444,0.8692777777777778,0.09932669415208983,1
META,2026-02-09,0.3685171477917586,0.4378857256619546,0.3884852432730366,0.43848643266119014,0.4424100654546326,0.09907389046790198,0.502721744798555,0.5285207179320173,0.46294731934190203,0.6975773887995007,0.7125471432285361,0.46811806404621054,0.6338729111813755,0.5988686802077725,0.5422197036886149,0.49416287287138455,0.5041290223214112,0.07001545865855438,0.9922207807495356,0.7520067668857233,0.5746452375820139,0.5204682925804858,0.4584912028474557,0.5452186519666742,0.09177777777777779,0.03894444444444444,0.8692777777777778,-0.3095422817139678,0
META,2026-02-10,0.43967431532198376,0.424646625522596,0.4436538557899481,0.40612397311426474,0.4099350549751968,0.04544007951371294,0.4965997065295782,0.5295363705775409,0.467160225057198,0.6816053186294231,0.709203590549008,0.4365923086097176,0.4876156825212675,0.5609449903965655,0.38118599235191164,0.45526198635770593,0.4770784273182436,0.026428300515251413,0.9832090778627305,0.6814793648793107,0.5803316754263528,0.5271470624946315,0.46509928836057357,0.5403140399489452,0.09177777777777779,0.03894444444444444,0.8692777777777778,-0.377208559160806,0
META,2026-02-11,0.42190969652109533,0.41777822018713895,0.3800671443603747,0.3960169280557633,0.399792859394696,0.09278599109387663,0.48958011221471986,0.5295081089350462,0.46954153389229614,0.6649307910334863,0.7029087784866335,0.4099974678728997,0.5167570315137394,0.5487941989241858,0.24768123217104757,0.3913044505287879,0.48548038346945904,0.06787855942742291,0.9692310765100256,0.6831270878927782,0.5831832656122353,0.535881732017133,0.4769955163076478,0.525365594689849,0.09177777777777779,0.03894444444444444,0.8692777777777778,-0.36740768881818486,0
META,2026-02-12,0.4020231926967677,0.4015030858052957,0.320839805582001,0.3020164301717698,0.30546544434057976,0.10057456491457419,0.4642291290535163,0.5206322330402529,0.47060099686908563,0.6254414553668344,0.6892999598933973,0.34408837158441263,0.40390879394694923,0.44137000400611986,0.048693310638002675,0.22030489191303435,0.17891618590961816,0.07475782286504015,0.9777933699312522,0.7354108942107971,0.5755033370943874,0.5438474718556048,0.495140170811716,0.49265045978977295,0.09177777777777779,0.03894444444444444,0.8692777777777778,-0.10778523424070208,0
META,2026-02-13,0.27929928448063146,0.2792156082022692,0.26717442501377997,0.2520288772715955,0.255304043538497,0.0684593973311007,0.4334535072808281,0.5078569073764831,0.4698393318567833,0.5803075603984719,0.6686145259546007,0.2803184911175205,0.4614988745235004,0.3895754951440609,0.05033630494273961,0.10567039351179786,0.21161316897214838,0.04757223348302517,0.9884359982785957,0.7016855978604712,0.5697533633257068,0.5482542984737395,0.5062435928974547,0.4718306693291635,0.09177777777777779,0.03894444444444444,0.8692777777777778,0.09804286097287407,1
META,2026-02-17,0.25166543301258315,0.2352677682659765,0.23826226386731442,0.24963903410505317,0.2529058889184772,0.07260032853264396,0.4083312647514239,0.49601797028981043,0.4698629904310194,0.5440053846535248,0.6441851288952005,0.2465803170025278,0.526806703263919,0.387069728578781,0.09418033391567426,0.05248461415247861,0.2425088994169826,0.05266300417471806,0.9884112838007131,0.6522047412980088,0.563154353850674,0.5526773864447079,0.517975458286259,0.4494554765723823,0.09177777777777779,0.03894444444444444,0.8692777777777778,0.32338932558410627,1
META,2026-02-18,0.22353811991117656,0.24721282102329267,0.2350052613118203,0.2692058750311177,0.2725407798698902,0.09676902098740951,0.3923415088262914,0.4870975259062309,0.46787322932003006,0.5209131556619887,0.6196283853061755,0.24543275244298884,0.5571199414813305,0.41598018754215565,0.13347573697737322,0.08186046453565807,0.3062928780689787,0.07381085214966868,0.9564799985098515,0.6243633804406794,0.5427284916385697,0.5617605135279469,0.5469461308661034,0.3909705989510136,0.09177777777777779,0.03894444444444444,0.8692777777777778,-0.1094406793021463,0
META,2026-02-19,0.24707623982235383,0.2581126816643442,0.2779475873127222,0.27697286532237975,0.28033478238495446,0.04029788265362329,0.3811803756977601,0.47971929617352593,0.46472794895758396,0.5052754744599052,0.5965881155142189,0.2590982334742425,0.540788208450741,0.4278956512199909,0.16347481414081794,0.12106127609860057,0.393033893163118,0.02612892341471469,0.9510110419103528,0.5606382785786865,0.525735200272301,0.569152459916404,0.5707857090306452,0.3429419590760967,0.09177777777777779,0.03894444444444444,0.8692777777777778,-0.09766512624286816,0
META,2026-02-20,0.25260301011596376,0.3385427035636077,0.2882697800270577,0.3311426437640028,0.3346929537720724,0.09106866136412041,0.3836243583833543,0.47811192033979566,0.46354148209647805,0.5080763801653593,0.5787639645472994,0.30610252263380544,0.6038491639520981,0.5098214620240946,0.29987748169663053,0.1923322799888743,0.4300832181600124,0.07374153048396712,0.8414862089319788,0.5851641822282079,0.5247019680610974,0.5710178693915551,0.5744917408015833,0.3368702460906867,0.09177777777777779,0.03894444444444444,0.8692777777777778,-0.029407330336870152,0
META,2026-02-23,0.31601283000246694,0.3104220585307589,0.2743398306358671,0.23948220064724923,0.24271373178339273,0.022796542328566913,0.3663355289106165,0.46802080315720795,0.4613945532587702,0.48625941605768747,0.5597682724832508,0.2955453519981508,0.40461491000793515,0.3939031186335579,0.10562042699579123,0.18268082916673556,0.39197974844717665,0.016481773669897712,0.8618720353659379,0.5909015873946137,0.5288103324990749,0.5660209879705715,0.5636129736614768,0.3556312449213179,0.09177777777777779,0.03894444444444444,0.8692777777777778,0.4067509124106359,1
META,2026-02-24,0.21998519615099932,0.22785188134580947,0.23916420303652863,0.2496888225043561,0.2529558504730609,0.04152069975984313,0.3546473350784054,0.4598080176876582,0.46024127334231046,0.47266876715517403,0.5416212460272888,0.30319297755660324,0.5442668175835927,0.4099202830960071,0.18751923261384537,0.1910118627324288,0.3423578366825987,0.036037840674028085,0.8412257988409118,0.5394205634502813,0.5286634917292061,0.5583409833319037,0.5514780402511188,0.3726004847288319,0.09177777777777779,0.03894444444444444,0.8692777777777778,0.17538973851523032,1
MSFT,2025-05-09,0.0,0.0,0.0,0.0,0.0,0.08559719401882959,0.0,0.0,0.0,0.8712975792499968,0.7017228718569797,1.0,0.45190413141839814,0.8286965410961971,0.946330254035054,0.9532876901587359,0.8624893621606803,0.045699976753027005,0.9897731353303993,0.9830028440983796,0.0,0.0,0.0043881574008826085,0.8584977582827267,0.25554,0.222132,0.522324,inf,1
MSFT,2025-05-12,0.05154907576152068,0.07523319675703943,0.03718180951472938,0.10189665182891439,0.10006856372404371,0.2701446064857548,0.04566465059495162,0.032221479704788614,0.008308797562043058,0.9141297338859655,0.7562131667918484,0.9899151817669618,0.7804299618181144,0.8901171793442642,0.9987056921402044,0.9760099641754291,1.0,0.18809237863688116,0.9999999999999998,1.0,0.07386591315041979,0.024624635897891434,0.0,0.9198939437795922,0.25554,0.222132,0.522324,0.4465167464114963,1
MSFT,2025-05-13,0.0675171396337757,0.08656612326737001,0.09038039851272739,0.10073543642345584,0.0989280693757637,0.289759399421574,0.08196837907842802,0.06141996371415814,0.017949667423210247,0.9409522034226159,0.8061464689847233,0.9423019926656708,0.429292313403763,0.8880303064531372,0.9794437582965375,0.9879196527856662,0.9586016571269301,0.19895389822533438,0.9984159030109445,0.9033838761863686,0.13830600123856485,0.049459822121698416,0.0011931786085095375,0.9640565615030542,0.25554,0.222132,0.522324,0.5729026512694897,1
MSFT,2025-05-14,0.07064132604356521,0.114724086827652,0.11688435503861161,0.13750725759628413,0.13503989336234223,0.1982942588148422,0.11823034257771514,0.09093311696761797,0.028175516330783523,0.9656281573766925,0.8519267219382854,0.8989093585374333,0.556545273730761,0.9096479630976313,0.9815511808773596,1.0,0.9876111487921125,0.1272008376894238,0.9865576628701722,0.8508053227186543,0.20187734674786562,0.07667606322303921,0.006437696334554044,0.9999999999999999,0.25554,0.222132,0.522324,0.476599063962555,1
MSFT,2025-05-15,0.09346524342619134,0.13468747275738835,0.1387167508818763,0.1393458486549255,0.1447508532161752,0.24972494000369205,0.1491811953215505,0.1185616813811814,0.036591103282558546,0.9807563605237755,0.8921273637558279,0.8406114644717186,0.4661953626253492,0.9155289248365277,0.9658487657937895,0.9887304760480146,0.6126604446398933,0.16608495331295897,0.8306869715945577,0.7827661032136439,0.24989753569867723,0.11002388889308268,0.02955328877777008,0.9941661575978232,0.25554,0.222132,0.522324,0.3314942346240046,1
MSFT,2025-05-16,0.10457346177210836,0.11873419928515405,0.12250929545237899,0.15037739500677372,0.15560422260611073,0.29544520337210023,0.17611153431159998,0.14457091094549712,0.04584473146288692,0.9885599379463574,0.9261327111211022,0.7758806775262539,0.46998877982696524,0.9223984223724746,0.9815873052059823,0.9894656864259881,0.5098756925242101,0.1980862195416197,0.8013184684710439,0.7058184712297826,0.2839446850543279,0.14538512245684387,0.0634907008828356,0.9606755573864069,0.25554,0.222132,0.522324,-0.1040093541339725,0
MSFT,2025-05-19,0.09441985594029356,0.16432743439979047,0.1422442558871193,0.19489065221598612,0.19939978013643778,0.23358316411297764,0.2064108128724822,0.17181649061439197,0.05640001450554566,1.0,0.9560415196766787,0.7330784858068116,0.5807072181249194,0.9498465142377985,1.0,0.995793405787088,0.5500046827992566,0.15111939196761398,0.6956062758506452,0.6753659747233776,0.29813789195707585,0.18611934735111468,0.11656695264844785,0.8827487566445923,0.25554,0.222132,0.522324,-0.19146616721894028,0
MSFT,2025-05-20,0.13529462813503423,0.15343038967831912,0.17580322242349133,0.18811689568414902,0.19273492651424284,0.08849178512091566,0.22931788956863208,0.19603722202120144,0.06893411278856076,0.9996618333857148,0.979888620977718,0.669743468586514,0.4108520615758765,0.9341164902338823,0.9278965798825884,0.9827762701108183,0.5754098892711415,0.044607958387142155,0.7034118010083072,0.585201112627884,0.3038851270250813,0.2234515115044733,0.1692666836994352,0.8014021367152396,0.25554,0.222132,0.522324,-0.3946837581358359,0
MSFT,2025-05-21,0.1264427666406318,0.14854851364309996,0.15187339117170318,0.13392684342945582,0.13941992791233027,0.18141160543966528,0.23698554742128408,0.21367256461943684,0.08053031607737271,0.9766972735938091,0.9935372793579662,0.5631862676387013,0.25316466188723524,0.8112777642947031,0.7204100205002736,0.8931956552147862,0.513334142523818,0.11603864787186952,0.7394124308776402,0.5267765371596012,0.2946416335614126,0.2554464289175362,0.22234807324779027,0.7107579528534098,0.25554,0.222132,0.522324,0.5544940038737833,1
MSFT,2025-05-22,0.12974051896207595,0.17008107401272765,0.17179902755267396,0.15608670408360759,0.16122146848941465,0.15208910220909483,0.24747793876881374,0.23149719440950056,0.092042939489835,0.9578476910892779,1.0,0.4881048637894581,0.5070928807831117,0.8301512449795119,0.7705679278414974,0.8145032600319974,0.4834782211208962,0.0968389123247747,0.6856927247392011,0.5286235444714251,0.2949484455329703,0.2831425289011942,0.2636557812300597,0.6466011393521169,0.25554,0.222132,0.522324,0.14763514115501764,1
MSFT,2025-05-23,0.08660938991582112,0.1128933833144452,0.12422537896844332,0.11079930327075616,0.11666558139356731,0.12397760137837671,0.24696484981633926,0.24403806427823493,0.1035255939585169,0.9233728367063119,0.9970200196039614,0.38944394076240185,0.2817961818827709,0.7312196725244864,0.6114799746078226,0.7059762336645737,0.42630323030879064,0.07673609256804426,0.7127032974454617,0.4588007737133766,0.28301703607552753,0.30709752499316023,0.30619784782753623,0.5729934817510914,0.25554,0.222132,0.522324,0.6936519141112298,1
MSFT,2025-05-28,0.1841534322659033,0.18987010722692022,0.20068643340642556,0.1802786916973096,0.18502342274706862,0.12896929419728015,0.27589356024710643,0.27890259679080964,0.1261733698432268,0.8992874286723034,0.9861315306748324,0.34351935340419376,0.32699595850593577,0.7567264252034449,0.755297238216869,0.7785118192582449,0.3891320445222487,0.07604439621436176,0.7454156320722611,0.4477590209150286,0.234673819925745,0.36157672814994557,0.414797041700111,0.37682804878317566,0.25554,0.222132,0.522324,0.23720997634784058,1
MSFT,2025-05-29,0.18701726980820954,0.1828959986051788,0.18524168176184563,0.19305206115734475,0.19759088523811474,0.052383237954587436,0.28587482415505683,0.29378747954843654,0.1382546023071507,0.8815310297698762,0.976033475258376,0.3150715923359596,0.4753965770953484,0.7685935450990922,0.801990881377887,0.8438547306530579,0.3622957859019662,0.031161435694413264,0.7455776307641773,0.4125347569036002,0.16853490596413767,0.3875992386728715,0.4907200873947777,0.21989548442057663,0.25554,0.222132,0.522324,0.2067063743996631,1
MSFT,2025-05-30,0.17113598889178228,0.18254729317409124,0.18743445514348345,0.20930907683375288,0.21358461874356038,0.5642458925604579,0.2970570831894621,0.30863417940094084,0.14991982546702243,0.8661778847592045,0.9643254132478221,0.2982496326008292,0.48672439348003194,0.7840967056633121,0.8335465454328685,0.8048859298357882,0.3690707844999544,0.4791977835690215,0.24385292506526612,0.3686491282953497,0.16702243298162678,0.40209824008898565,0.5132795306384006,0.18683173020824598,0.25554,0.222132,0.522324,0.15646310352712156,1
MSFT,2025-06-02,0.14874598628829316,0.1862958765582774,0.20030508151396642,0.2248887168569773,0.22891282448069727,0.11765183681004249,0.30906709513881925,0.32339144851559,0.16199722972273367,0.8526913936941736,0.9517706392705568,0.28940286472827026,0.4843143335715493,0.7992419386440721,0.8578292311990007,0.8400531496351837,0.3738041401857175,0.11422978367131048,0.18287399466797682,0.31596180581001043,0.17773074195711036,0.4132495729317154,0.5239978446585365,0.17946570177838253,0.25554,0.222132,0.522324,0.23748588161472162,1
MSFT,2025-06-03,0.18632300616159014,0.20399267718594727,0.23815425684049973,0.2345655119024581,0.23843418074010536,0.09592517383545629,0.3205784836918202,0.3375899837912004,0.17353130071174538,0.8391528020695662,0.9385261786922445,0.2821967574519367,0.4648622489755776,0.8089222161602156,0.8053197037852868,0.8411948950150339,0.33565978863487356,0.09896743535710839,0.1828344166552699,0.2620842651237443,0.18700403101439278,0.4244461985771122,0.5355857061702234,0.1698942078389695,0.25554,0.222132,0.522324,0.29587980384990753,1
MSFT,2025-06-04,0.2082790939859418,0.21750501264057176,0.25874725903327267,0.24327462744339012,0.24700273105783488,0.05700818411174696,0.3315005016280521,0.3512022404924253,0.18491938722527834,0.8254539417747131,0.9246920799185919,0.2760359938770103,0.46163575179253696,0.8179798194836494,0.7803782084622847,0.8229588055932795,0.3523442189226393,0.0653140004607341,0.16627622772112394,0.21926495419477177,0.18782534122718975,0.43716613134790316,0.554176889575686,0.1445523510674808,0.25554,0.222132,0.522324,0.3422759468250496,1
MSFT,2025-06-05,0.216610257745379,0.25202685031819394,0.26837639431785654,0.28014321656667285,0.2832763884154117,0.20392837363854532,0.3474894481981323,0.3665594019656906,0.19658358525826536,0.8197451282958848,0.9122751874943857,0.29084350350719346,0.5529586762210074,0.8556513467155973,0.822217269184041,0.8107443380964264,0.45202636367427235,0.1989273787696983,0.16751235892350858,0.21927307524354855,0.18818437648421682,0.4514155326974243,0.5753169475633864,0.11553425415499685,0.25554,0.222132,0.522324,0.10889355387210675,1
MSFT,2025-06-06,0.26112991408487396,0.28419492633597754,0.313661931547335,0.30627056318947155,0.30898203936860114,0.08464709864008368,0.365419326735692,0.38263394992975863,0.20950276284509606,0.8173252596738977,0.9017695954614956,0.3108134951471801,0.5174799291542685,0.8809444980489545,0.8131685972000005,0.8134364125589345,0.45551680008801454,0.09957268676721448,0.15880175681217334,0.21800913208674677,0.19683725735115143,0.4648084512289339,0.5905406999821201,0.10081709363019015,0.25554,0.222132,0.522324,0.06902205073373135,1
MSFT,2025-06-09,0.25774537880760207,0.28497951355592344,0.31213652397750025,0.32920456744726145,0.3315458246990284,0.11379730478124422,0.38427387215089404,0.3991023464835153,0.2227024087406413,0.8166071385371834,0.8931953517215999,0.3309929548701236,0.5067815677597354,0.9025470062457679,0.9061057269368361,0.8565594139600452,0.531731245870462,0.125053844867842,0.15802445520785025,0.1831748743738073,0.20403847771699457,0.47893605166317377,0.6076757615332626,0.08255663716426162,0.25554,0.222132,0.522324,0.17573968598726752,1
MSFT,2025-06-10,0.2706760392258962,0.27948740301630215,0.2963104204404612,0.31149603251403146,0.3141233610780212,0.08686973109347118,0.3958746484400093,0.41264115910829524,0.2374831526803476,0.8057426840185988,0.8837675047188132,0.3220741841205054,0.37642356668672644,0.8487142255214106,0.8321774051518754,0.8599756188013356,0.39881522841821704,0.10730530016121886,0.08628504818890714,0.15177979615850434,0.218906396314126,0.4880572060338979,0.6130296908067536,0.08592668564996131,0.25554,0.222132,0.522324,0.12244767310705607,1
MSFT,2025-06-11,0.26052243339408143,0.302763490541365,0.322051673181428,0.32794658409134847,0.3303086133657125,0.11205710417820441,0.4083908031883281,0.426279905316556,0.2530766780814546,0.7967079175138319,0.87408932934489,0.31945865832374526,0.48595891312499445,0.8665515483478119,0.8353774285394572,0.8675929763741907,0.4519238094887967,0.13787108812249832,0.08488479858192716,0.14117791750986464,0.23348462495990407,0.4979166330881055,0.6196511390990929,0.08735251536148639,0.25554,0.222132,0.522324,0.18792761555767012,1
MSFT,2025-06-12,0.3039139113078191,0.3459157876383929,0.35885213080369915,0.3884265531256048,0.3898115838220253,0.174856931881115,0.4302987449794413,0.44357103829765787,0.2685845733524417,0.8016545325246724,0.8675162120710733,0.3519014834194427,0.625533557434983,0.9260879138325893,0.908218362100987,0.8683175844015268,0.5026159841048295,0.1983121757392975,0.10028969500551355,0.17362702987841505,0.2643788622997949,0.5087727874312877,0.6186499362143771,0.11070465541802496,0.25554,0.222132,0.522324,-0.020269041992363124,0
MSFT,2025-06-13,0.31597674216783833,0.3351059192746928,0.35160644484698267,0.3505902844977742,0.35258703571059247,0.12227924435419357,0.44038367714964455,0.45622968618873916,0.28347777691496256,0.7897096487174924,0.8594338433136434,0.33613225130536106,0.31317995470365273,0.8125763510991377,0.719194136631918,0.8295657048941432,0.44406726519415907,0.154046145120252,0.12314405275063223,0.1504390507167228,0.2806466504838623,0.5176289585042433,0.6228249358364124,0.1165677654400952,0.25554,0.222132,0.522324,0.14256886863424922,1
MSFT,2025-06-16,0.30556278746854115,0.3482695492982306,0.372962150824673,0.3910392877878843,0.3923827234736912,0.09302812134637867,0.4564070311340718,0.47100950826518195,0.30047204209888534,0.7867942326507438,0.8522787184668127,0.34582044748165636,0.5614813103954526,0.8560977322987393,0.8751996531065364,0.8432242409619579,0.47001542892036974,0.13441068141213014,0.13056658627773954,0.15554494831831245,0.3039589216512004,0.5277183995482142,0.6249113440772036,0.1301949906598642,0.25554,0.222132,0.522324,-0.042217498578432155,0
MSFT,2025-06-17,0.3072116636292632,0.331270159532735,0.36419105729812173,0.3803948132378556,0.3819104764604271,0.0878099809242508,0.4671322462865062,0.4835846928164309,0.31940052950366393,0.7765447520140809,0.8441315517794518,0.3354552179489658,0.39955617629929874,0.824477149833114,0.8322687517463598,0.8171744533460562,0.4480467220523958,0.13553088799500213,0.12336790723473418,0.11081372937038614,0.3231373527706216,0.5354954185922054,0.6258440362431772,0.14241192740006078,0.25554,0.222132,0.522324,0.19843389172640302,1
MSFT,2025-06-18,0.3297752321444074,0.350972016389155,0.36781390027648,0.40168376233791303,0.4028549704869553,0.13980431973417023,0.47989935447866827,0.4967387134449637,0.33899408399274567,0.7696918425056827,0.8359937307227159,0.33555286464349016,0.5004214657465987,0.8486660498758667,0.9063969273108281,0.8813827213742881,0.46108226492876947,0.1849314537537446,0.1218053932630423,0.09366933387436838,0.3440051704853504,0.5444489079844068,0.6275948476719417,0.15465240714209108,0.25554,0.222132,0.522324,0.2332568725561277,1
MSFT,2025-06-20,0.366484422459429,0.372417400401011,0.3907903517971203,0.3742016644087469,0.3758173064032393,0.6333050273829303,0.4847080419494363,0.50647390519284,0.3586599579800489,0.7517931911614945,0.8252520762532488,0.3083470252472239,0.34637275954979785,0.7643758350807484,0.714051710094763,0.8261109474890079,0.3920467394502201,0.6298061170208655,0.09256054176921152,0.07839825444983406,0.3512292427278485,0.5545221089063395,0.6386450631754133,0.1447795766185581,0.25554,0.222132,0.522324,0.37670081027365754,1
MSFT,2025-06-23,0.3315976742167841,0.4098160578851018,0.3492229955191153,0.4574221017998834,0.45769445859555447,0.32040859024060064,0.5049227495527733,0.522055934420981,0.3739839711160249,0.7567349759171416,0.8178270337884495,0.34300024580178906,0.6945844824566993,0.8602298457050643,0.8758391952566847,0.8410550768199552,0.4511706858930826,0.32402318963443094,0.13479828922372683,0.17644590243581337,0.37550032700908,0.567155210069854,0.6440053206867509,0.154461641711876,0.25554,0.222132,0.522324,0.23817533993217088,1
MSFT,2025-06-24,0.42480256877549216,0.4455583645715282,0.48546095910000986,0.4971937294368107,0.4968236609964336,0.25743646544828014,0.52891668926845,0.539438578156441,0.39141538884600413,0.7672341584737183,0.8143690983429378,0.38445008506832296,0.5564888574718304,0.8981322340892499,0.8867238686050836,0.8343074582522374,0.4678937364827319,0.2584910094204807,0.10039732007587054,0.18207884923314555,0.3967051992346171,0.5833542421504201,0.6564191279284595,0.1525069860929146,0.25554,0.222132,0.522324,0.11172167879342854,1
MSFT,2025-06-25,0.45161850212618315,0.4691831575276786,0.5101534941367145,0.5180956067350486,0.517387990240203,0.1390314442188173,0.5522227797803794,0.5569317594692627,0.408062184068708,0.7766342088222695,0.8138250040517206,0.4148950029660509,0.49758231562717525,0.9170522124449172,0.8771625459338418,0.8902524803744122,0.5088939000755376,0.1538351864393196,0.018890388375979172,0.16945417268146246,0.4298730227438936,0.5961657806347143,0.6570762063546689,0.1744982278016264,0.25554,0.222132,0.522324,0.09458449009809211,1
MSFT,2025-06-26,0.45977609997396574,0.4995205300322554,0.5427590809419387,0.5682214050706405,0.5667059918566215,0.2395495661805428,0.5807266308607462,0.5768895267419638,0.4256356459427013,0.7933267398441504,0.8173359888563247,0.45726400786500676,0.5864546271398572,0.9591902245972148,0.9336685171299896,0.9100872306218099,0.5431600757883537,0.2408693037522177,0.0,0.1750195506193084,0.4668716564260915,0.6124297732034312,0.6607636683384084,0.1949084342575881,0.25554,0.222132,0.522324,-0.09072122094889934,0
MSFT,2025-06-27,0.49943591078712135,0.5105047511114988,0.5448565163504622,0.5536094445519639,0.5523296344672524,0.558552704448957,0.6006557874738441,0.5938509422749259,0.44329927092975874,0.7972435403046791,0.821070742564361,0.45960203026647173,0.38869592134182607,0.9141383685317257,0.8529236541576909,0.8984941703860128,0.4627796289969133,0.4926105281404323,0.012229638200781157,0.14978595651081972,0.49296322429037964,0.627545654431013,0.668825201305328,0.20191913820530819,0.25554,0.222132,0.522324,-0.08360076215045842,0
MSFT,2025-06-30,0.4950099800399208,0.5232324993461774,0.5667842501668412,0.5678343332688209,0.5663248694799492,0.4066802042951203,0.6193968482556453,0.6104210847133715,0.46344149254886524,0.7992572074277179,0.824534594039488,0.4567715409561435,0.47653322280909277,0.9272640739623108,0.8612509103788847,0.8930366739631492,0.5180808972092682,0.3707746919534232,0.012428170671076433,0.144704353879473,0.5177423390548759,0.6425763770287145,0.6774924354913052,0.2071840981700959,0.25554,0.222132,0.522324,0.024039404535649123,1
MSFT,2025-07-01,0.4900633515577546,0.49960770639002705,0.5253122318619505,0.5159667118250431,0.5152937323563318,0.1993428096732509,0.6241882516489223,0.6212891231638449,0.48333893308894327,0.7810752046961644,0.8230072908508556,0.40462206337426615,0.2745875121130672,0.7702665664435682,0.6746012531792455,0.8041797703840723,0.42136436566026836,0.1848713954699307,0.06009279320127531,0.13201559325783485,0.527235674868149,0.6547794413928472,0.690464656507769,0.19641532784379537,0.25554,0.222132,0.522324,0.10476052427650018,1
MSFT,2025-07-02,0.43382799618155055,0.45994246360387026,0.5035751739918011,0.5066769885813809,0.506154456067506,0.1100978401329149,0.6261943755589474,0.6304177362590138,0.5044600868128701,0.7593128512315234,0.8166406377232277,0.35405869915176863,0.4046144107042273,0.7437937372198478,0.6036056256656716,0.7186667353506189,0.4230532163306188,0.10652299514976699,0.06536934970773545,0.0907814484294649,0.5316892102024635,0.6661873518420394,0.7050616414324891,0.18017959879864273,0.25554,0.222132,0.522324,0.1040185860313414,1
MSFT,2025-07-03,0.46697908530764565,0.5177403888065553,0.5487653732481643,0.5816721501838584,0.5799389821159764,0.0526293766537444,0.6425492654551768,0.644782962982736,0.5255914437528255,0.7588168647809552,0.8114300596889542,0.3661378103445361,0.6624359587099108,0.8335924267814172,0.875355021275591,0.7235042729186829,0.4774566704357016,0.05659491781996978,0.09692499501542878,0.14430283592383497,0.5470490490417275,0.680374200158687,0.7177273917335594,0.17390904808808463,0.25554,0.222132,0.522324,0.07666676023453478,1
MSFT,2025-07-07,0.4979606005380548,0.5057100514340509,0.5658308704356942,0.57083413973292,0.5692761739143757,0.052550612270014174,0.6535016149571158,0.6569655749237326,0.5453411218629833,0.750727032043878,0.8053490900918836,0.35704362906798154,0.40029770540061554,0.8024010391547707,0.8360837561544187,0.7788907967803045,0.49569828446266756,0.061151048975959355,0.09863603308363267,0.08558389123919774,0.5592723372288821,0.6925610244007827,0.7291501252625263,0.1671994327775523,0.25554,0.222132,0.522324,0.06288289379396739,1
MSFT,2025-07-08,0.49674563915646974,0.5009153517566038,0.5551530174468491,0.5601896651828913,0.5588039269011107,0.0,0.6601700265235593,0.6671796593518491,0.5628634715511911,0.7368345434815324,0.7972000086883471,0.33543521226791717,0.40081363555692767,0.770924588006991,0.7975143304368514,0.8453991113401571,0.3971312290590617,0.016893111829911156,0.10228053786950081,0.038454523771621174,0.5680985433959282,0.7032062611791097,0.7401619737369693,0.15878907623750613,0.25554,0.222132,0.522324,0.11415131522577449,1
MSFT,2025-07-10,0.5471665364922336,0.5553133990061894,0.5898560396605967,0.6072188891039287,0.6050739070980695,0.11434373269337272,0.6895128171475209,0.6936138760764661,0.5984425022988469,0.7332277242349223,0.7852885554376854,0.3554126058160047,0.374059473668457,0.7916212416314548,0.806391138092741,0.8316869481480921,0.38217623593641187,0.11595204856184532,0.12480846961649084,0.09547150586033193,0.5987542606291862,0.7280829862075251,0.7602919614345436,0.15322262484581747,0.25554,0.222132,0.522324,0.06828788878707304,1
MSFT,2025-07-11,0.5074199427232493,0.560456804114724,0.5903327295261702,0.6250241919876132,0.6225921301102,0.11354132053412097,0.7017306512443033,0.7057408969674612,0.6159604471449702,0.7282884659077624,0.779131213528054,0.3562456621705278,0.4868224478128691,0.8131548384026779,0.8595771826866535,0.8529737475456867,0.3492953502644543,0.1151875214878389,0.12481943581348942,0.08837526969829024,0.6087378204648388,0.7405375684416069,0.7733669910959824,0.14304477961055703,0.25554,0.222132,0.522324,0.03517118015020815,1
MSFT,2025-07-14,0.5338887442506293,0.5512161101909165,0.6211268948422148,0.6221211534739686,0.6197356274729859,0.005223063196110989,0.7109338856807703,0.7165306027164395,0.633236686292721,0.7193080411841559,0.7720822891007055,0.34693006975707547,0.42447402447886123,0.8039706613474649,0.7123124721695306,0.8005801052254925,0.36107719641746744,0.02393896348554897,0.10632767093909473,0.03412990387080095,0.6210660905498591,0.7503349321148622,0.7811524933066765,0.1412550061972089,0.25554,0.222132,0.522324,0.1333462097098188,1
MSFT,2025-07-15,0.5469061876247503,0.588963473106094,0.6379063781104017,0.6492161796013152,0.6463931267739422,0.07582548766229769,0.7236254749820779,0.7285311781922155,0.6461677809795905,0.7157429865455509,0.7656003394812729,0.3528540376616545,0.5144688106095819,0.8384974101317302,0.7701115179951451,0.7881366391706284,0.3736009992066923,0.08912722786767596,0.08331619156371045,0.04380828868364395,0.6295987886628076,0.7628543932284395,0.7951352540592249,0.12905219512350644,0.25554,0.222132,0.522324,0.062303523757885726,1
MSFT,2025-07-16,0.5656513060834856,0.5751896085781536,0.6293259605300792,0.6472808205922194,0.6444894300784076,0.0814177589071442,0.733398185481847,0.7392842722844368,0.6574965222570417,0.7082559206472223,0.7586447719653449,0.3479054981874099,0.42741518831158537,0.8317627334201625,0.7600058870994121,0.7539849023733406,0.42438451282678713,0.09459699333190458,0.0784763546565036,0.009263895446491865,0.638508354633383,0.7735969891303385,0.8062463412895569,0.1208194735782083,0.25554,0.222132,0.522324,0.06558845816679826,1
MSFT,2025-07-17,0.5699904538748592,0.6331618864963819,0.6648870245018585,0.7061157344687432,0.7023750244186449,0.13922835517814292,0.7527880482172735,0.7538191061657895,0.6696520283673113,0.7149584596946528,0.7546648567681371,0.37899624258235143,0.608198069464673,0.9024413181618642,0.8578829995679552,0.8039138131887824,0.4928626007744913,0.14489595726577714,0.0890195455710282,0.052959628460095276,0.6539279179907895,0.7872524018956875,0.8180828193204865,0.11601320656878314,0.25554,0.222132,0.522324,-0.08715995958984568,0
MSFT,2025-07-18,0.6463594550030374,0.6442332839333971,0.682143197635618,0.6901490226437001,0.6866656963048365,0.2304621254076672,0.7651595449239075,0.7657409867754512,0.6819994093987729,0.7115584751672608,0.7506771385499323,0.37891471365849033,0.3859190880464016,0.8465938445834915,0.7552390698681883,0.798812745346212,0.40008320860356616,0.22273645017478733,0.09706067116397726,0.048640468412220805,0.6623512496617527,0.7993459474468829,0.8314888074843525,0.10465410144222856,0.25554,0.222132,0.522324,-0.057956361547065294,0
MSFT,2025-07-22,0.6158986375075939,0.6142446168599069,0.6615501954428442,0.6438939423263008,0.6411560456733989,0.04976924496954033,0.7738919960025914,0.7826971833792586,0.7051556161832679,0.6824207378139256,0.7367724689932136,0.32526905228852643,0.29506684655745685,0.686975122179259,0.5727002338632231,0.69949400483079,0.37602774090290625,0.09055454073633323,0.06377091608277041,0.016226621008973652,0.653556398653353,0.8204131805320105,0.8679536828107066,0.05321662244270414,0.25554,0.222132,0.522324,0.1253276459228525,1
MSFT,2025-07-23,0.5792762301483991,0.5757998430825562,0.617980741729431,0.64970001935359,0.6468690509478261,0.1119931081164236,0.7740871034748533,0.7887217451525816,0.7159757503672517,0.6627434755246593,0.7248229357383865,0.29572664942594895,0.450580048206184,0.697051279806989,0.4952105240819437,0.6103073933369932,0.31544375265555336,0.15799930376764226,0.054114854720124395,0.0,0.6541656852124751,0.8268068104869566,0.8771887197197086,0.042148280812243005,0.25554,0.222132,0.522324,0.09758036461070518,1
MSFT,2025-07-24,0.5968063872255485,0.6357771772295346,0.6809038039851272,0.6981807625314493,0.6945677612603465,0.10486493138883762,0.7837784616085486,0.7981203582030765,0.7259198976103263,0.6574873242466164,0.7140207090300801,0.30771414351459214,0.5774823194478625,0.775411776798379,0.7190133834752668,0.5977520050464463,0.38234307768011133,0.1524584592351041,0.06702134593191184,0.045025617716201616,0.6637924393048191,0.8343566718440552,0.8831175244260074,0.04115545218636743,0.25554,0.222132,0.522324,0.023164756261323305,1
MSFT,2025-07-28,0.6428881367699386,0.6473716328131807,0.7077891124034705,0.7138571705051282,0.7099907687946958,0.06058457941049783,0.8051260116043606,0.8177138956398751,0.7459509570328318,0.6509414924924419,0.6969443591412837,0.33210821177062,0.3986799746716916,0.7730261849978066,0.620247155416309,0.6958623500803195,0.382826480344402,0.1323607528062351,0.0521538803645496,0.04551571314519953,0.6924585208462961,0.8476712460682481,0.887043001313581,0.05515186216711876,0.25554,0.222132,0.522324,0.28160100993752657,1
MSFT,2025-07-29,0.6554716653649226,0.6702118385493852,0.7215177805319861,0.7145345461583128,0.7106572541569154,0.11378007507230326,0.8118259789246896,0.8257997201389968,0.7554168345311938,0.6424867847348994,0.6881715890969722,0.3289186767202757,0.43520325846551405,0.7741128706486009,0.6236232291524745,0.6631446936084268,0.3566453500776604,0.2052554153579404,0.05218356670088686,0.05301592657572751,0.7026843857769709,0.8538214374099371,0.8905408772520902,0.05753227208864459,0.25554,0.222132,0.522324,0.1546000150917357,1
MSFT,2025-07-30,0.6523474789551331,0.6556533868014998,0.7013061302316714,0.7210179988387839,0.7170367447935622,0.3577330625807643,0.8184612530781257,0.833674984816724,0.7648078777669456,0.6343833295849621,0.6792376454344019,0.32723467360708663,0.4523297067622078,0.7850771799225771,0.6549898466727596,0.6361447150653559,0.3648592567467743,0.4610309255281975,0.015006473898334538,0.039610715729125,0.7052577261039152,0.8624179705519244,0.9019778219137526,0.045123856741120516,0.25554,0.222132,0.522324,0.2974211728254901,1
MSFT,2025-07-31,1.0,1.0000000000000004,0.9154352178472687,0.9170698664602277,0.9099248863336031,0.9789108362562305,0.8623290249165825,0.8566933801748013,0.7766927824147682,0.6802301687712375,0.6829290840203482,0.45914945743702684,1.0,1.0,0.5891688240797971,0.6254852274525478,0.4958853114700042,0.9999999999999998,0.24831928926098212,0.5288050273397895,0.7651481345313469,0.8796231557209393,0.8942857225992968,0.09357822935419391,0.25554,0.222132,0.522324,-0.060162909641978235,0
MSFT,2025-08-04,0.7660331510891263,0.8500566646325516,0.8794928019830293,0.9377782078575567,0.930298654389035,0.33234631714971385,0.9152741613605979,0.8916356110841037,0.8004227559203638,0.7195322164329452,0.6987642042990833,0.5391360273196562,0.751783636410073,0.856181963642054,0.6278864733321783,0.546100480229224,0.5318057054313816,0.3256430011465316,0.3357620365436679,0.6772396391036277,0.8405755516499056,0.9052584739875473,0.8905388370382306,0.1466946698511696,0.25554,0.222132,0.522324,-0.15146228085344604,0
MSFT,2025-08-05,0.8433567647314062,0.8417749106442325,0.8710077223758219,0.8614282949487126,0.8551811576161272,0.1802965971324842,0.9288357359032915,0.9048838857495833,0.8120305719746708,0.7194659251142124,0.7078260068586065,0.5152610577607107,0.2159522451683862,0.6967588062953667,0.4851356142442908,0.5104183614064729,0.5048713879473844,0.17898046637432735,0.3749120941331855,0.6653058841362893,0.8591734536074656,0.9178874947183897,0.8990624679328856,0.1480521003701953,0.25554,0.222132,0.522324,-0.06356964656033492,0
MSFT,2025-08-06,0.788857068471752,0.7929561502920408,0.840404233006006,0.8342365008709116,0.8284278989240468,0.2340557504153591,0.9343368508808219,0.9147281465032324,0.8239361713714861,0.7075385077607146,0.7122557031901677,0.4668630544598017,0.3550438781852243,0.6449180635846417,0.4342945875093275,0.5155695740891653,0.4725398097791438,0.22390221793309828,0.36681365594671167,0.6232158966432413,0.8736770693638718,0.9265813461796228,0.9039799743152286,0.15122841180384125,0.25554,0.222132,0.522324,-0.03643103683445126,0
MSFT,2025-08-07,0.7532760565824868,0.7614854851364314,0.7786252264276854,0.7945616411844396,0.7893934983203801,0.10417820441818965,0.930934520705283,0.9204681063480069,0.8335151171617516,0.6829258164054599,0.7099808048874737,0.3968109059833419,0.3184106289891302,0.5717485730718146,0.36011487626309424,0.42372719068982223,0.3859186019433497,0.10881153298442109,0.3745173367911906,0.6213686577977646,0.8780253077930942,0.934435444596803,0.9133134129482197,0.14254410130024195,0.25554,0.222132,0.522324,0.1013087871549867,1
MSFT,2025-08-12,0.7268072550551077,0.7866794525324727,0.8277242825817526,0.8758467195664794,0.8693659962232498,0.16787643837302318,0.9431577388620811,0.9427558368343036,0.8648318144797127,0.6449859649988021,0.6860984053136847,0.34205052405602576,0.641312108525625,0.6736256666505136,0.43908907410541304,0.3957083206263404,0.44791137799776926,0.15451320906502414,0.3911608628718657,0.5731058811552627,0.8999719742686221,0.9591376495198038,0.93804758886081,0.1262832259106126,0.25554,0.222132,0.522324,-0.09932754319199488,0
MSFT,2025-08-13,0.7993578061268769,0.8016737860692182,0.7959767375345601,0.7920456744726145,0.7869181180598384,0.19131376530675037,0.9374963870092055,0.9457443016217053,0.8741655306979368,0.619222606032148,0.673994970844914,0.29411863115221193,0.19166834905863522,0.5150008135745154,0.2244777233390185,0.3417401777834734,0.36119800011286773,0.1702777932601442,0.43139306284808143,0.6110363038707372,0.899304191736622,0.9652067218599591,0.9475100223589186,0.11438609028665023,0.25554,0.222132,0.522324,-0.042103226465928345,0
MSFT,2025-08-14,0.7164800833116374,0.7428297445732723,0.8033177614643909,0.8104315850590282,0.8050070670430651,0.2073103193649622,0.9365834001852056,0.9499483424999231,0.8836425564511745,0.6011874135809394,0.6600485461346579,0.2748623698746726,0.4865384534278909,0.5399246750070172,0.2653833309179811,0.30347741014376906,0.1948369041195051,0.18113051793864982,0.41842803686141816,0.5819903750367423,0.9031536661825399,0.9695800071856415,0.9519090632629297,0.11149662376906982,0.25554,0.222132,0.522324,-0.15031832283359636,0
MSFT,2025-08-15,0.718302525384015,0.7441373899398482,0.7932119363142345,0.7880781885039667,0.7830140076837333,0.32900621500215377,0.9314564598516171,0.9519619512119273,0.8926083802585163,0.5778972755970082,0.6433854141755015,0.24647718181353354,0.3683321565759211,0.49921588092698266,0.21564912820405713,0.2268402409935758,0.25736354970922615,0.27963223011976573,0.41982427879734274,0.5374181822249593,0.903502255773553,0.9736855345193374,0.9578629646636023,0.10452457261879572,0.25554,0.222132,0.522324,-0.17569638334378923,0
MSFT,2025-08-18,0.7080621365963733,0.7155435445907075,0.7449709219181999,0.7583704277143406,0.7537863263250228,0.29324964617562,0.9215121102760806,0.9513894348038883,0.9004785676722138,0.5486769688286358,0.623146972682899,0.20912099132788825,0.3465454022830543,0.4460563606771917,0.14955484792215784,0.20114261090609037,0.12841780960282706,0.23834682688365483,0.4251944448523838,0.519124021068968,0.9018285170610829,0.9765415925643093,0.9630754271407991,0.09718112332856987,0.25554,0.222132,0.522324,-0.15195758968554385,0
MSFT,2025-08-19,0.6508721687060666,0.6487664545375291,0.6928210506244641,0.6874395200309653,0.6839997548559591,0.23713986831579592,0.8996058561099316,0.9451311854932123,0.9067514632404876,0.5034912021684127,0.5962739092961938,0.13979994458835227,0.22419230020441988,0.33158465819909855,0.01172350843376204,0.11414039362613569,0.13100438051940227,0.18452710893617907,0.43939037036445383,0.47372280768781194,0.8967359180368311,0.9783672189464281,0.9686547050893188,0.08724371954011276,0.25554,0.222132,0.522324,-0.023748057511655873,0
MSFT,2025-08-21,0.5527206456651914,0.5831226571353851,0.6372390122985987,0.6339268434294558,0.6392427730387515,0.16237031567288168,0.8529471824429526,0.9277078535844843,0.917440221007106,0.4145542490557922,0.5274338386842236,0.045014088668213104,0.41434404901604655,0.266360485456573,0.032421285171105124,0.0,0.14903679307119738,0.1128539131910562,0.4351832841849378,0.3697588366438791,0.9030715172345758,0.9759489097185905,0.9614933571871722,0.09987348388358455,0.25554,0.222132,0.522324,-0.03281996431733192,0
MSFT,2025-08-25,0.5782348346784696,0.5880045331706039,0.6505863285346551,0.6341203793303656,0.6394333342270881,0.24101901421450989,0.8266924225028047,0.9149919832087146,0.9272600876329715,0.3624048589254773,0.458723630484802,0.06347467710773658,0.34722950209364645,0.2773258526432085,0.04051678696411291,0.0530959069500294,0.1409941017836726,0.16324349988122722,0.43862225975166524,0.29353123933458836,0.9118104451982711,0.9706518144357941,0.9486779019528377,0.1208717057395293,0.25554,0.222132,0.522324,0.08023511793335714,1
MSFT,2025-08-26,0.5585351037056325,0.5600209223258656,0.5971017256173132,0.6126378943293975,0.6182628480375074,0.4673952372161714,0.8106088848165038,0.9066377725312775,0.9317040286974017,0.3344874715543274,0.42478127641369373,0.0659373134134737,0.3686089663678331,0.24420571302173077,0.0906354554093862,0.07306265548056697,0.05597611117597692,0.3186062396698475,0.44000183692556216,0.2624273901763665,0.9190851142757168,0.9667147681671566,0.9387173765492434,0.13753266207323248,0.25554,0.222132,0.522324,0.0717224096325817,1
MSFT,2025-08-27,0.5380543261303483,0.5801586609711449,0.6103537038802553,0.6581188310431578,0.6630830310528557,0.1336853116731278,0.806701891114356,0.9027281047207203,0.9362320141488016,0.32568920839655086,0.39554740684354106,0.11513334588870094,0.5696220990814381,0.3378644655382653,0.22702977128806523,0.10771092633349721,0.17423294774485074,0.0776432156547825,0.4512922696855858,0.2454816261642676,0.9210685701827481,0.9644157299863445,0.9341661036306155,0.14431176598175968,0.25554,0.222132,0.522324,-0.02329853403942861,0
MSFT,2025-08-28,0.5822268506465331,0.6132856769244177,0.6637429688244829,0.6861815366750523,0.6907383432093184,0.15184296350993787,0.8091047669695657,0.9014476524668891,0.9413977566635809,0.32703922292567705,0.37247946642214397,0.1795573130018059,0.5167478806013116,0.39173384653286414,0.3111888962229274,0.20054814994554193,0.18381750724892992,0.1172700301990085,0.24624055152694846,0.2175309441834219,0.897121919213367,0.955075905228687,0.9335567739531427,0.12993908919041816,0.25554,0.222132,0.522324,-0.05922695254718058,0
MSFT,2025-09-02,0.5247765338887449,0.5689129108185855,0.5808942701878159,0.642442423069479,0.6476341684829032,0.15460956248846225,0.7994490706176149,0.8935786720056531,0.950289258771754,0.31107345709508466,0.3342121224218414,0.23021918265057087,0.38777044570695196,0.31353530385734374,0.22097319350840455,0.24475464946250564,0.1905260454448978,0.13272687603614086,0.10608745669020314,0.18691982696512444,0.8543319347438025,0.9363020793272834,0.9293459578898964,0.10789810071710071,0.25554,0.222132,0.522324,-0.1490136238492773,0
MSFT,2025-09-03,0.5535884752234663,0.5845174788597336,0.6334254933740109,0.6446680859299398,0.6498280161335419,0.11072549381576519,0.7951242789156359,0.8897663815116252,0.9535030635916959,0.30494161666020303,0.31818717161560933,0.2531451406266023,0.439869819356851,0.3185149726936226,0.2676635197394293,0.22982597757066625,0.25963139216633685,0.09804131468976734,0.07657495121353647,0.15045675082649956,0.834796842993665,0.9275517138735325,0.9271547902007016,0.09809730684363593,0.25554,0.222132,0.522324,-0.10492701940009241,0
MSFT,2025-09-04,0.5580144059706678,0.5876558277395163,0.6413385451425295,0.6700212889490995,0.674813556465482,0.09015814411420836,0.7966592121937781,0.8883549482082356,0.9564802883476897,0.3078501401455466,0.30605481134502033,0.29381640340030213,0.5089106225001064,0.3758865958233023,0.3564181708639383,0.2747023672632466,0.3221705027746039,0.08520627593735192,0.08422456073951673,0.11050024603029796,0.8180310538141171,0.9210060061928727,0.926718282906672,0.08789162688995603,0.0823,0.0126,0.9051,-0.13510061771229265,0
MSFT,2025-09-05,0.5994098759003732,0.6209571964083342,0.5385642101248926,0.5445132572092115,0.5511278541086524,0.4959251738354563,0.7731616090889109,0.8769025162858832,0.957044652733142,0.27509612167644315,0.2886055868701898,0.23826378896456335,0.054544483239313046,0.16695010068852278,0.06733616078374248,0.22200674376067114,0.2059328849173781,0.4091381048318033,0.18429877347984314,0.2628229641044342,0.8176790976967601,0.9108531960294939,0.9117095375953439,0.1060128406500507,0.0623,0.0192,0.9185,0.09291718647377989,1
MSFT,2025-09-08,0.5042957563134607,0.5270682590881353,0.5639241109734003,0.5754790013547506,0.5816434992779742,0.12120854101286077,0.7604637959790832,0.8690001793755147,0.9572945113937728,0.25907569692223054,0.2708588388490873,0.2351551500720343,0.527540229868062,0.23464121076173827,0.21303267615481414,0.20326903245429506,0.20841692801082334,0.09766290010001916,0.19371885161361257,0.25700427190917075,0.806683179054211,0.9015139017280833,0.9038657078784285,0.10857777451320544,0.25554,0.222132,0.522324,0.046071705512502836,1
MSFT,2025-09-09,0.5331076976481821,0.536221776654171,0.5893793497950233,0.5775111283143017,0.5836458281463663,0.06310750107685681,0.7507058236241217,0.8619808661418005,0.9578183352144407,0.24815651210610817,0.25408004970061726,0.24526875161899625,0.43937249004032813,0.23913061743012565,0.2504645240579413,0.16692822723437328,0.2379289527231666,0.05368358230392534,0.19440512517575093,0.22387895423812498,0.7926680900191938,0.892369448086797,0.8980004269483519,0.1067737007327961,0.25185,0.06745,0.68065,0.1877383132182211,1
MSFT,2025-09-10,0.546559055801441,0.5447650597158051,0.5800362284297833,0.5964776466034447,0.6023371036997602,0.24035936250076917,0.7466359492677013,0.8571364496694973,0.9584207093826782,0.24615308865587848,0.24018339156693166,0.27538234994822874,0.49066323739442136,0.28231815727902376,0.34968575617756253,0.2637706857947497,0.27730819027131576,0.19904264868229582,0.15319372204550652,0.2031216400367486,0.7514474313270556,0.8809909983615012,0.903988561762441,0.07275577062345323,0.25554,0.222132,0.522324,0.23732335364564316,1
MSFT,2025-09-11,0.5402239000260352,0.5442420015691742,0.5910954333110876,0.6026707954325525,0.6084408072899707,0.17315857485693187,0.7446002185148055,0.8532342749015505,0.9599787741071397,0.24754144998552813,0.22939428581352891,0.3078512362295444,0.45191855033067885,0.29671283713448116,0.3820868081541195,0.32175418582338644,0.23932702169517983,0.14382471400969354,0.11782069092461439,0.16316591252035617,0.7301628172390755,0.8733858471416878,0.9044899467138778,0.058298698325389614,0.25554,0.222132,0.522324,0.12585597708475982,1
MSFT,2025-09-15,0.596979953137204,0.6514689216284544,0.6780436647916863,0.7415328043352041,0.7452857651749909,0.13038459171743277,0.7825830108561318,0.8640498250626307,0.9658735259956801,0.3108835040949743,0.23386950599551226,0.49173711347368343,0.5891328833764209,0.5605009646837482,0.9478867624609184,0.7187051652411268,0.37456962650809367,0.11214379521382722,0.1989478362552053,0.23316347975260943,0.6916841251108563,0.8670147411750944,0.9164454619959193,0.01847597414472843,0.25554,0.222132,0.522324,-0.08841562913566958,0
MSFT,2025-09-16,0.6671873644016317,0.6668119605962866,0.6932977404900376,0.680375459647764,0.6850167195896901,0.1935954710479355,0.7886658742196637,0.8658151540642387,0.9678095101533692,0.32279643921614304,0.2421341145899893,0.5069316727567863,0.2525598668652687,0.4388754748161525,0.6319623101667268,0.8044094068751803,0.33007110426988395,0.16939018523899801,0.21696521145438097,0.23439616160777343,0.6759832325241266,0.8640843784511536,0.9208285482733456,0.0027965712440305712,0.25554,0.222132,0.522324,0.12376005099587384,1
MSFT,2025-09-17,0.6128612340536321,0.6150292040798537,0.6678425016684146,0.6898587187923351,0.6943618785694312,0.09771706356531906,0.7954003209597404,0.8681883479332275,0.9700769786999128,0.3351457515045517,0.2516652868318883,0.520165210282049,0.46136023535797815,0.455352208693943,0.6710740663325319,0.7568979872768226,0.33711627444573483,0.09240687074712134,0.18547460414967576,0.19311474264392636,0.6776851578154286,0.8645259220706722,0.9205389980141447,0.004270364873900673,0.25554,0.222132,0.522324,0.0608417194057187,1
MSFT,2025-09-19,0.6123405363186674,0.6848574666550422,0.7096005338926492,0.7664021676020889,0.7697944237391363,1.0,0.8177831230694803,0.8773900982471008,0.9737520585829262,0.37116929023071565,0.274958867665456,0.5705468158944054,0.7036508550335681,0.5770072617566577,0.914644579296071,0.7374204700642474,0.5135888505519803,0.8059664190431048,0.22644430457795828,0.2183361903796126,0.7041464023139472,0.871535534141898,0.9162536310954335,0.026878867015940416,0.25554,0.222132,0.522324,-0.09637957715292278,0
MSFT,2025-09-22,0.6559923630998874,0.6712579548426469,0.7308609018972252,0.7327269208438167,0.7366080491513802,0.20091563596086398,0.8271393952137771,0.8821844609875265,0.9756591950293645,0.3852786616475525,0.2897769474455918,0.5754048261057454,0.33450422934771995,0.50885334682955,0.7864276993173276,0.7769853555975081,0.4483637751599259,0.16076818542235077,0.23218133688415887,0.17612601975954778,0.7146160807309254,0.8744694060379383,0.9147983667242152,0.035508590120882255,0.25554,0.222132,0.522324,-0.09606124582048514,0
MSFT,2025-09-23,0.6404582140067685,0.6437974021445387,0.6809991419582415,0.6822140507064054,0.6868284872697465,0.1957541074395422,0.8246731654587451,0.8824501483911686,0.9767814526868062,0.38165062414768053,0.30077371149323034,0.5354782695171287,0.28389554979248105,0.4148559296897186,0.5941023793492104,0.772075717173157,0.3964512846868858,0.15825002034406882,0.24379269508749113,0.16391746328361712,0.7176227166167033,0.8764889753849929,0.9161432360855528,0.035825915992319435,0.25554,0.222132,0.522324,0.03096156956349616,1
MSFT,2025-09-24,0.6107784431137722,0.6254031906546946,0.6772809610067689,0.691116702148248,0.6956019626844805,0.04152605993477326,0.8244540545641614,0.8834130284841222,0.9776045655050947,0.38098901672089003,0.3094147129527518,0.51086436821504,0.4596294766978078,0.4304746369619763,0.627999051047192,0.6737598061755141,0.3861552044284422,0.042706204244755186,0.24004907321570568,0.1302651026299968,0.7210480695587416,0.8797844960288201,0.9191651081740888,0.034364700686035005,0.25554,0.222132,0.522324,0.061005828696348186,1
MSFT,2025-09-25,0.5927275883016581,0.603870630285066,0.6593574220612073,0.6609251016063471,0.6658485622685015,0.09697618608085656,0.8183308739941753,0.8818420801625186,0.9779618382421535,0.3715905486798049,0.3141056341264923,0.46959243072016427,0.343391953010839,0.3746725657641221,0.45477811069603385,0.5600080527939455,0.3503204368104406,0.091543399389936,0.2343888116682118,0.09136162858334118,0.7212020022680221,0.8799023389244103,0.9192555969319738,0.034354503940147385,0.25554,0.222132,0.522324,0.1563965570552328,1
MSFT,2025-09-26,0.6080013885272937,0.6381309388893732,0.6744208218133281,0.7037933036578279,0.7080937752565397,0.10747646298689312,0.8218774132833229,0.8838873031167398,0.9780574953946175,0.3761388107494524,0.3189336199736345,0.4710245344304998,0.5605587428542741,0.4534179194402439,0.6052861482246115,0.5638439487595628,0.3076970665684135,0.10211507410418963,0.24099636985418582,0.10764936638339018,0.7233969312102966,0.8806418765420205,0.9191369074616391,0.03593194663840099,0.25554,0.222132,0.522324,0.11110810587854969,1
MSFT,2025-10-01,0.6491365095895167,0.6954058059454273,0.722757174182477,0.7836268627830458,0.7867687334096853,0.26547781674973847,0.8582568616905819,0.902102751232738,0.9827445356892799,0.42447827694414975,0.3472527473460969,0.5463057199526773,0.4828659869484315,0.5850599882630703,0.8681292004534088,0.840103141460503,0.38355573337377835,0.2335898564167015,0.24237387364559027,0.12962552726316057,0.7653323760476791,0.8949048657323426,0.9170694731205589,0.06571660177737698,0.25554,0.222132,0.522324,0.10739158481518007,1
MSFT,2025-10-02,0.67378286904452,0.7049080289425507,0.7131280388978931,0.7452099864524868,0.7489093005351029,0.23078702849055444,0.8619774836215397,0.9056619053435342,0.9844513559353301,0.4271656829292446,0.3575145091419783,0.5277986871293197,0.320939815860784,0.4988670916185245,0.5636156579469147,0.7784862088993911,0.36137020858120683,0.19777211579044457,0.2515339013161352,0.1679649879616989,0.7730176204288624,0.8980621821215435,0.9175044539882173,0.07015699148524251,0.25554,0.222132,0.522324,0.10492485365835047,1
MSFT,2025-10-03,0.6690965894298362,0.695231453229884,0.7543140432834399,0.7607896264757112,0.7642624037139321,0.08038151498369334,0.868023163043306,0.9101598162803959,0.9856171334325659,0.4328236676216677,0.3670615156145833,0.520330652332006,0.4788337341973748,0.5263419750524945,0.6600779513621491,0.702328519890902,0.28780846223329376,0.08397802551218947,0.12554197256077038,0.15122488228450792,0.7722921427042806,0.9071441235342825,0.9315113496835776,0.05259081274159727,0.25554,0.222132,0.522324,0.09358394300513662,1
MSFT,2025-10-06,0.682200815759785,0.787115334321332,0.7848221946801415,0.8693632668860074,0.8712610745735834,0.23486554673558546,0.8942494137715435,0.9230461464607651,0.9881219989410432,0.46707373913753175,0.38279613706779575,0.5849812012439516,0.7473191475861016,0.6866132207010047,0.8664694001437261,0.7017592286812412,0.42375765015449196,0.21465950484946983,0.18675182677520774,0.25162817426303885,0.8001784067153688,0.9194851065227545,0.9344143930055804,0.06704762922148358,0.25554,0.222132,0.522324,-0.06753355520286963,0
MSFT,2025-10-07,0.7662067170007809,0.7763926423154035,0.8157116979693013,0.8249467776272494,0.8274884992971261,0.06814596024860009,0.906480001282369,0.9311620561369485,0.990087375408641,0.4800190838442636,0.39844422687010095,0.5840770857249765,0.30551425098007834,0.5894895435060707,0.6912357264597065,0.7455313516027708,0.43098335457104775,0.06944812594504157,0.20769994746375797,0.24803888084419357,0.808913196993533,0.9298755610849949,0.9450957384889289,0.05969248053431314,0.25554,0.222132,0.522324,-0.1500463470322272,0
MSFT,2025-10-08,0.7227284561312155,0.7515473803504489,0.8314424635332252,0.8333655893168181,0.8357850929440653,0.037334317888129964,0.9179230125361064,0.9392222932056629,0.9921803801734308,0.4910843068396282,0.4135786141455785,0.5787097268248262,0.45749142647388724,0.6015303854814216,0.7244492756885211,0.7676099286939059,0.4302682700089435,0.04858822850980332,0.20744275757922725,0.20292733237203553,0.8177664716514004,0.9398230846806075,0.9550475328972148,0.05333144973489934,0.25554,0.222132,0.522324,-0.12322682135708574,0
MSFT,2025-10-09,0.7145708582834338,0.7287071746142444,0.7771951568309658,0.8096574414553892,0.8124217166977568,0.15991631284228663,0.9224069357014457,0.9446288687785782,0.9937758780468045,0.4914546925788331,0.42577368639213026,0.5479986482201065,0.3647055145525844,0.549049742346182,0.630919246362042,0.6868191063281931,0.43740139746508844,0.15794079913245052,0.2150706287714046,0.184263381671407,0.8176526713298271,0.9485149775341566,0.9681285406647793,0.03748347823925849,0.9286,0.034,0.0374,-0.10364816554474998,0
MSFT,2025-10-10,0.6911394602100147,0.7221689477813622,0.7031175517208501,0.6989549061350875,0.7033268727664126,0.3024355424281583,0.9041853288635897,0.9405742720578867,0.9903201272643765,0.45881160591793385,0.4278126331800908,0.4418835961726951,0.10904094200528663,0.34489239379031333,0.19418254167114452,0.5163359420684753,0.2884875679130197,0.28394308770284443,0.25687857770694456,0.2580123519113686,0.8172642515473507,0.9489457080070944,0.9689906267273298,0.03619690073879675,0.25554,0.222132,0.522324,0.03348931819141088,1
MSFT,2025-10-13,0.6631085654777404,0.6596634992590009,0.7226618362093618,0.7288562028256234,0.7327939526029317,0.05999876930650422,0.8954986979631983,0.9393110279173222,0.9888526581283852,0.44048322364496445,0.4251108008386782,0.3923501371671088,0.521471608630302,0.3967977130408483,0.31214737741318804,0.3749214327173937,0.2880534881929823,0.0709903327215955,0.245128836751474,0.2436641320466062,0.816723897271582,0.9484134155649335,0.9684953221963282,0.03644605922332231,0.25554,0.222132,0.522324,-0.031754536128951516,0
MSFT,2025-10-15,0.6505250368827564,0.6664632551651999,0.706645056726094,0.7228565898974253,0.7268808102010569,0.07010276290689804,0.881075697303368,0.9362902487036266,0.983326359266993,0.40952189493490526,0.4107449936453349,0.33427847164055413,0.42921279778469623,0.3862845958598231,0.2594719232571237,0.28169375193862867,0.2356329164897644,0.08514320892989669,0.22053493880633257,0.23374283010426145,0.8149521384598044,0.9516398544836098,0.9743172480113893,0.02830971010199862,0.25554,0.222132,0.522324,0.044080256102861926,1
MSFT,2025-10-16,0.6298706933958176,0.6634992590009587,0.6888168557536467,0.7052448229146506,0.7095244205599247,0.09139129899698478,0.8723592669237688,0.9335032643337571,0.9813374689514696,0.39269327589752223,0.4001587278469286,0.3099705850372665,0.3812146128814582,0.3527744500218396,0.18732458907807792,0.23888106191202163,0.2550292991908345,0.10750846299753813,0.22107987373262417,0.23610181929920482,0.813087215153403,0.9529238850370736,0.9772821712079613,0.023552726032859933,0.25554,0.222132,0.522324,0.08131507736741495,1
MSFT,2025-10-17,0.5991495270328908,0.651556097986226,0.6809991419582415,0.724308109154248,0.728311455504441,0.19743277336779275,0.8691417690521286,0.9325142927941203,0.9803157538168037,0.3844403222976982,0.38973864484081167,0.311706925901218,0.4894698096585817,0.3931243991898158,0.2654188538647631,0.2291400370229244,0.25846027677994227,0.24609758929157938,0.16610026502272346,0.23115642894077304,0.8107927323779842,0.9511562416032349,0.9759167346095126,0.023717569119733023,0.25554,0.222132,0.522324,0.0911310553746969,1
MSFT,2025-10-20,0.6474876334287947,0.6796268851887368,0.7393459815044325,0.7553706212502407,0.7589219024709752,0.06938649929235124,0.8726869916043292,0.9341319871011913,0.9796149674675982,0.3863970367350452,0.38186516283191385,0.3383147793061113,0.5244195873983646,0.4564990815359299,0.39266087782986164,0.2748222197649243,0.18707617742820296,0.12349229747680823,0.1653772525951558,0.2145863812668154,0.8119878325551069,0.952107064024641,0.9766730589700532,0.02357753265486351,0.25554,0.222132,0.522324,0.04737360099933152,1
MSFT,2025-10-21,0.672567907662935,0.6795397088309652,0.73562780055296,0.7637894329398094,0.7672194537118253,0.09204602793674238,0.8771819023202116,0.9362848343849133,0.9790959649468114,0.3899201270471906,0.37639926656877776,0.3634701486210887,0.4578318969673866,0.4734331278705117,0.4271522792456638,0.35708018480394055,0.23573855842848448,0.1513110242381705,0.14495892206381988,0.17848250169357893,0.8121494986847511,0.9555326280577474,0.9817130421320472,0.017637338407235664,0.25554,0.222132,0.522324,0.0739570266913796,1
MSFT,2025-10-22,0.7042436865399635,0.7365530468137043,0.780150633997521,0.791658602670795,0.7946832470860423,0.175154759707095,0.8862680159008631,0.9405000130129939,0.9778467517316951,0.4001366252304942,0.3744418190279023,0.4001277519843315,0.5144256091950697,0.5288597034733593,0.5413142403080125,0.4517089286183693,0.2540582540929957,0.22933333456873295,0.14873328919097106,0.1976812468019642,0.8152564410058689,0.9597546109399251,0.9863003213047028,0.014140001669431607,0.25554,0.222132,0.522324,0.1317632173520089,1
MSFT,2025-10-23,0.7156122537533633,0.7253944730189175,0.7887310515778436,0.7918521385717039,0.7948747658682889,0.053581933419481864,0.8935751925743673,0.9443477400605027,0.977979842033073,0.4076456679998742,0.3746510643399934,0.4227661809600978,0.4337684800778628,0.5292491935315298,0.542110348823091,0.5029682696538861,0.27637646409827393,0.10798347361661387,0.13919071829265428,0.16169114099442905,0.8127525395308703,0.9652525859232006,0.995933249754307,0.0010237445432811076,0.25554,0.222132,0.522324,0.2580598138722403,1
MSFT,2025-10-24,0.7184760912956696,0.7375991631069652,0.8087520259319287,0.8213663634604211,0.8239607233281365,0.09072180173527783,0.905235399723189,0.9502370911300155,0.9782968785398918,0.42124910036693125,0.37803443090443334,0.4559306040731345,0.5187312299577149,0.5882932329295887,0.6947815689545332,0.5947618433688546,0.4109577424011601,0.1465551631764962,0.13277211880772377,0.14617632948252113,0.8187085950261404,0.9701898278485852,1.0,0.0,0.25554,0.222132,0.522324,0.2076311321182318,1
MSFT,2025-10-27,0.7964939685845698,0.8180629413303113,0.8878825436171223,0.8979098122701759,0.8993932684978407,0.16954279736631594,0.9296430055967404,0.9617930326245534,0.9802435464418355,0.4527873944499543,0.38819705254322234,0.5267628331540269,0.6527133222874971,0.715411671587346,0.861277545072865,0.7045053442912205,0.4548726014554072,0.22543465764695136,0.16240988853525917,0.2121145415231036,0.8444113334794263,0.9770653977065105,0.9959376454511539,0.021298671390952567,0.25554,0.222132,0.522324,-0.06107395269701843,0
MSFT,2025-10-28,0.9546125141022301,0.9849184901054833,1.0,1.0,1.0,0.4464980616577442,0.9692810086116488,0.9805702155669471,0.9843619456498223,0.5052501912540397,0.40872981357904836,0.635113984027674,0.7209403884972331,0.8375796865822303,0.7545768637068767,0.7773787607889547,0.5572323874498828,0.48546509138262933,0.2120459047276647,0.41946884370822546,0.9002147699332097,0.9868666377908037,0.979440316577894,0.07649385560670263,0.25554,0.222132,0.522324,-0.23135085857870052,0
MSFT,2025-10-29,0.9107003384535286,0.9199721035655126,0.9614834588616645,0.994968066576349,0.9950406211337146,0.595074764629869,1.0,0.99723262686858,0.9895647048557183,0.543180490399225,0.4341230766620866,0.6858983535019765,0.41915149690873243,0.8235418390991256,0.7437638040495166,0.7941790684563493,0.5537814971475576,0.6005608163602831,0.21338754420109718,0.4192006379227411,0.9413286304093305,0.9957413748324213,0.9697621575230486,0.11401805717157498,0.25554,0.222132,0.522324,-0.23499453856924934,0
MSFT,2025-10-30,0.7852121843269986,0.8214628192834108,0.8221946801411004,0.8421714728082055,0.8444637665615868,0.7181465755953481,0.9944739329442083,1.0000000000000004,0.9928937403445861,0.5274577006756137,0.45072068221004463,0.5939979864838922,0.0,0.48327950103148454,0.4154572649837118,0.6412681640164482,0.4247620296827435,0.668981631478893,0.342264634480816,0.5181701671672421,0.9458886948435623,0.9998130753792602,0.9733125381240133,0.1126144348416602,0.25554,0.222132,0.522324,-0.1290760438164794,0
MSFT,2025-10-31,0.7713269113946017,0.772208177142359,0.7552674230145868,0.7652409521966312,0.7686491414212995,0.5454384345578734,0.9748972589561626,0.9962823935583685,0.9950583117800402,0.4913569052926106,0.4554642230745132,0.47014222121291555,0.2101380590955018,0.3616480041550475,0.2501567129094471,0.4682582205012675,0.33233418681428506,0.4780312517908443,0.3735870570702656,0.571571721252192,0.9459009363391413,0.9999999999999996,0.9735856470811806,0.11229420637256257,0.25554,0.222132,0.522324,-0.13212854807845675,0
MSFT,2025-11-03,0.6926147704590813,0.7341992851538666,0.7504051863857377,0.7576930520611569,0.7612115095127381,0.2591372838594548,0.9577490903739294,0.9922912369228274,0.9966215341741425,0.45934611636741507,0.45169142546823715,0.38116028575326955,0.41113609525057393,0.3504785834017331,0.2110557193603526,0.2855458615749794,0.2953496486752555,0.2301358901700012,0.3094310600288591,0.5712077163406344,0.9376677199949679,0.9953106443594852,0.9711623447956628,0.11003616379398257,0.25554,0.222132,0.522324,-0.24967889890945139,0
MSFT,2025-11-04,0.6227544910179645,0.6521663324906277,0.6860520545333202,0.7315657054383591,0.7354637244274542,0.22428404405882718,0.9388834113486713,0.9865459564045822,0.9982278279150254,0.4256441532019723,0.440705748712965,0.3057973878225474,0.3565516812422947,0.3111888791140781,0.15333256521159216,0.19564029489645812,0.2625253489276016,0.19341853658933295,0.30361893128770834,0.5363579996618322,0.9345544063421958,0.9913893485609626,0.967028949735353,0.11304965788453561,0.25554,0.222132,0.522324,-0.2270410255809311,0
MSFT,2025-11-06,0.5698168879632046,0.5662976200854328,0.5713604728763464,0.5648345268047219,0.5711530579803963,0.3829893545012615,0.8679352115489429,0.957954692953416,0.9975068273450542,0.3141495991745616,0.38966002840793035,0.09488192082969915,0.13988418772258032,0.10691695696633419,0.035128299005156065,0.05506247290001606,0.07866669223689654,0.3032416573250842,0.36641557347457954,0.508738291487908,0.9468502608058458,0.973920200202349,0.933996817867623,0.1607178129718714,0.25554,0.222132,0.522324,0.19334692495213268,1
MSFT,2025-11-07,0.49422893343747276,0.5112021619736722,0.5469539517589856,0.5621250241919871,0.5684832861558737,0.29962956125776874,0.8336518685829448,0.9416019572115348,0.9954618754030031,0.2631955988086865,0.3526763728959655,0.034160642083034265,0.4249562871029136,0.10413768048568439,0.07327415627551584,0.0276034176143596,0.04965052389717545,0.2358193540968116,0.31224062258119745,0.45785123855928167,0.9594564549184046,0.9681743389342032,0.918348709312256,0.1876811425212502,0.25554,0.222132,0.522324,0.2402174315851875,1
MSFT,2025-11-10,0.5210448667881629,0.5763229012291871,0.5998665268376397,0.6509580027095021,0.6560265215209657,0.3508682542612762,0.8237256374955866,0.9339335482297266,0.9953518184213248,0.24943521148574932,0.31983637264816395,0.07745512439481705,0.7012466810826077,0.2689238434478304,0.2239016921136831,0.09883513464653655,0.06464467958150164,0.26359048975241145,0.35601777680126734,0.48789223594217,0.960898848056547,0.9649031784734325,0.912643815683158,0.19555864014461347,0.25554,0.222132,0.522324,-0.039394054399645495,0
MSFT,2025-11-11,0.5623535537620414,0.6002963996164241,0.6337115072933548,0.676891813431391,0.681583745417913,0.150966709740939,0.8208937024052343,0.9290635558971485,0.995919690662836,0.24716374589988083,0.2930273781312787,0.1404693604480992,0.5105390606013108,0.312028669424686,0.2678756398711198,0.17866462645583575,0.0,0.10329131529471941,0.36055452992600545,0.4530254341887048,0.9610630904939477,0.9629161301747788,0.9095761502886357,0.19941747202429552,0.071,0.9027,0.0262,0.02098720508256191,1
MSFT,2025-11-12,0.6019265816193702,0.6183419056751807,0.6029173419773093,0.7006967292432744,0.7050428810553448,0.36252046027936746,0.8233177830750957,0.926565076049894,0.9968432659158628,0.25331669050618066,0.273034792403595,0.21168978563797225,0.5038325012544014,0.3513638721440028,0.30823960150931057,0.25925490093962267,0.025906124046654544,0.2558453140120331,0.36401541355352995,0.48941305595363427,0.9608450621069666,0.9619855875037566,0.908304329025952,0.20083950930796315,0.0425,0.0143,0.9432,-0.04936945257482073,0
MSFT,2025-11-13,0.6101709624229805,0.6342951791474154,0.6236056821431974,0.624733888136249,0.6301829770445586,0.3304781244231124,0.8102920820253443,0.918138826722219,0.9960967332794111,0.2377534026016527,0.2533614265271606,0.21502511575652847,0.20661997594757547,0.2488500668277842,0.17943509905745397,0.244003403272829,0.0897490008055343,0.22162224727396634,0.3911730705374762,0.518790290404473,0.963470149851096,0.9586047450127411,0.90177442395819,0.21049091513263887,0.25554,0.222132,0.522324,-0.1437584524912997,0
MSFT,2025-11-14,0.5053371517833902,0.617731671170779,0.5869005624940415,0.6914070059996122,0.6958882832639395,0.4100449203125962,0.813006425101868,0.9158808224947559,0.9985181310347935,0.24573682283844622,0.2395100841504807,0.2758558261703211,0.6322659524134648,0.3568756136718546,0.2924881330930678,0.2524451874786448,0.22301565419435926,0.27167593788301286,0.41340578514159987,0.5713690903006419,0.9630509939262843,0.9572231513140728,0.8999394508717669,0.21248312213291873,0.25554,0.222132,0.522324,-0.3160085591815104,0
MSFT,2025-11-17,0.59402933263907,0.6222648417749101,0.6581180284107164,0.6653764273272689,0.6702352999758681,0.1783570241831272,0.8100497068790604,0.9117189295806445,1.0,0.24583088392751445,0.22845124711275,0.30503298143425117,0.35580655775094877,0.3214062522409289,0.2764516746211225,0.24154231726876957,0.20532840856198553,0.09845057477373381,0.41035957887793406,0.5300206829784428,0.9613902901093132,0.9534440993985229,0.8952075458893618,0.21726420781786696,0.25554,0.222132,0.522324,-0.4007323735991175,0
MSFT,2025-11-18,0.48051722641673233,0.5425856507715108,0.4852702831537794,0.5328043352041805,0.5395888474782726,0.5407298012430004,0.7815672848460018,0.8971937741410341,0.9992630619104874,0.2095787952274823,0.21103386684611605,0.23859650933356305,0.03255661329924714,0.16817054777105678,0.15100757652795896,0.231792024661844,0.10308769682420099,0.3401118991050163,0.4857536359839759,0.6395123120464037,0.9681511214034524,0.9437444620877815,0.8769037350438094,0.2440768372210437,0.25554,0.222132,0.522324,-0.3673626935281227,0
MSFT,2025-11-19,0.43478260869565233,0.47467526806729987,0.44761178377347655,0.46826011225082187,0.47598162951840717,0.28056611900806105,0.7460658643406228,0.8787593675940335,0.9971495225727809,0.16452345332724147,0.18644848599344616,0.16370251965567384,0.23410117673524863,0.10792489071654043,0.09706041086450715,0.16476270568913343,0.10509234498971129,0.1543423878868289,0.4907712833469621,0.6601143202416353,0.9766989647359869,0.9301641700879384,0.8517896892328518,0.28061485304483214,0.25554,0.222132,0.522324,-0.24508510039029585,0
MSFT,2025-11-20,0.4574329601666234,0.4605526981082728,0.37772904948040775,0.3841687633055928,0.40165031734662193,0.3681225770721802,0.7028054311834682,0.8558893724508922,0.9936905522512296,0.1100034628482521,0.15389117902050464,0.08040881098499691,0.19704893693722653,0.045400629813733495,0.08542721971156542,0.09924365356230264,0.12297524493453213,0.20394616983616276,0.5060292699129384,0.753328168525996,0.9900871411476384,0.9134083629691756,0.8192156375562014,0.3297913790153735,0.25554,0.222132,0.522324,-0.0342554424144742,0
MSFT,2025-11-21,0.3341143799357811,0.33283933397262677,0.3087996949184859,0.32310818656860807,0.34136403507091906,0.49037228478247497,0.6561454777065512,0.8301417918945462,0.9878051065926936,0.052724507615373783,0.11430408776830944,0.0069589577199357655,0.2388330505872527,0.0,0.10682727797903538,0.08409035141061542,0.06500566933165206,0.2707989500409476,0.5023531349851079,0.7436143720396409,1.0,0.8928442880369256,0.7828797111626384,0.38200924229963495,0.25554,0.222132,0.522324,0.37447998631063273,1
MSFT,2025-11-24,0.30374034539616446,0.31522970970272857,0.30641624559061853,0.341300561254112,0.35932562406395174,0.5556433450249216,0.6224081495203464,0.8082116837806494,0.9813491778226098,0.0164168377578795,0.074050964258663,0.0,0.49138446924610985,0.03301597392786171,0.15265897408452916,0.10315997871835585,0.0005203080726395859,0.2978983416882978,0.4660725207492449,0.7116298578402867,0.9825733476855882,0.8698313006317933,0.7581501608006342,0.40287143679212045,0.25554,0.222132,0.522324,0.47886941088056023,1
MSFT,2025-11-25,0.29566953050420874,0.3348443902013769,0.27657546000572,0.3702341784401,0.38789160802999945,0.39808504092055874,0.6011288068100162,0.7906238875651179,0.9763791864900568,0.0,0.037967381510723264,0.04356494381113002,0.5252603551740846,0.08594127536279406,0.2740930621027116,0.16787005559322776,0.005013704957716303,0.19881225732085156,0.4066086598122912,0.7517318357060048,0.9247354520371482,0.843748562922618,0.751400081978943,0.37546969856899426,0.25554,0.222132,0.522324,0.24015414657749679,1
MSFT,2025-11-26,0.4018918684370387,0.4146979339203205,0.4320716941557823,0.452583704277143,0.4691980342512192,0.3412097717063566,0.6003589985577102,0.7813199123264778,0.9726128863318806,0.014506227647932135,0.01252991432257855,0.1547995983392269,0.6920968852942562,0.2244387664183083,0.44812181110664884,0.2849299069990476,0.06287800313449826,0.17009358524322116,0.46868840936007605,0.7649188750199363,0.8473253838924775,0.8213417237910243,0.7610897698148804,0.31407857600760314,0.25554,0.222132,0.522324,0.09163305957842782,1
MSFT,2025-11-28,0.41308686973878395,0.4523581204777263,0.48403088950328854,0.5155796400232235,0.531395673973746,0.0625216909728632,0.6121768512806938,0.7779755787351132,0.9701373810980956,0.04758478221226853,0.0,0.28966260783224496,0.6282059854055582,0.3174966615084549,0.581250002013213,0.4319313886326251,0.1951860597165646,0.0,0.4306179165389109,0.7230519537321829,0.803969848352529,0.8080014836453198,0.7653325350390623,0.2809198405930968,0.25554,0.222132,0.522324,-0.2567450191736571,0
MSFT,2025-12-01,0.4203766380282916,0.4282102693749459,0.4649632948803504,0.46458293013353913,0.4810453861210169,0.2982561073164729,0.6115657942778467,0.7707955267916273,0.9653074957790393,0.06250303769705545,-0.006497125465821485,0.35269547466083384,0.27554600824730374,0.25998730926469593,0.47347995216305955,0.5003186537576886,0.082987998947425,0.17010666429584775,0.42009496584347816,0.6582787684057105,0.7747035195237837,0.7957463121559551,0.7633290198840577,0.2646701803475653,0.25554,0.222132,0.522324,-0.11718171466792027,0
MSFT,2025-12-02,0.40544996962596613,0.45994246360387026,0.4808847363905038,0.4961292819818075,0.5121920856778424,0.18992308165651345,0.6173033697902284,0.7668290563203803,0.9615537053723822,0.08643669624920347,-0.006036699760395892,0.4253906090080443,0.530930829752307,0.3066657281886731,0.5401465295960405,0.5318820068923332,0.13772772789803386,0.09606023752955584,0.4305782456740579,0.6192648243987651,0.7429856110218687,0.7851352694034266,0.7651574819030764,0.24179969982368568,0.25554,0.222132,0.522324,-0.1275907970849215,0
MSFT,2025-12-03,0.3151956955653912,0.3792171563072091,0.3748689102869669,0.3773950067737566,0.3949624814705581,0.5604208971755584,0.598458495093519,0.7535846770600201,0.9566716827406561,0.07453338802180803,-0.008482405303972262,0.3950262471259657,0.061936071949427185,0.18181063133840014,0.2892276008644756,0.43172189424013296,0.14697536673344713,0.3412923384157896,0.486725098910607,0.6584936866691096,0.717105802039077,0.77062606690563,0.7578862373840609,0.23433358222516584,0.25554,0.222132,0.522324,0.3214839024082716,1
MSFT,2025-12-04,0.34504903237004303,0.3537616598378519,0.38716750881876205,0.40748983936520133,0.42467566294226433,0.2577466002092179,0.5893224471705851,0.7439873193784572,0.9521399171338674,0.07690406229129687,-0.009878521620230507,0.4059927535894173,0.528200143510887,0.2271027544319124,0.3617222063203541,0.3933903540249697,0.24057750525534885,0.13410734336170327,0.48358397170269496,0.5800431935758521,0.699723158756715,0.7602965332031935,0.7521274988650579,0.2304188220165603,0.067,0.0179,0.9151,0.2515209185491183,1
MSFT,2025-12-05,0.369001128178426,0.3718943422543801,0.4099532843931737,0.4299400038707182,0.44684108920561805,0.264896929419728,0.5864446169347106,0.7370848672195573,0.948476594174819,0.08826261787625717,-0.00831015285149822,0.43696681848947594,0.5036698170593863,0.26100436184349596,0.4105514378127712,0.3489408222728724,0.34018792488615,0.1426268542425319,0.4517661220972583,0.5031742654942928,0.6941829551840373,0.7549994379203984,0.7472894860603994,0.23305146231187265,0.25554,0.222132,0.522324,-0.09835436717392132,0
MSFT,2025-12-08,0.3895686887095371,0.4494813006712577,0.4623891696062543,0.5059996129281981,0.5219365613185678,0.24907513383791768,0.5991544098766983,0.7369841828895809,0.9453627552437798,0.1217399841671147,0.000858884169458507,0.5163814840987551,0.6694497769101817,0.3689542698332783,0.7025919128971942,0.49071972655120755,0.4836498595758949,0.13317215559413897,0.4846013902431997,0.5060130228129185,0.6902603518343984,0.7530160212068235,0.7465104920014833,0.2314915737870896,0.25554,0.222132,0.522324,-0.1382038345105937,0
MSFT,2025-12-09,0.426104313112905,0.4479121262313659,0.5016684145295072,0.5156764079736789,0.5314904757709584,0.07013722232478004,0.6112321318113301,0.7376781646619963,0.9419078533945537,0.15333572183415853,0.015663622338819128,0.5752654278945308,0.4629882073313041,0.3820873196733605,0.9036007545037696,0.6765774423167104,0.4740590055321641,0.014349657812137762,0.44367299215762324,0.42275506899402626,0.6731009064974218,0.7477093777115749,0.748149598752831,0.21811211798793825,0.0084,0.9698,0.0218,-0.2424963109902768,0
MSFT,2025-12-10,0.3821053545083748,0.37930433266498165,0.3737248546095904,0.3854267466615058,0.40289231664949376,0.5885077841363608,0.5951867286312789,0.7277358493220372,0.9357675195466069,0.143406971454583,0.02516016950058575,0.5198034343079954,0.027123310122758704,0.23247184359160566,0.48538217926951316,0.7022434715825182,0.3088034527780068,0.3619634778791995,0.5108345530506718,0.5037244246525716,0.6458033944621207,0.7358339720910645,0.7456149052532877,0.20341117076605617,0.25554,0.222132,0.522324,-0.08869024134013492,0
MSFT,2025-12-11,0.3178859671960428,0.3948217243483563,0.3811612165125373,0.4329398103348172,0.44980292717306813,0.3156138083810227,0.5917281321391643,0.7225543227913733,0.9301311156507142,0.15148049184378226,0.03466605801803169,0.5199010363362635,0.5826436867538843,0.2994845429800028,0.657049868042544,0.6866231070998291,0.27324001802542636,0.17581998949757993,0.5227313901785253,0.5056117896396277,0.6060126528994418,0.7249578644321124,0.7515565098045198,0.1693393725364675,0.25554,0.222132,0.522324,-0.15038469562847856,0
MSFT,2025-12-12,0.3455697301050078,0.3636125882660619,0.3857374392220416,0.3851364428101407,0.4026059960700339,0.23140729801242998,0.5795262916091195,0.7139633611845189,0.924338524063316,0.14652985123773857,0.04110039412077421,0.4878082913537864,0.28284681670984513,0.2483999558393296,0.4854102064593367,0.5431888628862087,0.16275349242974466,0.12055110263127089,0.5112554495761678,0.4546885717143143,0.582260605644799,0.7152605121636677,0.7503030074725769,0.15511949152281032,0.25554,0.222132,0.522324,-0.05719314519485641,0
MSFT,2025-12-15,0.347999652868177,0.3485310783715456,0.3493183334922296,0.34923553319140677,0.3671596998517641,0.2924398498553935,0.5626788816587887,0.7032390382120002,0.9176962144114382,0.1348073961262486,0.04347657215242984,0.44540711615308787,0.31925705800464466,0.2114568873138999,0.35650372578159395,0.49898512930613775,0.17659379164155636,0.1668861431834961,0.48383866026277367,0.43451907173357895,0.5334062404820177,0.7012529580586597,0.7566184460294001,0.11414384525563778,0.25554,0.222132,0.522324,0.2383606446211597,1
MSFT,2025-12-16,0.27692441204547436,0.32386016912213433,0.33368290590142013,0.3644281014128117,0.3821594508773476,0.2180542735831641,0.5521994982579548,0.6947229177330221,0.9095150451465877,0.1324058061477837,0.04480975771532536,0.4345095351258748,0.48153053790033407,0.23532439630883484,0.24326167746428384,0.35706083987000226,0.16095513599882585,0.11348646934132417,0.48819273257994067,0.4003508001648113,0.48033906172365093,0.6889776700362198,0.7678818241833296,0.06363056021618146,0.25554,0.222132,0.522324,0.23825369659945306,1
MSFT,2025-12-17,0.320315889959212,0.34225438061197844,0.372962150824673,0.36181536675053216,0.37957969288048066,0.31211863885299374,0.543300281690307,0.686768884986058,0.9020229053069784,0.1322837756784769,0.045847457096068855,0.4314221833866514,0.42490342702767125,0.23233483637590358,0.2313955744623475,0.2699369272658898,0.27709982300094216,0.18728939307936626,0.41678480782604177,0.3425447204158729,0.4644307113848649,0.6821594710616727,0.7665581872170977,0.05447540499425457,0.25554,0.222132,0.522324,0.22149958752639565,1
MSFT,2025-12-18,0.3314241083051295,0.42594368407287986,0.4005148250548194,0.43787497580801205,0.45467612258734214,0.41171374069288047,0.5511931569959208,0.6857122970356797,0.895648121736893,0.15626499031036528,0.05234698535166932,0.4884894437008913,0.6729175607258747,0.35308060471903513,0.5768163352708053,0.3455014582687712,0.3242163671977019,0.25299190674927874,0.4336767833280408,0.4129580103523307,0.46185859544522945,0.6812516155963113,0.7666355213702811,0.05261690181406131,0.25554,0.222132,0.522324,0.06030610074324261,1
MSFT,2025-12-19,0.411004078798924,0.41068782146281935,0.44437029268757744,0.45664795819624526,0.4732103527392928,1.4519598793920374,0.5612125664045946,0.6862756278011122,0.8899741565512267,0.1826072633457171,0.06377415155098076,0.5399752744933174,0.49176740594811713,0.3808764034815213,0.6620681628886635,0.48914696147183717,0.32032362371454254,0.8875778917784518,0.40302173300580935,0.3589221736210153,0.46643504570691974,0.684300882128337,0.7686454973020718,0.053157873881438805,0.25554,0.222132,0.522324,0.042398708126419216,1
MSFT,2025-12-22,0.40024299227631754,0.418359340946735,0.44627705214987134,0.44697116315076446,0.46365643828690306,0.12593440403667466,0.5673182063504933,0.6860022336972915,0.8859652056558303,0.20242962629340247,0.07760206437211481,0.5650591860466019,0.4030448230859534,0.3668470326046408,0.6500430116294729,0.6327379130675571,0.23401759353169427,0.035024111540022496,0.37866591466348676,0.31756858246084185,0.4644680234735761,0.6895119210860647,0.7775487526249214,0.04037104839210787,0.25554,0.222132,0.522324,0.057492012416637595,1
MSFT,2025-12-26,0.4053631866701384,0.41304158312265704,0.4774525693583751,0.47396942132765574,0.49031297999394763,-0.07394991077472157,0.5916609339127215,0.6909807072771863,0.8738848861955391,0.2650897158966099,0.13129692461582126,0.6182730543262173,0.42390389407460266,0.4104086011772694,0.7795240238933546,0.7782034958857946,0.3348750444666687,-0.08013202331828065,0.3382127444172208,0.11679852190252493,0.4712081426250805,0.7001335321592155,0.7896906697830053,0.029428072398483357,0.25554,0.222132,0.522324,-0.07969712475538271,0
MSFT,2025-12-29,0.3893083398420556,0.41504663935140806,0.4604824101439604,0.468066576349913,0.4844850634501725,-0.023461940803642833,0.5958406735127761,0.6919920867300946,0.8701206683263467,0.2783655818478094,0.14957220644863362,0.6115269848220755,0.4148816080566015,0.39931678146102867,0.757172077607344,0.7842269490974451,0.3783671996445409,-0.040757384275217357,0.3137653044383477,0.06847748418811195,0.46266274837657306,0.698134609801484,0.7914711071118381,0.021312902584036786,0.25554,0.222132,0.522324,-0.2792386448986055,0
MSFT,2025-12-30,0.3985941161155955,0.4266410949350532,0.4730670225950995,0.47174375846719574,0.48811530196766384,0.051637437696141764,0.5999101727020637,0.6932099970589207,0.8661029237643882,0.2906471916865731,0.16709591183033962,0.6036742289111793,0.44461924769838196,0.4066987214343418,0.869258771653222,0.8100719763284446,0.42002600321468997,0.021681637341076143,0.29831230596982095,0.02373769244622448,0.4636024127243026,0.6984358681457139,0.7913973170693702,0.02204985102492779,0.25554,0.222132,0.522324,-0.2863608452301315,0
MSFT,2025-12-31,0.415169660678643,0.4132159358382004,0.4520926685098674,0.43439132959163906,0.4512364452581865,0.09242508153344409,0.5957934566760184,0.6912850467471521,0.8609562902554511,0.29037185912008956,0.18104978511039496,0.5663752687110827,0.3168188057302941,0.3326022146567622,0.665159550841479,0.7708463605564164,0.3653644368755218,0.055773453046502275,0.29974939056613237,-0.009243343495330736,0.4556378478243648,0.6958384687278696,0.7919569472685066,0.015883967577430352,0.25554,0.222132,0.522324,-0.10819597681757387,0
MSFT,2026-01-02,0.3852295409181634,0.38287856333362447,0.3268185718371628,0.3310431585059028,0.3491981108587314,0.3378253645929481,0.5721019791169804,0.6811456054225205,0.8539640759660028,0.2615417003800684,0.18539718221322155,0.46600316089347715,0.10627734698950858,0.16796818881379016,0.1352755567926968,0.5575434586633511,0.26135420511079793,0.25693154919118383,0.27954517181523664,0.08546341601027652,0.46116217982500807,0.6938883891492313,0.7859500818611922,0.027344391228800724,0.25554,0.222132,0.522324,0.2881024071606062,1
MSFT,2026-01-05,0.2955827475483819,0.30799407200767126,0.32052626561159325,0.33017224695180936,0.34833819152644274,0.3299169281890345,0.5529768937874211,0.6718572298114371,0.8464980928795707,0.23973599088337083,0.18372003957382174,0.4030564839432372,0.4304172564502571,0.1667606249623752,0.1605846572043411,0.3144769032974661,0.18369721461009242,0.24740411570973508,0.2720741138768046,0.07051898701875592,0.4664833671880739,0.6906355498311609,0.7781056283561614,0.0410341949662581,0.25554,0.222132,0.522324,0.14426936145413105,1
MSFT,2026-01-07,0.34504903237004303,0.4268154476505974,0.4010868528935072,0.4329398103348172,0.44980292717306813,0.33764322195557195,0.5543683613291357,0.6681211401009723,0.8336749248325708,0.2541478983947767,0.18466081998325484,0.44509742993308404,0.5841737835950006,0.38419705278204797,0.6830929101736084,0.4249367591393409,0.2789084931813647,0.2490677619910604,0.2671054637228172,0.1469909475804525,0.45429471074533545,0.6856687655732259,0.7774766535350484,0.03350111292873345,0.25554,0.222132,0.522324,-0.13360455758938283,0
MSFT,2026-01-08,0.35789290983250943,0.3654432917792696,0.3811612165125373,0.38107218889103933,0.39859271998804946,0.1554612023875454,0.5488361958338892,0.6641486822321947,0.8252980684559232,0.25205248901968913,0.18604267760379373,0.435018079250417,0.26999006612291665,0.2974603508348823,0.4193219923592221,0.5136805011759098,0.20770505785347265,0.10382014165841336,0.28047449057878016,0.13063579031405337,0.43735391950119507,0.6800058186969911,0.7784599845253952,0.020615373810533105,0.25554,0.222132,0.522324,-0.1783329008946689,0
MSFT,2026-01-09,0.2955827475483819,0.34068520617208575,0.3462675183525592,0.39239403909425175,0.409771671307805,0.16354439726786046,0.5466452061079412,0.6614564787317474,0.8154253597426524,0.25475963836915294,0.18778815746875346,0.4388173424191949,0.46898800363192394,0.32019422974593814,0.476901963460705,0.5265452482621151,0.20791085125633468,0.124058574503765,0.1653641442147864,0.12608780741511016,0.43734754803937026,0.6802989569802018,0.7789025632350159,0.020043217263168406,0.25554,0.222132,0.522324,-0.4639837538967736,0
MSFT,2026-01-12,0.3182330990193529,0.3508848400313833,0.3794451329964721,0.37207276949874135,0.389707206085701,0.28732508768691156,0.5408814015492371,0.6573593413908525,0.8052999892874242,0.2522225905841248,0.1885847610888279,0.42890312340692566,0.36891384388283965,0.28578053687113003,0.3735549414897104,0.42037751013122643,0.19038855554912587,0.2252211751462197,0.14864380401971033,0.09189398307182794,0.43529838628643613,0.677738199847759,0.7762122628287562,0.022087322192324593,0.25554,0.222132,0.522324,-0.5030702885997572,0
MSFT,2026-01-13,0.3009632908096851,0.30546595763229023,0.2866812851558773,0.3090768337526608,0.32751052395708413,0.4110319364962156,0.5238368500064903,0.6485209240968399,0.7966529479061273,0.2335014355762554,0.1847961993054768,0.38099557565022607,0.23210224107412317,0.18863322128755522,0.2013965545860969,0.34563174983587563,0.13261755029054773,0.3159927137076122,0.1626595551637552,0.12285139361782793,0.441278681715219,0.6745382837414549,0.7680788404304351,0.03665390123654222,0.25554,0.222132,0.522324,-0.3153496640488399,0
MSFT,2026-01-14,0.22962770111950004,0.23938627844128701,0.2029745447611786,0.19982581768918095,0.2196442730138548,0.40213402252169095,0.4886380668667831,0.6316173475076723,0.7874697811815405,0.18919319427982895,0.17129049435233923,0.27946717710708013,0.0777513905949126,0.05777959173018832,0.08399986992831257,0.21087113628470544,0.0188159533557819,0.3034118136073957,0.24311158054851634,0.18124260228970668,0.4680042944326024,0.6682524588177228,0.7437338400078906,0.08643053877044254,0.25554,0.222132,0.522324,-0.21140423157243304,0
MSFT,2026-01-15,0.20932048945587134,0.2049516171214365,0.19086662217561212,0.17350493516547338,0.19365708945076232,0.2800861485447049,0.4552840389343178,0.6141138202995635,0.777976337380534,0.14886636310156923,0.15095231501552295,0.20807889249078929,0.3462622394005032,0.03124419009010293,0.04010123416478746,0.09650059224912316,0.027844358387596968,0.20469185914330168,0.24149984461766316,0.18255110644746186,0.49229363901467327,0.6602201271013968,0.7181342707368543,0.1363542772894372,0.25554,0.222132,0.522324,-0.6191620556486853,0
MSFT,2026-01-16,0.1547340102403889,0.19571092319762906,0.19639622461626427,0.20447067931101248,0.2242301902547581,0.5513531474986155,0.4347125717051066,0.6007152116178287,0.7694249691693087,0.12836784538264276,0.1298357427864138,0.19994594822815953,0.5354340388816714,0.10191504642963134,0.13421313279202252,0.07345750011377902,0.16152117629284787,0.40334729909298067,0.253366844159957,0.1736448728558635,0.5038159844524559,0.6536004819807073,0.7017830609693352,0.1656441697886136,0.25554,0.222132,0.522324,-0.3715493679535382,0
MSFT,2026-01-20,0.097370476438428,0.1400052305814663,0.12775288397368634,0.15279659376814347,0.17321054425807514,0.35156974955387366,0.40805624983811306,0.5843398756567306,0.7611639040778515,0.10019685513729759,0.10628261667562841,0.1744879088385735,0.2622035566209823,0.04590530967067419,0.15200027833188057,0.09678080866581014,0.1086573210916369,0.25270352507464755,0.21124200845295427,0.1908421069706423,0.5134211197204248,0.6416068662256662,0.6784546177044417,0.2029848353427773,0.25554,0.222132,0.522324,0.6304697563591553,1
MSFT,2026-01-21,0.10934652434261949,0.10417574753726777,0.02669463247211379,0.052061157344687636,0.07375196785548699,0.6432564149898469,0.36684879745329635,0.5612758251442362,0.752843910208111,0.052419508721661456,0.07614513348803839,0.10569204798074722,0.09399924493623496,-0.04451783911040441,0.13463930095978954,0.1292062095352653,-0.04898279893636609,0.5334721979068917,0.26012078084980506,0.2752129211515366,0.53178987112834,0.6245854229399068,0.642700195819093,0.26312325908774037,0.25554,0.222132,0.522324,3.390168532031514,1
MSFT,2026-01-22,0.06612861234053646,0.10548339290384412,0.08408809228715786,0.12008902651441833,0.1409176047895011,0.3323561626976802,0.34730966875525127,0.5458307958140813,0.7456920484239187,0.03769560512201808,0.04855428743013984,0.13230027891141966,0.6631319818421176,0.09710514873283094,0.2716102390947051,0.17633173686203263,-0.025097048435185343,0.26507523003187744,0.3156722210495124,0.28786173946618443,0.5295682076106969,0.61083309989858,0.6233451982975495,0.28771311593963467,0.25554,0.222132,0.522324,1.9960178855380066,1
MSFT,2026-01-23,0.1030113685672136,0.26466742219510087,0.13967013061302236,0.26340236113799076,0.28241455389530046,0.643741308227186,0.359964495759475,0.5434235931137397,0.739442666703571,0.07039098060102245,0.03421108312674148,0.27071666614648365,0.9060865433128809,0.3312997106336808,0.5601650827164543,0.3163272735982698,0.1721017601273569,0.479884166748255,0.4641683575919009,0.4455163619161826,0.5114300027050911,0.602324418472036,0.6207355786406721,0.27900263551155946,0.25554,0.222132,0.522324,0.5304573089064522,1
MSFT,2026-01-26,0.21964766119934076,0.2921279748932091,0.24902278577557446,0.30530288368492275,0.3237835684545587,0.4293791151313766,0.3783582835319006,0.5446365446844568,0.7334577677195746,0.1110994971757211,0.03236036882223553,0.40124294133274124,0.5686216736330045,0.3878135770202802,0.6445289478200543,0.49121318738028374,0.2037731242102025,0.28689523171687165,0.4762897317207958,0.4785480476271111,0.4903002094744524,0.595102215858561,0.6217239922364852,0.263349839238045,0.25554,0.222132,0.522324,-1.0852946569581379,0
MSFT,2026-01-27,0.29245856113859237,0.3672739952924764,0.3554199637715705,0.40497387265337714,0.42219166433652155,0.4274764629868931,0.4127457109788004,0.5538302399637698,0.7287265348456007,0.17400916637023836,0.045752193049250545,0.5605027669622868,0.7503881583122598,0.5073613515858559,0.8452126579479795,0.6879518028560746,0.3270476645182165,0.26395639731918036,0.5333420037218838,0.5275271038318443,0.47814803709692644,0.5921994776638129,0.6241658570971773,0.2517859709148107,0.25554,0.222132,0.522324,-1.1380554698698992,0
MSFT,2026-01-28,0.37498915213052175,0.37485833841862126,0.4015635427590807,0.4151345074511319,0.4322234181506177,0.6160556273460095,0.4422610636107711,0.5630129452035617,0.7254152789011457,0.22820602062811396,0.0692782624945679,0.6663892059577489,0.46515490910190177,0.5186848641940673,0.9737755781914924,0.8298151450447168,0.4039552892991829,0.3653872237610432,0.5341458136120062,0.4702380050117161,0.4683830401734719,0.5899725407283278,0.6262861736337864,0.24226724443738315,0.25554,0.222132,0.522324,-1.2878142696360366,0
MSFT,2026-01-29,-8.678295582731366e-05,0.015343038967832179,-0.14167222804843238,-0.05060963808786578,-0.027617008400013354,2.8800369208048737,0.3739483526356091,0.5335532539901515,0.7133132555825843,0.1399676780051336,0.06723880259198523,0.39927085571354604,-1.1081630470937087,0.09715768295636451,0.23091917657600464,0.6879520512584475,0.025033511595172808,1.5025749777999227,1.3011696886709159,1.1147121117717465,0.4780509383135003,0.5679965136783243,0.587972488705848,0.3009876718924608,0.25554,0.222132,0.522324,7.7112343966714345,1
MSFT,2026-01-30,-0.007202985333679912,-0.009938104785981672,-0.0899037086471548,-0.08167215018385932,-0.058285868595133294,1.1499649252353703,0.31316728583422915,0.5042501545049709,0.7011273320355222,0.06443863489169827,0.04775150870300826,0.21696926647760023,0.3243928150564574,0.0795359446578966,0.18004313270376598,0.4598070380019565,0.018330028840079837,0.5003410673309974,1.301061636036778,1.1116209961419634,0.4863633265062175,0.5462851026871478,0.5508124006605559,0.3578691976414926,0.25554,0.222132,0.522324,2.63908193273858,1
MSFT,2026-02-02,-0.08470016488761578,-0.08717635777177213,-0.12994565735532504,-0.14863557189858767,-0.12440006741461129,0.7476044551104547,0.2513257882746247,0.47217513199336514,0.6900208350632351,-0.010455470377473242,0.014456052481085724,0.07269634757621579,0.19584776653798014,0.042199456291731496,0.0703674271732122,0.14994908936184664,-0.08448620685057484,0.2800185520017811,1.291581825033464,1.0482903066397942,0.510076280344312,0.5261044660131584,0.5073409162554405,0.43469132754213613,0.25554,0.222132,0.522324,2.2810120930805398,1
MSFT,2026-02-03,-0.15612253753362815,-0.162932612675442,-0.26046334254933745,-0.2663053996516358,-0.2405782335073603,1.2202941357454926,0.17862784421163447,0.43346397176153273,0.6780349874524467,-0.0983816825748805,-0.0329668375944524,-0.07491244130543856,0.006557392755377034,-0.017271321965477315,0.07106154642829371,0.09511987701058816,-0.16032962381074223,0.4807118875265863,1.3191960038159927,1.0589724404228056,0.5424635842249019,0.5010099682929972,0.4516640063947386,0.535642298702988,0.25554,0.222132,0.522324,0.39991322761431625,1
MSFT,2026-02-04,-0.25167057189967856,-0.1825472931740908,-0.2539803603775388,-0.2374685504161027,-0.2121070513385246,0.8163386868500401,0.12616105732443028,0.40061287911472476,0.6677687101033429,-0.15395938894191935,-0.08404420522677525,-0.11309580933544555,0.5389154887415581,0.01888623658388755,0.11046415059226203,0.07125513698003108,-0.027475388782628063,0.2718783377391301,1.31040228378023,1.0262592207217804,0.5446177414707583,0.4748244036804681,0.4112436642483446,0.5955573750173797,0.25554,0.222132,0.522324,0.02657787810383816,1
MSFT,2026-02-05,-0.28256530417425996,-0.2828001046116291,-0.4152922108875967,-0.4360363847493711,-0.4081581255673741,1.3400430742723524,0.04499578516363023,0.35462913254311523,0.6552315044044579,-0.24806327666319888,-0.14715308092153734,-0.2388055703520922,-0.31068380900742076,-0.07189551791054372,0.05329432101205852,0.06539927034207016,-0.31309790220363454,0.4767864437892458,1.3881539836940375,1.1303849216706814,0.5586730661484323,0.4382655631272514,0.34863884027770053,0.697165210047905,0.25554,0.222132,0.522324,-0.4587960106326814,0
MSFT,2026-02-06,-0.354334808643582,-0.33955191352105274,-0.409571932500715,-0.3637507257596284,-0.33678865136303937,1.0256279613562245,-0.005669225848057735,0.31869365104623126,0.6435876487330972,-0.2944508625467673,-0.2086066122390814,-0.2215099042576673,0.7084000063042742,0.013886408854755228,0.13451993957200384,0.08716472320116192,-0.36879591831402503,0.31339335652130124,1.430865589650993,1.0725449353939656,0.5494530251433236,0.40693000282977954,0.3068601161620972,0.7537815757498988,0.25554,0.222132,0.522324,-0.09162844786652413,0
MSFT,2026-02-09,-0.30504208973357594,-0.22535088484003118,-0.33377824387453536,-0.2431778594929357,-0.21774440669396444,0.827860439357578,-0.022403541510692904,0.29581272638246237,0.6334572167138739,-0.28922858962542325,-0.25653484632831525,-0.08019246728914792,0.8810241246879958,0.14439912771810137,0.2700042277364772,0.14188501875535942,-0.28043025909034547,0.21498243623766933,1.502510318523496,1.0921024061560907,0.5132100683562033,0.3801907235035573,0.2870621405334144,0.7597292799687015,0.25554,0.222132,0.522324,0.5160013545189495,1
MSFT,2026-02-10,-0.17686366397639475,-0.1487228663586433,-0.22099342167985547,-0.24637120185794492,-0.2208968058497498,0.8125358439480649,-0.03642117845663684,0.27475269877542274,0.6219140477237568,-0.2787370739204203,-0.29239714758410007,0.045876976795842794,0.4215198424352873,0.1425084076498253,0.26641648137528906,0.21498331363510403,-0.37340131984471303,0.1977861161193969,1.5042189929912426,1.0630156023716117,0.4726757049970951,0.3541720893916698,0.2707409567689951,0.7575344033993935,0.25554,0.222132,0.522324,0.5168567576589116,1
MSFT,2026-02-11,-0.20671700078104616,-0.21166419666986336,-0.3324435122509297,-0.3324946777627251,-0.30592922997958416,0.7542772752446004,-0.06463380434308341,0.24861594102000772,0.6079081715683108,-0.28776040601254854,-0.3232201831653295,0.09852913647193762,0.11447560203073837,0.09185209247797688,0.16964105568246685,0.22702942698893297,-0.47026429380187384,0.1680130094304273,1.5126478568327806,1.0934580486431762,0.4426291681719663,0.32718039450031,0.24710314446529402,0.7737441757304163,0.25554,0.222132,0.522324,0.23453644550311892,1
MSFT,2026-02-12,-0.303740345396164,-0.3011071397437015,-0.3610449041853374,-0.3569769692277922,-0.3301008154869751,0.7127142945049535,-0.09203595700379497,0.2228678893491387,0.5943401847688694,-0.29448538686716447,-0.3494684558852229,0.14632799452213768,0.3413198238491697,0.07783166956559129,0.14213136745369784,0.18317059958151494,-0.05442486739200669,0.14618538804274922,1.4977938089409255,1.0275324141745963,0.42523922362718025,0.30375503856926844,0.2217355017521987,0.8015034922205279,0.25554,0.222132,0.522324,0.06483251575921134,1
MSFT,2026-02-13,-0.30851340796667515,-0.30686077935663825,-0.3606635522928783,-0.3620089026514419,-0.33506881269846156,0.5475355362746909,-0.11495081301734356,0.19905210604727186,0.5801681099171798,-0.2938159584290288,-0.37030881532710536,0.2028319242248364,0.41424707611684003,0.07481314132394512,0.13647728843734203,0.13860304534114037,-0.027266311228310414,0.07827172364448393,1.4991918858309392,0.957233724091874,0.40563512815999037,0.2812253376098979,0.1989462367289354,0.8240498125202322,0.25554,0.222132,0.522324,0.055617635543159016,1
MSFT,2026-02-17,-0.35390089386444457,-0.3506233109580683,-0.3942225188292503,-0.4051674085542869,-0.377680784154502,0.4979927389083749,-0.14180109889751913,0.17389788166007714,0.5672441590832902,-0.2981756926055816,-0.3880117821469722,0.23561259267322707,0.269591329784199,0.04828181205278603,0.08798059180110182,0.11059450479968189,-0.004852358563045056,0.05999538707418395,1.490273140455383,0.872494877219157,0.3774834302270955,0.2555771251760448,0.1762618879319775,0.8408849693208099,0.25554,0.222132,0.522324,-0.03229666891477356,0
MSFT,2026-02-18,-0.3633602360496395,-0.33283933397262633,-0.3771570216417204,-0.3786529901296687,-0.351502081809163,0.2800270752569073,-0.15804804037197995,0.15318279082074548,0.5542610872598255,-0.2866628471926869,-0.3994524183172057,0.30104379924244135,0.5339354561246532,0.08464424183227559,0.17482900594757628,0.12180939496606923,0.15877484606141554,-0.023054907079720716,1.4987969057021548,0.8017724475659458,0.3494316929136305,0.2332184351499893,0.15844825283223685,0.85020066689189,0.25554,0.222132,0.522324,0.3873941612998133,1
MSFT,2026-02-19,-0.3411437993578059,-0.3165373550693049,-0.37382019258270605,-0.3896845364815178,-0.3537045478050036,0.40335733185650113,-0.1714858803548358,0.13416980557767122,0.540870415376288,-0.27099914975033174,-0.40490189226671547,0.36364173518451903,0.4247555443615426,0.08307750461917718,0.17773991402518752,0.13596197097032978,0.12285339707154544,0.027363884430649243,1.4849545498462386,0.7511025379071037,0.33139599618153426,0.21500395495936786,0.14124545595755755,0.8655516208741899,0.25554,0.222132,0.522324,0.25611314461458345,1
MSFT,2026-02-20,-0.3808903931267893,-0.354110365268939,-0.38821622652302423,-0.4015869943874586,-0.365482952913192,0.5456550366131315,-0.18459072959348166,0.11591686523218092,0.526026610115542,-0.2550129703482357,-0.40548219888565296,0.4145166428269937,0.3879416826944849,0.07420708060795511,0.17568088455327663,0.1660420989575479,0.34713501410951875,0.07971088957981587,1.461518834115028,0.667723789490587,0.299238067546173,0.19342556607332329,0.12689448077298948,0.8666498786845412,0.25554,0.222132,0.522324,-0.08829663477158112,0
MSFT,2026-02-23,-0.3905233012236393,-0.39560631156830217,-0.5031938220993424,-0.5250628991677955,-0.48767193598676206,0.772671220232601,-0.21950095511458967,0.08927703107651253,0.5089791504568479,-0.2706765697482239,-0.4096494559894077,0.37703882326482274,-0.04478884519504189,-0.009910887742698105,0.08198847181779634,0.13419893103430036,0.10578322979191501,0.16497719348463669,1.4088548973906403,0.7092752524732577,0.23667056222412075,0.16061117536658998,0.11270505973004319,0.8462307851037433,0.25554,0.222132,0.522324,-0.33872145903532114,0
MSFT,2026-02-24,-0.4847695912522778,-0.4479121262313659,-0.5164458003622849,-0.4812270176117672,-0.44429293180782237,0.542442926589133,-0.23875739979716792,0.06862557695897875,0.49480834099615656,-0.26339187197855,-0.4112610954464776,0.40374088604426994,0.6046908302083007,0.05818104164659421,0.22140990686454104,0.14917720456778383,0.020302527686781757,0.07504811969731101,1.4140917572979625,0.6637851092560039,0.14538992112165605,0.12788243294165902,0.11468531889706313,0.7782789694613179,0.25554,0.222132,0.522324,-0.08060900751775957,0
NFLX,2025-05-09,0.35370101105738305,0.31637605608484654,0.3472796083469327,0.3280748572779788,0.3280748572779788,0.08033813909101035,0.24725687890721115,0.0,0.0,1.0,1.0,0.7764607207015437,0.7316992726396669,0.7794625965484304,0.8506191268722303,0.9213948933318967,0.6895513964367243,0.031470314424077564,0.43462851202366837,0.9527627645983205,0.3981026154737206,0.0,0.0,0.9999999999999998,0.12291724137931034,0.1771448275862069,0.6999379310344828,0.1108937397034584,1
NFLX,2025-05-12,0.27646840022993935,0.2408772245191444,0.24210964897052234,0.22599060905989266,0.22599060905989266,0.37457664877427593,0.22937904723559832,0.014995498436044308,0.01053758451274689,0.9469562932037956,0.9991939137000229,0.5961446239185849,0.5661482129224291,0.5958121043048151,0.5901648543127328,0.7902394992966807,0.5314289995045834,0.2372929409013806,0.5252567624162816,0.9633225349379919,0.36929317408481843,0.04680979902380855,0.08090587775032088,0.8771730070995705,0.12291724137931034,0.1771448275862069,0.6999379310344828,1.016143497757847,1
NFLX,2025-05-13,0.24333006458593953,0.305159086823656,0.2538106315752926,0.3220619531804205,0.3220619531804205,0.1878354823268738,0.24189743970082844,0.04254410032025735,0.023948907694373744,0.9264889590804235,0.9940339714480334,0.5417211445299762,0.9387429838310305,0.6919529957907938,0.781103608287395,0.7488697119866149,0.5836527329120411,0.10475317627870494,0.5414852267091628,1.0,0.34522740692765286,0.09739202199481944,0.16376614177853144,0.7570815502487014,0.12291724137931034,0.1771448275862069,0.6999379310344828,0.5568491713866184,1
NFLX,2025-05-14,0.294525411693098,0.32320690275031483,0.3305440783306137,0.36445630510421223,0.36445630510421223,0.1812274400835714,0.2637475705303123,0.07372928064330608,0.03847309228120288,0.9162722382842317,0.9876522193694709,0.5264484431254718,0.8363413966972587,0.7304650180456295,0.8398418729709597,0.7450335084649019,0.6088689235015291,0.10769817205091343,0.4321028694311382,0.9270708988861389,0.34576651489020716,0.1400509338275331,0.22018281211300117,0.6874191592501226,0.12291724137931034,0.1771448275862069,0.6999379310344828,0.37677263879877776,1
NFLX,2025-05-15,0.3558651472627057,0.4486787704476005,0.3973820353459949,0.4556294970104382,0.4556294970104382,0.22291530567087436,0.3066808943953774,0.115286257594434,0.053701464955449474,0.9282935791711955,0.985198713350869,0.5755517714932492,0.9235976115916804,0.806263891617563,0.9064663910816619,0.8576222143070442,0.7080311519854563,0.14226470443862727,0.40021447435382584,0.9573804451791754,0.33451086180773526,0.1928770775800812,0.297750798410906,0.5857532352109409,0.12291724137931034,0.1771448275862069,0.6999379310344828,0.10409252669039093,1
NFLX,2025-05-16,0.5093835593277651,0.47995685781053377,0.5075865421339532,0.5014018849440935,0.5014018849440935,0.2405568216370484,0.3538060314488982,0.15969564679549197,0.07691687731252461,0.9444861811078844,0.9868079801500214,0.6263366929846157,0.8397241095431334,0.8409775062500487,0.9507123178804574,0.9179950639229759,0.6680382441626729,0.1667514151877244,0.40013045674112657,0.8500377087239239,0.31766102549896935,0.24622818647738676,0.37963243657858214,0.4773648400527967,0.12291724137931034,0.1771448275862069,0.6999379310344828,0.02088526578184835,1
NFLX,2025-05-19,0.44324214655259864,0.46248427107675694,0.4809208013610644,0.5017734689051787,0.5017734689051787,0.10169761959954361,0.39160987781317314,0.2001216442663436,0.10138273233118777,0.9506476075746604,0.9894545980377686,0.6393036483021894,0.7586850847257056,0.8412645691628958,0.9489585749998452,0.9568355589540508,0.7593230763473281,0.07116083883321252,0.4053499071702802,0.7591943547094124,0.2822217802641811,0.2959729069151331,0.4687280723367597,0.3507159391968328,0.12291724137931034,0.1771448275862069,0.6999379310344828,-0.024707149589337063,0
NFLX,2025-05-20,0.4879112704155819,0.4673737192162499,0.5063018645185928,0.5030571225889267,0.5030571225889267,0.047486083974820195,0.4222113181241758,0.23705849359037234,0.12786834532081226,0.9491431007807016,0.9912399996705058,0.628538389731333,0.7603032073019229,0.842330163430319,0.9520343035410949,0.9730556265014415,0.745864622420644,0.037270925312267014,0.24274832661870882,0.6375698382711681,0.28149835220075925,0.33300858745308926,0.5184779425691315,0.2933941006578294,0.12291724137931034,0.1771448275862069,0.6999379310344828,-0.044520547945205324,0
NFLX,2025-05-21,0.48693064619754534,0.5328779435556359,0.5322731849588558,0.5118737965746707,0.5118737965746707,0.11096995222340302,0.4491538598548548,0.2719145791250508,0.15225279131202907,0.9438256960502787,0.9914953068698746,0.6094121109166714,0.7736492290301891,0.8500983036798194,0.8465215506993163,0.9359685362600989,0.6842939825541975,0.10396447838603544,0.2441821250317554,0.5919066552897774,0.27260231796918966,0.36842298028816955,0.5713517429097963,0.228013999919007,0.12291724137931034,0.1771448275862069,0.6999379310344828,0.11179304428166081,1
NFLX,2025-05-22,0.5068812768403603,0.48804601833543027,0.5347383771396825,0.4893760767489779,0.4893760767489779,0.02705233147987031,0.464427106285644,0.3003430420705353,0.17409401928579804,0.9265359269750428,0.9878854470539761,0.5610972746640591,0.7180907625859814,0.7979489182130043,0.784908140672641,0.8775741753524107,0.7025756025397298,0.03210419985271494,0.09890260252819905,0.4669474392039543,0.28678658052559847,0.39066685223574016,0.5917848491137363,0.21444031541403907,0.12291724137931034,0.1771448275862069,0.6999379310344828,0.1420583971836824,1
NFLX,2025-05-27,0.5167889629053528,0.5348552939061659,0.5551543349189267,0.5690977265817647,0.5690977265817647,0.10674772933218134,0.5067303450853284,0.3600820231000377,0.22202684055634947,0.9057976636812963,0.9741431209315239,0.5325600233419615,0.9140723137925837,0.8663059790977282,0.9981590973079495,0.8635649499239828,0.940919350220253,0.1204319556512083,0.13664480504948406,0.3388578612538087,0.3271581157300769,0.4358504801599796,0.6258204232501781,0.2028964392765476,0.12291724137931034,0.1771448275862069,0.6999379310344828,-0.025761263132900947,0
NFLX,2025-05-28,0.5673080174483482,0.5497393492719751,0.600048609423284,0.5588960578319764,0.5588960578319764,0.026623335571136567,0.5298964919937879,0.39056551995986233,0.2430735164222355,0.8980328720892727,0.9677159532164469,0.5258807447484464,0.7401978238576993,0.841166672014024,0.9347372132829002,0.9168971643515118,0.8075227007656505,0.04071657558883636,0.13092075221087607,0.22163818824603787,0.3558877542640815,0.4560946011607836,0.6341929453191697,0.21218572495287902,0.12291724137931034,0.1771448275862069,0.6999379310344828,0.06304019341190736,1
NFLX,2025-05-29,0.5596320968450952,0.5248966385044045,0.4967883059615983,0.47887038475830135,0.47887038475830135,0.13536250906912406,0.5260882919628296,0.4066857409080322,0.2638230493379412,0.8627296486408613,0.9547863636486295,0.44460005343041703,0.6166122861156501,0.6572488061433291,0.7246726185372323,0.9039521016976833,0.6641516940659339,0.16091871242441158,0.18509700673246987,0.2557952974762179,0.36301405363946415,0.46906978618047557,0.64685348632606,0.20286346008703193,0.12291724137931034,0.1771448275862069,0.6999379310344828,0.23335214446952546,1
NFLX,2025-05-30,0.5269333513678012,0.5349991012043858,0.5129335786951841,0.5544370502989562,0.5544370502989562,0.24043640173284242,0.5441380088382868,0.43228663051027283,0.2839913217976733,0.8511983069650804,0.94189888968065,0.44512650113676966,0.8916327370554669,0.7436716708547931,0.923032474360811,0.877210501456619,0.6436599560535866,0.2686741017009271,0.21081195347993364,0.2759871088031356,0.3843151941255236,0.48707975319313146,0.6570535535243534,0.20535165426779317,0.12291724137931034,0.1771448275862069,0.6999379310344828,0.19758727837689571,1
NFLX,2025-06-02,0.5366381496635446,0.5622865360417042,0.5661261761744387,0.5941289734148567,0.5941289734148567,0.059610863079558415,0.5696587503126196,0.4613097053414217,0.3058203384173268,0.8480600945054746,0.9308966240108908,0.46869172609879434,0.8272153211579563,0.7847269539533926,0.9962797163315155,0.8991167838076644,0.6356658706304397,0.0793659448071757,0.18549034241689966,0.24631700174561555,0.41705207408192724,0.5023379261679253,0.6562018347769389,0.2271684150085606,0.12291724137931034,0.1771448275862069,0.6999379310344828,0.17932681373663795,1
NFLX,2025-06-03,0.5997700605281837,0.598849541614237,0.617964654005069,0.5906158159645978,0.5906158159645978,0.06484912891251797,0.589094559943752,0.4871854234726021,0.3267953743390599,0.8390530009890715,0.9201078557529153,0.4713604574757177,0.7519285993593494,0.7766140951336503,0.8848358424483062,0.9561274777418726,0.6313537718615179,0.09464551572781939,0.13256700552689937,0.18895020930953077,0.43913472822157296,0.5228188919084555,0.6691849600202469,0.227029847405939,0.12291724137931034,0.1771448275862069,0.6999379310344828,0.13458018760009272,1
NFLX,2025-06-04,0.6026781185540857,0.6455509617113067,0.6481719384743587,0.663986758098841,0.663986758098841,0.06451797417595155,0.6251264948311732,0.5213368872827768,0.3485861287158132,0.8477595908980935,0.9133975060767698,0.52234095202418,0.8842921953038609,0.8509142559975641,0.9693891496097493,0.9726283083313719,0.7111385669301733,0.09702861981111276,0.15295739227471883,0.17470489943170708,0.4790609571866238,0.5477168899599798,0.6765147652549128,0.24428533247192946,0.12291724137931034,0.1771448275862069,0.6999379310344828,-0.0773300773300778,0
NFLX,2025-06-05,0.6698677848037056,0.7183534064353769,0.7086212284295681,0.7006722291659626,0.7006722291659626,0.09897311926688364,0.6641936863323679,0.5576977144102155,0.36920215082650465,0.8596480350846993,0.9106518051023816,0.5718993157554007,0.8203317025353064,0.8845389992415437,0.8648478757276215,0.925844656910628,0.741538624148107,0.14285024276245573,0.1414137573554315,0.16711458665982803,0.5289091468019356,0.5709398829449803,0.6752038784521264,0.2769715689153641,0.12291724137931034,0.1771448275862069,0.6999379310344828,-0.22611127181564006,0
NFLX,2025-06-06,0.73347310046326,0.7082509437353948,0.7025797715357105,0.6701010032766952,0.6701010032766952,0.07938983234538836,0.6869127365406094,0.5863246435942449,0.391249343639716,0.8544657641038691,0.9073120405845693,0.5644734832594664,0.7061417687207819,0.8092055465675593,0.7653257663163091,0.8833046017966145,0.7337384012617231,0.12393673749515328,0.13523749435900623,0.1533641077305603,0.5579105592886355,0.5946341237110886,0.6879917543127227,0.28117405936738493,0.12291724137931034,0.1771448275862069,0.6999379310344828,-0.10883702172707599,0
NFLX,2025-06-09,0.6640516687519016,0.6323206902750313,0.6540397902850592,0.61264061074891,0.61264061074891,0.06780694280957701,0.6890465073253145,0.6040257497358947,0.41141761609944894,0.8282007055562627,0.8988461836127127,0.5003969979343492,0.6594751671433949,0.676788021288199,0.555994822070255,0.7361553567578326,0.6799022542957769,0.11049409034463138,0.16250896607053966,0.1120952379546103,0.5645117218718747,0.6152029905921363,0.7110963573843314,0.2603407218863214,0.1823,0.073,0.7446,-0.0519960299955875,0
NFLX,2025-06-10,0.6256382511074285,0.5914794175804423,0.5118225061629809,0.5422423403033472,0.5422423403033472,0.22219278624563854,0.6711001305422313,0.6099201844783178,0.4333793294338406,0.7819798037000598,0.8818772138221571,0.3941075408810878,0.6354021539652059,0.534054427511334,0.3147153459801407,0.540333641192848,0.50369988128968,0.3113381969675148,0.10781241521265461,0.2429610323564435,0.5234702172587573,0.6380621705233294,0.7680364489765248,0.17391784368029706,0.12291724137931034,0.1771448275862069,0.6999379310344828,0.05313979566409177,1
NFLX,2025-06-11,0.5413721976126871,0.5942477080711845,0.5652928717752856,0.5971692058237341,0.5971692058237341,0.06624148405489945,0.6720772026695254,0.6232351446114688,0.45677221347075125,0.7568528251654837,0.8627590519322074,0.3672425014280743,0.8538801290910245,0.6079885307205387,0.5029689103383588,0.4469467446728042,0.5747517941243959,0.12190955719280962,0.06463759035364469,0.27283898241791293,0.5054353729286758,0.65794736186702,0.8061516805618738,0.12237462508778868,0.017849999999999998,0.9241999999999999,0.057999999999999996,0.030942414300259236,1
NFLX,2025-06-12,0.6089676394008041,0.6003954700701057,0.620672893302316,0.5807857311758946,0.5807857311758946,0.04383585562857685,0.66828501401615,0.6329664399237487,0.4801081111884491,0.7279396742551576,0.8410863105650517,0.33531009368269976,0.7295687490334988,0.5751886348465992,0.44681701691047715,0.40808449975552813,0.6464789264901687,0.09945077800057818,0.0631704014903326,0.2113854114130227,0.48646460518972834,0.6735839980857081,0.8392182913839124,0.07584529370148235,0.12291724137931034,0.1771448275862069,0.6999379310344828,0.03280404815913385,1
NFLX,2025-06-13,0.5548642342677441,0.5666726586374256,0.585708829554529,0.571056987467486,0.571056987467486,0.05329634435275808,0.6625352471134471,0.6404038233596205,0.5026282904511286,0.698311965823122,0.8172122749493693,0.30779377401493585,0.7410737329690668,0.5550659077713428,0.41347321215330257,0.44323772872099676,0.5511247850798365,0.1210100196235868,0.010044167683118554,0.15864344533925268,0.4825840143633071,0.6819272813398083,0.8528282023140452,0.059243693187654545,0.12291724137931034,0.1771448275862069,0.6999379310344828,0.05998225377107391,1
NFLX,2025-06-16,0.5738342406925234,0.5869135358619446,0.6215061977014682,0.6156470627976889,0.6156470627976889,0.045958256440207,0.670383840166294,0.6536241374153429,0.5277266936130545,0.6841528899665088,0.7949895686398478,0.3284354965358952,0.8353937513878128,0.6202385579651065,0.5662989839570207,0.4657803034503181,0.5562530041670621,0.12162563645423817,0.00851413942450674,0.0806670857570233,0.4889291361547663,0.6901851051517385,0.8597162945885919,0.05609817692562055,0.12291724137931034,0.1771448275862069,0.6999379310344828,0.03325102880658504,1
NFLX,2025-06-17,0.60004057755385,0.6088801006651088,0.6350126731710701,0.5998378542715264,0.5998378542715264,0.02934783590379654,0.672249188641068,0.6633525756561527,0.5574255209160146,0.6648272001662542,0.7729481759635256,0.33070192861083125,0.7306909333379421,0.5848009048423285,0.5121153012266109,0.4890234700816474,0.5429482591379857,0.10136287918066449,0.011734624553311535,0.02185304468810534,0.4912562935020457,0.6972733554551196,0.8676445719120451,0.049355491387337275,0.12291724137931034,0.1771448275862069,0.6999379310344828,0.18511009742636753,1
NFLX,2025-06-18,0.6339904642748451,0.6435376595362219,0.6503246415055028,0.6053102726075057,0.6053102726075057,0.058617398869859214,0.6752692264096396,0.6729893127952637,0.5862817647848964,0.6478213572457542,0.7515635900697163,0.33891205563027665,0.7674995209434423,0.5934413789375123,0.506159175085891,0.5220153825551439,0.470483959749011,0.14387980731833433,0.01162876604568619,0.0,0.49311251800256795,0.704664376353616,0.8762800659097034,0.04160243325029908,0.12291724137931034,0.1771448275862069,0.6999379310344828,0.31709358781181995,1
NFLX,2025-06-20,0.6490717884556858,0.6669063454970341,0.6636922329085793,0.6361179610174643,0.6361179610174643,0.2894623552326964,0.6862859738945026,0.6862126036980252,0.6156712377835571,0.6401453426780201,0.7327626003026526,0.3712071733609058,0.811126782694588,0.6423535229603438,0.6173099234377345,0.5401729157704223,0.4648229549049679,0.4580655542185075,0.016263223983166597,0.009210672761156502,0.49967543869857156,0.7136449428764662,0.8839891454084401,0.03778478469725424,0.12291724137931034,0.1771448275862069,0.6999379310344828,0.2328076044819718,1
NFLX,2025-06-23,0.6611774253542082,0.6896998022649643,0.631262803374883,0.7108738979157518,0.7108738979157518,0.08769127949158718,0.7159693141176167,0.7090624831428629,0.6407509168691714,0.6525616318695231,0.720460829329878,0.4524478262423091,0.8852597753348952,0.7472941751493066,0.8870211143397381,0.6736220312640954,0.5763009781245472,0.16968210984275267,0.039960125908469646,0.10307722823187149,0.5212043409783664,0.7296551589423546,0.8913810132422566,0.04369837293453829,0.12291724137931034,0.1771448275862069,0.6999379310344828,0.2524710131153771,1
NFLX,2025-06-24,0.7373279680789908,0.7893942117562465,0.7701121488837193,0.7972502786879705,0.7972502786879705,0.08739022973107226,0.7638300587296687,0.7423470759570439,0.6698904641535703,0.6839350037683807,0.717540346669264,0.5697145334376919,0.9022699539806456,0.8452020882529555,0.9660033877231647,0.8373052852839834,0.7319421619415584,0.16688068568547015,0.07126708363184286,0.12258933007862627,0.5701013133439563,0.7525387558570236,0.8902332006515534,0.07540991559298138,0.12291724137931034,0.1771448275862069,0.6999379310344828,0.18647514935807874,1
NFLX,2025-06-25,0.8262266256382507,0.8448678770447606,0.8354223811673207,0.7842110596898966,0.7842110596898966,0.04849460067254517,0.7984784385572237,0.7707170120265383,0.6989502305910698,0.7010855216193821,0.7189873474369046,0.624308357155688,0.7364365921300694,0.8112538060548992,0.8058489835245501,0.9044164634107464,0.7982842747209878,0.11648237028877566,0.03348384481585687,0.11039062273869948,0.6120513176844158,0.7680874909351942,0.8838143836398342,0.10801362055792679,0.12291724137931034,0.1771448275862069,0.6999379310344828,0.2751669179409859,1
NFLX,2025-06-26,0.8030974199438674,0.8784468811792201,0.8569146904621365,0.8903489511198188,0.8903489511198188,0.08307016566768323,0.8558281223122064,0.8118823744890786,0.729510365404419,0.7413234870885106,0.7290214025467633,0.7316470886510649,0.9318910637109781,0.9152358678876761,0.9947035516913201,0.9427464266072236,0.8501543221742189,0.1610512448294859,0.08339747262162334,0.14854775416770494,0.6901842072723365,0.7920454351228541,0.8652032267242307,0.17516496990084046,0.12291724137931034,0.1771448275862069,0.6999379310344828,-0.049588344652274574,0
NFLX,2025-06-27,0.893991140567409,0.9647672119360053,0.9298288253880069,0.9459176434820797,0.9459176434820797,0.193329640456271,0.9172212244797464,0.8573547856339632,0.7577462724841553,0.7845836588557722,0.7465917967838516,0.8258518123895227,0.8473929994984677,0.9602529817528648,0.9453033542095036,0.9353781728579708,0.9295783235801829,0.30711119207448817,0.01737682964315379,0.17308025793008364,0.7665053041075343,0.8258043564781916,0.8608047876173526,0.22596692760565973,0.12291724137931034,0.1771448275862069,0.6999379310344828,-0.13663309763588405,0
NFLX,2025-06-30,0.9755520238054975,1.0000000000000004,1.0000000000000004,1.0,1.0,0.1340228376348327,0.9814341144914982,0.9065273937014213,0.7884781803454182,0.8292893114975207,0.7705101339420327,0.9052015071277024,0.8439420584180851,0.9999999999999999,0.9873945753399345,1.0,1.0,0.23519157831056192,0.0,0.1306536461545016,0.8572509330460356,0.8580103576843907,0.8450184421783118,0.2965762977183463,0.12291724137931034,0.1771448275862069,0.6999379310344828,-0.14170861061379014,0
NFLX,2025-07-02,0.8604470293849111,0.8518784828330035,0.827714315475157,0.8166739857446874,0.8166739857446874,0.11640390040069724,0.9883706923270648,0.9450592529914816,0.8387498829745228,0.7893527654630959,0.7935444636442999,0.6955624971495276,0.7095993870617946,0.6110010987469224,0.5950566903504247,0.760385863875775,0.7674041547271437,0.19211736753307085,0.178825242359978,0.32245096408209006,0.9010466980116032,0.8925701560977757,0.862704355887367,0.3041758276894367,0.12291724137931034,0.1771448275862069,0.6999379310344828,-0.03950198544010486,0
NFLX,2025-07-03,0.8436749737936626,0.8601833543052311,0.8560813860629835,0.8582913893862099,0.8582913893862099,0.03793528032248451,0.9987922754495315,0.9657316507367373,0.859658977584024,0.7767550355819268,0.7964832592836072,0.6429558889861035,0.8261934740781859,0.6584528295114153,0.683685249150971,0.6522794021206277,0.8061226060118014,0.09034954857180395,0.15984741726206597,0.2853905005170647,0.925737143901519,0.9066148049937617,0.8654376317923451,0.3158824846353561,0.12291724137931034,0.1771448275862069,0.6999379310344828,-0.03502833753148504,0
NFLX,2025-07-07,0.8538193622561119,0.8340823296782314,0.8430957258428529,0.8327534371516396,0.8327534371516396,0.05806798305691947,1.0,0.980825461847286,0.8791995864421409,0.7547870289193207,0.7939881757383,0.5750320497356609,0.7162725788633661,0.6098948286232658,0.5996607545906437,0.626604988766362,0.7437083293681398,0.11906648464034401,0.16128153886421837,0.2425836390740459,0.942001828584778,0.9161618455332778,0.8676309909122724,0.323159915229761,0.12291724137931034,0.1771448275862069,0.6999379310344828,-0.1583238682459842,0
NFLX,2025-07-08,0.8399553646907654,0.8277907603810886,0.7874726571994031,0.7844137418504884,0.7844137418504884,0.13474535706006846,0.9874709752397379,0.9875449040012434,0.893726213299793,0.7191413478190202,0.7841287076945691,0.4829767699153566,0.6783185676781832,0.5209727432609091,0.4770907000818382,0.5846145567456993,0.6103831657614535,0.21708712096725546,0.17001258175862355,0.2785644910459433,0.9503504017665305,0.9244245527419039,0.8732309031780852,0.3222781524311081,0.12291724137931034,0.1771448275862069,0.6999379310344828,-0.13005469187373608,0
NFLX,2025-07-09,0.7827748283907612,0.8099586554017617,0.8091385715773751,0.8282268688984225,0.8282268688984225,0.06640706142318266,0.9896792579525808,1.0,0.9089293491755299,0.6998055306744817,0.7719756715489703,0.4543070211468718,0.8303065419876227,0.5791440375317166,0.5801000199472474,0.5477430099946352,0.5649173292999762,0.12723438311594565,0.15086322349299275,0.24182003806902186,0.9625337806324561,0.9400074715969433,0.8860934790043453,0.31617988900436017,0.0303,0.2392,0.7305,-0.10739048862060618,0
NFLX,2025-07-10,0.8216954654583573,0.8146683444184792,0.7388979549321202,0.7009086916866529,0.7009086916866529,0.20536410463285476,0.9559019111067855,0.9928802512703481,0.9203437089138813,0.64403451661087,0.7499502133230923,0.3309011102660977,0.5459230953870174,0.3711098729378789,0.2807614489582508,0.43422961868494137,0.4467407954693958,0.31176665774344753,0.2170212058982699,0.34262375653491306,0.95196151774892,0.951476128736104,0.9081865585884659,0.28738833199701036,0.3926,0.0227,0.5847,0.04665285073979453,1
NFLX,2025-07-11,0.7347580563351706,0.7118461261909039,0.687823339467379,0.6823970543525988,0.6823970543525988,0.18477230101363457,0.9237120587793113,0.9837262653798016,0.9300696454229813,0.5917834318849441,0.7208033102856968,0.24188259215512925,0.7266554640683589,0.34453796995578634,0.23723862144379854,0.3488533811767037,0.32290962569225334,0.2741483923452167,0.20621291751482074,0.3492221789977683,0.9469626623727967,0.9576365336673582,0.919614421951723,0.2728127094480497,0.12291724137931034,0.1771448275862069,0.6999379310344828,0.025741299935647888,1
NFLX,2025-07-14,0.6844418895614242,0.7459644076936907,0.7180306239366687,0.7392831807587061,0.7392831807587061,0.09624861893422364,0.9138413259115117,0.9836446501423977,0.9406715430674106,0.5646653940184815,0.6915035761229267,0.23997219325965918,0.8539905176212612,0.4290756187032908,0.27770519613058786,0.24121482141923883,0.3268352126119749,0.15715221571150295,0.21754844283602626,0.36029773582345737,0.9395374772242135,0.9690929823147796,0.9396575391155468,0.24810629394470884,0.12291724137931034,0.1771448275862069,0.6999379310344828,0.055837331505597776,1
NFLX,2025-07-15,0.7422310891691746,0.7485888908862122,0.7292802333252317,0.733608080262135,0.733608080262135,0.09780655144488833,0.9043603969622707,0.9827483927500813,0.9509942077476969,0.539475746458588,0.6625069780115882,0.24376141339667629,0.7485096525821932,0.4199483727039105,0.2623837912000253,0.2346732259387212,0.2704035791213833,0.15652690794294932,0.21677057177693027,0.3548598901370301,0.9272915717042158,0.9808424347639244,0.9632058132946444,0.21712532420551123,0.12291724137931034,0.1771448275862069,0.6999379310344828,-0.2349772067965178,0
NFLX,2025-07-16,0.741250464951138,0.747797950746,0.7521266622686711,0.6999628416038917,0.6999628416038917,0.12981566723163673,0.8873827652053707,0.9770599616652476,0.9586320027027799,0.5080043992792235,0.6323671521570998,0.22947099308843127,0.701347479676433,0.36499905555245327,0.17154974768311504,0.21129102754508466,0.38375521558798553,0.1913341789765401,0.21687904968640914,0.3072162066570385,0.9201080730027646,0.9869369138397905,0.975957719688199,0.20007234832786863,0.12291724137931034,0.1771448275862069,0.6999379310344828,-0.08223541334877726,0
NFLX,2025-07-17,0.7117979237818277,0.7711666367068131,0.734696711919725,0.7805627807992428,0.7805627807992428,0.3738842343250916,0.8963020977452842,0.9835638944205352,0.9700382215383865,0.5049716320130134,0.6075862660811752,0.2964580849440255,0.8930586148095839,0.4878298959882318,0.3891501772326618,0.25096028215275656,0.49586093301002515,0.4517187742347859,0.2433265878782016,0.33513532306483595,0.9098026876509522,1.0,1.0,0.16992225217188245,0.12291724137931034,0.1771448275862069,0.6999379310344828,-0.3639156965421737,0
NFLX,2025-07-18,0.6744665742400162,0.6597159805860149,0.5826533800909686,0.5612269026787828,0.5612269026787828,0.6917476239647652,0.8422046062836275,0.957704853653258,0.9758630374522221,0.43761325191526684,0.5729023666805072,0.17266978154018636,0.3844106592814724,0.19402391244411588,0.05701458106388732,0.17785834965742853,0.23070486117079558,0.7137205120124429,0.48271576363827484,0.6144960361605123,0.9197372449250345,0.9968135836562482,0.9893399738062278,0.18643544836751824,0.12291724137931034,0.1771448275862069,0.6999379310344828,-0.19537739256049202,0
NFLX,2025-07-21,0.5528691712034624,0.6259212655042243,0.5722023540849279,0.642401107995811,0.642401107995811,0.31049068100466326,0.8215883714474437,0.9459550533325158,0.98220154432925,0.40743192741059453,0.5384972774921819,0.17615492712424052,0.8985850186171092,0.30752289345250283,0.2491871112530712,0.2054936573408147,0.33814438063719826,0.3223670089561963,0.5080849307119184,0.6605553042287391,0.9188860225676398,0.9972677395489198,0.9904943869607621,0.18477865099109392,0.12291724137931034,0.1771448275862069,0.6999379310344828,-0.27612136509438956,0
NFLX,2025-07-22,0.6353092347749634,0.6089160524896635,0.5357452866219927,0.4965037327297903,0.4965037327297903,0.26799750730798294,0.764364574489508,0.9141395799088397,0.9859178664322075,0.34112872435648,0.49634678659047304,0.07933690761442813,0.5033770031163085,0.15872389376738905,0.02070335565010316,0.0743436438524643,0.23499564896037994,0.2671109308367904,0.5674355761058669,0.7451045779800278,0.9533997892276327,0.9817727218343988,0.947571966334495,0.24822065481281808,0.12291724137931034,0.1771448275862069,0.6999379310344828,-0.06524697237719301,0
NFLX,2025-07-24,0.4575119196564432,0.43321948588890846,0.4494982813096766,0.46502043711785923,0.46502043711785923,0.1763730126952684,0.663138807230899,0.848445803993048,0.994654683257826,0.23063485067837056,0.3998602823804538,0.0,0.7821442953242438,0.1385727610178904,0.1351984996953176,0.021640722317711525,0.28400768303829294,0.16421374568580244,0.5358653934356405,0.5847689060553156,1.0,0.9337152149549146,0.853508976904715,0.37155461342516555,0.12291724137931034,0.1771448275862069,0.6999379310344828,-0.08731657707394969,0
NFLX,2025-07-25,0.45960842660534906,0.4469530828689554,0.49019131280163863,0.46410836739519645,0.46410836739519645,0.08483130676669547,0.6285609671273074,0.8208022054525888,0.9980779328619755,0.1959812312825237,0.353417800295313,0.02568674181148045,0.7563920422466943,0.13766698949254141,0.13496333511216932,0.06231198603838621,0.3015676451756987,0.07774636003555897,0.47540259821434994,0.4690889347122362,0.9889252574844605,0.9029058652035999,0.8196685759072171,0.40026024155590373,0.12291724137931034,0.1771448275862069,0.6999379310344828,0.02700342091855279,1
NFLX,2025-07-28,0.4690088932472185,0.48459464317814094,0.4698795180722892,0.444211735297098,0.444211735297098,0.14637340405995708,0.5953440651408881,0.7927895520735397,1.0,0.16498105701507929,0.30942520752972436,0.05631051585375224,0.7222953286528949,0.1169406558421614,0.09241205942546245,0.08704010205175662,0.2243513583364945,0.13772019153793197,0.4502946872387157,0.4638980312873171,0.955802925453181,0.8666417613435193,0.792817361575449,0.4090668943534516,0.12291724137931034,0.1771448275862069,0.6999379310344828,-0.11558935361216705,0
NFLX,2025-07-29,0.4615696750414231,0.41919827431242096,0.45168570535745234,0.4244164442792959,0.4244164442792959,0.09410363939055487,0.5632442054813316,0.7644560739693773,0.9992477805863889,0.1372258208141131,0.2681083562761134,0.08975745682548131,0.7222990698982656,0.09585018839483928,0.04616453480140358,0.055348131833086386,0.20915254673191125,0.08931649196072448,0.42362571552066863,0.3779609056951405,0.8935287142317359,0.8250376631970129,0.7776990036125682,0.38845089982564823,0.12291724137931034,0.1771448275862069,0.6999379310344828,-0.08070678127984743,0
NFLX,2025-07-30,0.4262333885638925,0.4380729822038467,0.4614423110308672,0.47664088099179125,0.47664088099179125,0.10691330670046452,0.5521440424241142,0.7462632917337091,0.9986510524152026,0.13313322940581854,0.2341520537467913,0.18176478922242462,0.8518970435155165,0.18923085798270223,0.18608729049335873,0.07354589347755328,0.2972168702825623,0.10717333333251645,0.3837731609030819,0.3134459672513863,0.8631102001445337,0.7983254832731443,0.7618110030739369,0.38727388344480324,0.12291724137931034,0.1771448275862069,0.6999379310344828,-0.09362154500354303,0
NFLX,2025-07-31,0.4811821594021577,0.45658817184972156,0.4324155411270447,0.3928655879471674,0.3928655879471674,0.16638568689018607,0.5198759965949886,0.7175892019443637,0.9960264253703093,0.1083407550314916,0.20151781694534432,0.19829069584047604,0.6068392537636272,0.0953972283366753,0.012067027086898824,0.04494678104752932,0.13136654452544755,0.1633001650912369,0.4055539894324087,0.33816400188447826,0.8434580697057488,0.7676919358028664,0.7337474506463315,0.4054538514368811,0.12291724137931034,0.1771448275862069,0.6999379310344828,-0.09914015477214067,0
NFLX,2025-08-01,0.4075000845365704,0.4152795254359156,0.41543696399430585,0.39016315913927624,0.39016315913927624,0.1797899274771127,0.49330711104835423,0.6911303896275802,0.9933057356730277,0.09103211326144117,0.1715921586314004,0.23214810111795758,0.7530950004856942,0.09249450167341622,0.04439383688661377,0.04431649455350825,0.34624753594909075,0.16968112657425033,0.38904796122040497,0.3197749794885718,0.8027484937789913,0.7338548801004023,0.7150289018433051,0.40123352831126075,0.12291724137931034,0.1771448275862069,0.6999379310344828,0.1721212121212119,1
NFLX,2025-08-04,0.4231900720251578,0.40985079992809625,0.4493593972431511,0.4320170253014899,0.4320170253014899,0.05588537229318634,0.483736529691682,0.6731396290844289,0.9913812262641803,0.09265489947197036,0.14800961697740264,0.31143746728143534,0.83401002506658,0.1711123163313314,0.14397298205881642,0.029325750175475507,0.3078055776889512,0.05182708265339632,0.40967362358811377,0.2572238272530738,0.7558858330692511,0.7048890126016056,0.7067685813887965,0.3820056329686187,0.12291724137931034,0.1771448275862069,0.6999379310344828,0.0733442802408315,1
NFLX,2025-08-05,0.4345179724748922,0.39083228473845066,0.38717405645637326,0.3539168327534372,0.3539168327534372,0.08719454738673756,0.45427649187799357,0.6454712571011392,0.9881167242635538,0.07444091736622094,0.12512559761880057,0.32016904089456316,0.615577765849329,0.08110276476417266,0.022021020174135802,0.032868910955223374,0.37482299557992116,0.08314116833757478,0.42455132147631747,0.2530098197491908,0.7236733816019703,0.6737720088584815,0.686178486734081,0.3847713458625795,0.12291724137931034,0.1771448275862069,0.6999379310344828,0.6086666030352199,1
NFLX,2025-08-06,0.37541000236702393,0.42559769908322886,0.41203430436443167,0.4573185150153698,0.4573185150153698,0.13999114913704086,0.4595755620256057,0.6352963519646897,0.9875541878838945,0.09332250611790938,0.11098364151836443,0.42944539380762486,0.9460186583675071,0.258327322155421,0.33054578007853413,0.1347257570752241,0.539395487698625,0.13086302068895617,0.4828435275394065,0.289874548410753,0.659208469463743,0.6469621610007064,0.6921621189580764,0.33910852891306503,0.12291724137931034,0.1771448275862069,0.6999379310344828,0.2942088934850067,1
NFLX,2025-08-07,0.47090251242687575,0.4609742944454429,0.4687337245234535,0.4637030030740128,0.4637030030740128,0.08475604432656673,0.46559720363057266,0.6269712576414745,0.9850142262275465,0.11302748018758979,0.10401697399304144,0.5191369624261325,0.7694726120946981,0.2685020603206303,0.38485544139403044,0.22046876241647523,0.531482185846519,0.08229831896757837,0.43239943874659437,0.25839817944088717,0.6285547467900106,0.6298165552031358,0.6891560960695773,0.3235718313423001,0.1863,0.0212,0.7925,0.32716544037298667,1
NFLX,2025-08-08,0.47573800426064317,0.5432680208520586,0.5109892017638278,0.5693341891024559,0.5693341891024559,0.17419792817554813,0.4999040376418593,0.6347041031971559,0.9852657801223579,0.16182194667124514,0.1092076499404015,0.6711045376510385,0.9448003251900029,0.4245669311209711,0.763087919813757,0.48425427552268235,0.6506003862481182,0.16928919177326723,0.4938040198918743,0.29631871331568016,0.6068549128580765,0.6216441908333756,0.6923043046304844,0.30681200049998114,0.0873,0.0478,0.8649,-0.04271982912068406,0
NFLX,2025-08-11,0.5799546883982005,0.5754808556534248,0.5858477136210545,0.5918656892882481,0.5918656892882481,0.07175822091633528,0.5336397224156855,0.6449977435583518,0.9879889120904615,0.20884663055258967,0.12373378841335941,0.7877984195674128,0.7972411740085642,0.45477929974468834,0.9391442112523815,0.7008871456736712,0.6988641002587623,0.0707857238729896,0.48054725785083563,0.2526059880225935,0.5692467425556975,0.6109886192440017,0.7024285243193535,0.27261738051183215,0.12291724137931034,0.1771448275862069,0.6999379310344828,0.06991610067918463,1
NFLX,2025-08-12,0.6171169647989716,0.6075498831565702,0.6017499392382208,0.6154106002769986,0.6154106002769986,0.058451821501576004,0.5672014061307937,0.6577661759333511,0.9894583450358816,0.2542415782184589,0.14536877874557455,0.8766595249652985,0.7987762538268396,0.4867243288784736,0.9229811281617862,0.8924349809213287,0.7486387508160035,0.05895642201923691,0.4845795254479375,0.23920075733674429,0.5349999580102054,0.6024451167253888,0.7131910090467435,0.2397099811524946,0.12291724137931034,0.1771448275862069,0.6999379310344828,0.07503567899879249,1
NFLX,2025-08-13,0.6475501301863185,0.6259931691533347,0.5895628624006108,0.5450123298314358,0.5450123298314358,0.09484873754782928,0.574397359692032,0.6591763617970008,0.9882746577768007,0.27070540063022286,0.16630867358793677,0.8679707866418263,0.6354849258133779,0.37642476280751114,0.6457152588785277,0.8506557466787836,0.6091566140419603,0.09581632392895918,0.4997361068546968,0.28087280285787,0.49735183126831384,0.5912450464044765,0.7226164998763327,0.20600449658548153,0.12291724137931034,0.1771448275862069,0.6999379310344828,0.2519523986612122,1
NFLX,2025-08-14,0.5660230615764377,0.6510515908682364,0.6035554321030516,0.6332466304090802,0.6332466304090802,0.1808210229068763,0.6047868785818729,0.6732394514322761,0.9893020397031833,0.3101382437057088,0.19175943477163734,0.924356905994062,0.9112822646451357,0.49697465757057413,0.8636082271580771,0.8237684328182023,0.8065966929675498,0.1903874715153297,0.5081040034351214,0.3542074254701717,0.4359067187088641,0.5805967999101451,0.7481544691488469,0.13986702832316567,0.12291724137931034,0.1771448275862069,0.6999379310344828,-0.0875386749173157,0
NFLX,2025-08-15,0.6476853886991512,0.6612978608664393,0.6759487517794516,0.6615883525318376,0.6615883525318376,0.09525515472452444,0.6370107763577106,0.690129493758648,0.9892442392936944,0.34981648086695677,0.2208730227155967,0.9701424760469397,0.8065635809140964,0.5326251384105946,0.9217007163488555,0.823312665481643,0.8421496868304486,0.12821663102059866,0.29015468200007655,0.2933309611200805,0.4634211482032171,0.5878510857011694,0.7400270676297516,0.1659750730320998,0.12291724137931034,0.1771448275862069,0.6999379310344828,-0.1281082461067139,0
NFLX,2025-08-18,0.6530619145842493,0.6764695308286899,0.7022325613693972,0.6823294936324018,0.6823294936324018,0.04583031029198818,0.6685802897579691,0.708488517556459,0.9888021882746569,0.3870392589925239,0.2523752002873369,1.0,0.7933390160949197,0.5589020517883391,0.9428741867803585,0.9290874886572481,0.8150820043254405,0.08191194733888825,0.25875429135033623,0.2158188810348305,0.4770119285642691,0.5907371731481552,0.7350848184032261,0.17983979080518975,0.12291724137931034,0.1771448275862069,0.6999379310344828,-0.19248477647408235,0
NFLX,2025-08-19,0.6685151996753795,0.6399424770807118,0.554112704419985,0.5778130594872142,0.5778130594872142,0.16599432220151666,0.6646575899152376,0.7100389024782592,0.9865780936448045,0.38573145981607126,0.2772884431687888,0.9176378926491415,0.5782749347779665,0.3908296964860204,0.6516925292818894,0.8536553095561247,0.7903910703072091,0.23357951917199787,0.19478187183125795,0.3730380550081627,0.48752974166082197,0.5966143410710751,0.73610854364204,0.18537021147732424,0.12291724137931034,0.1771448275862069,0.6999379310344828,-0.05553931598947648,0
NFLX,2025-08-20,0.5934467250532576,0.575229192881539,0.5559181972848166,0.5768334290443535,0.5768334290443535,0.07016265718560623,0.6612459423208428,0.7113064398047317,0.9857151579538659,0.384159001742532,0.2968721548129234,0.8510184094503372,0.7563192783785369,0.3893627364483613,0.6489632894410816,0.7565734102901878,0.6668039202136385,0.1236466773532678,0.17895258470001318,0.37740138896927355,0.49812145152732334,0.6056681585443568,0.7413115962573196,0.1864689979905768,0.12291724137931034,0.1771448275862069,0.6999379310344828,0.02465448582806351,1
NFLX,2025-08-21,0.5712305143204945,0.5694769009527234,0.5709523974861983,0.5509914535688951,0.5509914535688951,0.0410210403677624,0.6513022067984471,0.7087154296955696,0.9859260073349532,0.3752152355944475,0.3105661383594805,0.7773964294730518,0.712864685732846,0.34928451521992987,0.5769678246749765,0.6263276827806586,0.6305557917198276,0.09265374253071089,0.1845205525738567,0.34430836001570286,0.503839188334247,0.6118822808392608,0.7458856216415031,0.18517690521442576,0.12291724137931034,0.1771448275862069,0.6999379310344828,0.12188093924345522,1
NFLX,2025-08-22,0.5626077841274135,0.5415063814488588,0.5730009374674485,0.5457217173935076,0.5457217173935076,0.12237221190290544,0.6418760430580299,0.7055966229324424,0.9846861478469338,0.36654076174412936,0.3196077450365671,0.7192414194188825,0.7487812103751761,0.3408769145157856,0.5622863965658107,0.5945032380445338,0.5072340343025687,0.19652230590915398,0.1849152041935842,0.2611506016066607,0.5083269055892252,0.6177814240473101,0.7508353809709902,0.18271561472940417,0.12291724137931034,0.1771448275862069,0.6999379310344828,0.11668214175177827,1
NFLX,2025-08-25,0.538159807932912,0.6140571634010423,0.5756744557480649,0.5910549606458808,0.5910549606458808,0.09858175457821423,0.6469909920836221,0.7093280513833999,0.9849336312903736,0.3727935817714921,0.32822039615371423,0.7138794473342974,0.8371631122194239,0.41813975715771956,0.6661275171971932,0.6006129086126287,0.5320764987473164,0.1686348450558266,0.19026564280550873,0.30551422664276506,0.5180188140914659,0.6283954867647736,0.7586960827011153,0.18042408092761908,0.12291724137931034,0.1771448275862069,0.6999379310344828,0.07647025204320568,1
NFLX,2025-08-26,0.6009197578872616,0.6057882437533704,0.6215061977014682,0.6181468094449887,0.6181468094449887,0.03639240029984557,0.6586463013595178,0.7166446251434904,0.9860684731329847,0.3854010081371575,0.33789170255565953,0.7271127064744459,0.804904258704705,0.46243046636906604,0.6972564070337036,0.6434300759071678,0.5359021155893894,0.08966035752473071,0.18712797854931107,0.24961917458235305,0.5292855716930012,0.6423986267888493,0.7700488323518084,0.1754220078273167,0.12291724137931034,0.1771448275862069,0.6999379310344828,-0.09749166621126848,0
NFLX,2025-08-27,0.6124167314780369,0.597555275930254,0.6242838790319776,0.6093976961794407,0.6093976961794407,0.012218104530497861,0.6655280205204406,0.72202871067981,0.9859178664322084,0.3924902225073459,0.3471926211989983,0.7224828356729093,0.7429201672512192,0.44547010749979166,0.6085560062569786,0.6598999151882693,0.6035081395829364,0.061241991321759795,0.17610757179960768,0.17836129550398105,0.5398902842499753,0.651994501295321,0.7759647828821028,0.1757810391551467,0.12291724137931034,0.1771448275862069,0.6999379310344828,-0.05205099778270461,0
NFLX,2025-08-28,0.6096439319649676,0.6287614596440769,0.6286934481441615,0.6362530824578583,0.6362530824578583,0.033728109919288554,0.6785307316273101,0.7308134474002994,0.9867954557480871,0.4054601745770248,0.35749451442563324,0.7349950823349438,0.8042908470188246,0.4920583174235432,0.6617122268423412,0.6583282762008394,0.5361793152724929,0.09691120163272861,0.11860160234101325,0.15860847553247437,0.5442102705353236,0.6695869378905197,0.7965828817421734,0.15671168117842338,0.12291724137931034,0.1771448275862069,0.6999379310344828,-0.02797982479426564,0
NFLX,2025-08-29,0.6271599093767959,0.59604529929894,0.5831394743238083,0.5578826470290172,0.5578826470290172,0.1285211532614226,0.6670538828961226,0.7274472907694927,0.9856524730027312,0.3924936258054813,0.3628756214591046,0.6734849384737024,0.6221652279687494,0.3415722351035503,0.26352469070547435,0.5039398621484561,0.42247963705150654,0.2341697268255618,0.16780856797611288,0.1821091632862375,0.5313296919750963,0.681709970186863,0.8210384093728771,0.12299549860679648,0.12291724137931034,0.1771448275862069,0.6999379310344828,0.2980926430517714,1
NFLX,2025-09-02,0.5224360058161155,0.5479058062196658,0.5194264088052498,0.5776779380468193,0.5776779380468193,0.06029575128472987,0.6633987419815934,0.7272545779556028,0.9842440968278963,0.38771091632944027,0.3661254462115186,0.6468437729016463,0.7925868032072988,0.3786521030344664,0.4570303828592238,0.45000375417203436,0.42202180882919155,0.1369852366967389,0.16073824532700953,0.21833811096968514,0.5245680895604234,0.6922385734621566,0.8394180448766617,0.09957535228861286,0.12291724137931034,0.1771448275862069,0.6999379310344828,0.17373253026138857,1
NFLX,2025-09-03,0.5499611131775604,0.5896099227035774,0.5908822610326028,0.618450832685876,0.618450832685876,0.07295489371438206,0.67185737677727,0.7329855065026747,0.9820167458369458,0.3954542567462827,0.3704334790797026,0.6600714424001862,0.8286895761000967,0.4526796521613695,0.6339168411288362,0.440109883475627,0.5771294439286139,0.15587679848333946,0.11139186741023643,0.19572980417920016,0.48848935259301296,0.7113595132230168,0.8881767026895631,0.026430345633731644,0.12291724137931034,0.1771448275862069,0.6999379310344828,0.1014856893161471,1
NFLX,2025-09-04,0.6110303317215022,0.6991910839475106,0.6593173848130269,0.7241833597946155,0.7241833597946155,0.11449976066544039,0.7081420971742505,0.7535112343413157,0.9802558685732654,0.4316878081108131,0.3818729901675975,0.7492153787588026,0.9380799703188327,0.6141093283743951,1.0,0.7022610029586086,0.693167515147816,0.2170892233467882,0.10574133763975857,0.24219816027455154,0.5084053379880737,0.7306489301698686,0.9009744195019525,0.02581578590195721,0.12291724137931034,0.1771448275862069,0.6999379310344828,0.02691482414404245,1
NFLX,2025-09-08,0.696716599600987,0.6796332913895378,0.690253810631575,0.6812147417491472,0.6812147417491472,0.031078872026757312,0.7380905855545521,0.776833721553948,0.972657149951357,0.4571043204233982,0.4064711260504798,0.7599533986830679,0.7634220646880459,0.5267300658862352,0.7345119580830662,0.832862467713852,0.681401891308088,0.10620098415077046,0.059865078990854914,0.1988262928010074,0.5179313682417064,0.754228411113635,0.9261950454457484,0.006013653670882219,0.12291724137931034,0.1771448275862069,0.6999379310344828,-0.20460180501834857,0
NFLX,2025-09-09,0.6903932641260608,0.72881538738091,0.7411895420297907,0.7436746275715294,0.7436746275715294,0.05400381128996813,0.7665701267671219,0.7961966385812262,0.9677831914781025,0.48280152537887683,0.4219787420897606,0.8000669522634632,0.8633536626097651,0.6185974516441378,0.9542466892846834,0.8165764069692463,0.698323724165339,0.14158133819957786,0.07869307407018522,0.16094981683603482,0.5504207440672033,0.7652014034882102,0.9198010964056174,0.03286328114185372,0.12291724137931034,0.1771448275862069,0.6999379310344828,-0.3398137633431748,0
NFLX,2025-09-10,0.7488925709261824,0.7334172209239616,0.7401131905142182,0.6911799479782452,0.6911799479782452,0.09022762372392533,0.7746985901784162,0.8061952194961712,0.9603407781888933,0.486399701535184,0.43517858894295963,0.7712196890290552,0.6696067598732114,0.510477033861202,0.769569689670128,0.8330316735397703,0.6115712088457793,0.19341577685471723,0.09840340611450915,0.12377436789445495,0.5619033478588129,0.7706781328821082,0.9196684981496208,0.0401577413148928,0.12291724137931034,0.1771448275862069,0.6999379310344828,-0.22212990567420887,0
NFLX,2025-09-12,0.5429276705102621,0.5348912457307207,0.5180375681399947,0.490963753673614,0.490963753673614,0.17180458257945458,0.6971541607144873,0.774879672454281,0.9451563663894689,0.3963378881622777,0.4269538148922579,0.4864902530518968,0.6680740849272371,0.20155349615854756,0.06962099394630844,0.3436100649079584,0.37723899634564106,0.2929215093709802,0.17070250922476926,0.34931512843992696,0.5717125213238328,0.7601641797968997,0.8993389439434534,0.06706155872876596,0.12291724137931034,0.1771448275862069,0.6999379310344828,0.27562955827714286,1
NFLX,2025-09-15,0.49335542555709555,0.518569117382707,0.48612895385576893,0.537648211329933,0.537648211329933,0.10590479000273957,0.6763036901519008,0.7645764538673081,0.9374290215041947,0.3715732552947652,0.41382804925143785,0.4421478399021626,0.8406135043333656,0.28126557713936917,0.3081482602336396,0.17936539471516766,0.5108518421860482,0.19913748440719908,0.18140058140373583,0.38255811424221564,0.5666434886608203,0.751205588559178,0.8906937201779908,0.07278539583968596,0.12291724137931034,0.1771448275862069,0.6999379310344828,0.0346820809248547,1
NFLX,2025-09-16,0.5516518445879681,0.5248966385044045,0.5697024408874687,0.5317366483126706,0.5317366483126706,0.06792736271378298,0.6579729567695392,0.7543535772218162,0.9301746630683869,0.35035961790690184,0.3986477297812543,0.416465784910546,0.7476203670677196,0.27286724451223465,0.28947551895370266,0.195488832063073,0.4830133641099585,0.14432646736714932,0.17688674872532517,0.27367986036843917,0.5556909268048278,0.7403204973251194,0.8832870325182376,0.07358495248620095,0.12291724137931034,0.1771448275862069,0.6999379310344828,0.16809605488850887,1
NFLX,2025-09-18,0.6029824502079597,0.611181017436635,0.5982431165584523,0.5562949701043811,0.5562949701043811,0.1254579719481833,0.6595497791707521,0.7526198011008436,0.9198104797841031,0.34947178455736366,0.378503566803406,0.4763563657813997,0.6365186415796158,0.3208054842463829,0.3670474212994996,0.401020365236733,0.356742861960367,0.22191071069419016,0.20269378292887197,0.30375943432410546,0.5592047864962266,0.7423397818586697,0.8837032993906071,0.07534598678973814,0.12291724137931034,0.1771448275862069,0.6999379310344828,0.06491377216419703,1
NFLX,2025-09-19,0.5955432320021634,0.6002157109473312,0.607270580882608,0.6211194811336691,0.6211194811336691,0.25931222171712764,0.6695232248008889,0.7564313650093739,0.9178875985558035,0.3591647128711138,0.372330538868635,0.5290575083455313,0.8706307252245943,0.41725373460198234,0.571807367106354,0.5015174343507197,0.47255680924123483,0.38183844990680404,0.22213122442899558,0.2659670058711754,0.5611572875981823,0.7474087476285005,0.8891866814834399,0.0709194235395888,0.12291724137931034,0.1771448275862069,0.6999379310344828,-0.12519715016043986,0
NFLX,2025-09-22,0.6066344300544415,0.5995326262807841,0.6285892850942676,0.622470695537614,0.622470695537614,0.07862215545607533,0.6778792057466658,0.7600921520894541,0.916443402408893,0.3671871140240705,0.36916185010328456,0.5666119411668087,0.7603540374713187,0.4192305641039479,0.5760754222560531,0.49722560940367494,0.4706682788041968,0.14621305247440947,0.2216915272366603,0.18921936041282938,0.5622508509952713,0.7529562862744807,0.8958619535893249,0.06474169941281921,0.12291724137931034,0.1771448275862069,0.6999379310344828,-0.10381505399685176,0
NFLX,2025-09-23,0.6249957731714737,0.59245011684343,0.6085552584979683,0.5924061750498257,0.5924061750498257,0.07503213706193497,0.6761707466761973,0.7590651705075535,0.912903737895495,0.3647343519314248,0.3660858222534846,0.5677702085700417,0.7060389627203644,0.37054640650851234,0.4811111951752293,0.5378270330177531,0.37491196427359375,0.14280232214200606,0.21652214796546632,0.14175636173329442,0.5622865961554124,0.7530539542083892,0.8959688182774972,0.06465425098509864,0.12291724137931034,0.1771448275862069,0.6999379310344828,-0.04481952443405268,0
NFLX,2025-09-25,0.5430291143948871,0.5530828689555993,0.5496684142911703,0.5578488666689188,0.5578488666689188,0.037303075825403195,0.6531084527330826,0.7458179806921574,0.9048939036849797,0.3403364207630268,0.3534300741351636,0.523222958734207,0.7834338983525289,0.3203034695952812,0.37235420794346263,0.37788002023757383,0.550514282690291,0.08842613713588766,0.22647006267634573,0.14081986448270767,0.560709564250593,0.74392200238798,0.8848362938749803,0.07511676863814887,0.12291724137931034,0.1771448275862069,0.6999379310344828,-0.05643696257720854,0
NFLX,2025-09-26,0.5509079227673892,0.5428725507819521,0.5791465574112009,0.5658548120122964,0.5658548120122964,0.033329218986606304,0.6489416839865756,0.7422425765706304,0.899719545900445,0.33641271318586097,0.3472526766092292,0.5290028881749893,0.7720237199393143,0.33506866022389203,0.3976693973099372,0.34817860262587885,0.6161251063059663,0.0832257639141664,0.22206976305660875,0.06349023171082413,0.5560415843392654,0.7388335030313682,0.8810817263313053,0.07607542829464753,0.12291724137931034,0.1771448275862069,0.6999379310344828,-0.23706047400155228,0
NFLX,2025-09-29,0.5494877083826459,0.580586014740248,0.5358841706885182,0.5516670607708676,0.5516670607708676,0.11522980633468906,0.6416474123518663,0.7369370548825502,0.89948915835277,0.3295374206711238,0.340794076011704,0.5254878316964524,0.7332001692993884,0.3100893877669527,0.3528070364073255,0.35765631269375975,0.548344462568048,0.19168445343310103,0.1884186544317914,0.13543975591818702,0.5562299470743035,0.7383842305353907,0.8803621671239741,0.07693439327397916,0.12291724137931034,0.1771448275862069,0.6999379310344828,-0.26869144571673487,0
NFLX,2025-09-30,0.554255570959997,0.523099047276649,0.5027603208221936,0.5263655710569868,0.5263655710569868,0.17522149736129883,0.6287484673738852,0.7284488281709054,0.896692758259964,0.317217608010326,0.3329094573179285,0.5076625137887274,0.7135382725335984,0.2653656177447894,0.31917742484326633,0.33872783940444656,0.5270498963064749,0.26098921077639287,0.18919312665241916,0.1618481244317862,0.5578505044025022,0.7346752907452307,0.8743795388189932,0.08411502471138482,0.12291724137931034,0.1771448275862069,0.6999379310344828,-0.2926453600308042,0
NFLX,2025-10-01,0.4497007405403579,0.4175444903828871,0.4514079372244022,0.43171300206060215,0.43171300206060215,0.19628745435333006,0.5920047392527303,0.7070214432848143,0.8951313331135289,0.280739407473249,0.3185547082094744,0.4267854675230738,0.5890977727669394,0.11940115271588803,0.10711726508499095,0.23530472966856242,0.32391578990793624,0.2774184092842769,0.22553657499977164,0.21900489713442273,0.5701521996061416,0.7211775822791298,0.8484688552357995,0.11860345338451728,0.12291724137931034,0.1771448275862069,0.6999379310344828,-0.05938967136150297,0
NFLX,2025-10-02,0.40239407567713803,0.36070465576127964,0.34998784764417934,0.40343884065804136,0.40343884065804136,0.23958593615938778,0.5547163353139268,0.6834463735431342,0.8939712544724081,0.24492383364634926,0.29917002955152544,0.36391102468888276,0.7067795515913398,0.08144671132764192,0.28419999905983173,0.21088380011657976,0.36591853208794556,0.3198831270295286,0.1447861801232655,0.2795330379003964,0.5574668498276178,0.6979936564676921,0.8258162116076537,0.13431269909407845,0.12291724137931034,0.1771448275862069,0.6999379310344828,0.2388847023360965,1
NFLX,2025-10-03,0.4142291955499946,0.37749415782850937,0.38200062497829945,0.372327129007195,0.372327129007195,0.12307215259610262,0.5162000193935015,0.6575078321626728,0.8917373907592605,0.20921589608705185,0.27578515170577694,0.3139082775959459,0.7012084583581875,0.04081565810021626,0.1918678140646077,0.16556747170016956,0.2653346466306857,0.1747654220935555,0.14119780775710356,0.259819743753134,0.5567656964911283,0.6758962864209828,0.796864943801284,0.16424094721601096,0.12291724137931034,0.1771448275862069,0.6999379310344828,0.5528034839412079,1
NFLX,2025-10-06,0.39857302268961536,0.3616034513751578,0.38974341168709437,0.4060737087457351,0.4060737087457351,0.11036785270237319,0.4948081470877925,0.638815671309497,0.8903387836677199,0.1927345404469451,0.2534414790401444,0.3269234093053829,0.819634046290955,0.12226389186520292,0.292019662935649,0.23138416640792508,0.30025744667689985,0.15513321093136467,0.15518868918638773,0.19985986586433713,0.5403205613623765,0.6560086533789429,0.7810282506198352,0.17069368672289448,0.12291724137931034,0.1771448275862069,0.6999379310344828,0.5636802262706924,1
NFLX,2025-10-07,0.45747810502823505,0.4974653963688662,0.5008853859240996,0.4998142080194574,0.4998142080194574,0.13599471356620535,0.503864594883872,0.6354014958923848,0.8916787762594991,0.20883474204448327,0.23911822910028657,0.42717920915618063,0.9264235785662073,0.3180778770233178,0.5755929380216297,0.33510656442211645,0.43266096035004487,0.18056196365719057,0.19616275546790662,0.26902158771644835,0.48740785141355314,0.6383820330068781,0.7917664447316213,0.12617774094555584,0.12291724137931034,0.1771448275862069,0.6999379310344828,0.19613409029467377,1
NFLX,2025-10-08,0.5228079667264058,0.5550602193061303,0.5513697441061072,0.5781508630882,0.5781508630882,0.10154709471928615,0.5329793401263752,0.6436450877562736,0.8953837010986145,0.24582868732615787,0.23582045607099536,0.5649983795663773,0.8957692768302908,0.45079802134708336,0.8360754335934425,0.5644146573176158,0.571097243913923,0.1399426111611899,0.2314321366942318,0.25976809611314877,0.45599430240172545,0.6302121103354636,0.8011951374359705,0.09640818750053026,0.12291724137931034,0.1771448275862069,0.6999379310344828,0.02792871749927106,1
NFLX,2025-10-09,0.5807662394751967,0.627359338486428,0.6201867990694772,0.6349694287741103,0.6349694287741103,0.09949243010377186,0.5721334240924749,0.6593696658465573,0.8991993422150575,0.29255495751579025,0.24349000560398246,0.7020906168831711,0.8562966821456377,0.5346821790826298,0.9377613744402352,0.794268815945065,0.6171975570889893,0.14871208763765897,0.11677988074255996,0.24710405849393258,0.47382697491017556,0.6369438726800816,0.7986290111223986,0.1103833582661809,0.12291724137931034,0.1771448275862069,0.6999379310344828,-0.08363036654785294,0
NFLX,2025-10-10,0.6306428160822373,0.6615135718137695,0.6454636991771117,0.5978448130257066,0.5978448130257066,0.2090519641991625,0.5930924497305545,0.6682870830733041,0.9041392420005447,0.3192368304252473,0.25551163941474,0.7564919502298252,0.693969771570063,0.46634485877370413,0.761336512603906,0.860384930632138,0.5678307015387098,0.2785170933662765,0.10698498734967543,0.24925036658751631,0.48370400021473525,0.6446694062522118,0.802526398703729,0.11251267711037571,0.12291724137931034,0.1771448275862069,0.6999379310344828,-0.0948694767770365,0
NFLX,2025-10-13,0.6047746255029924,0.6044220744202771,0.6027915697371617,0.59429787521535,0.59429787521535,0.07214958560500466,0.6088694560816421,0.6758800374304919,0.9090587895291709,0.33960976961965783,0.26962319624947234,0.7826161224286119,0.7518755007766122,0.45974241454315934,0.7520275727166149,0.8304677826423215,0.5795932610604603,0.11539429886312615,0.09465178025939469,0.22875610568367177,0.4908430057280908,0.6487641343813104,0.8033617460266571,0.11613121795710968,0.12291724137931034,0.1771448275862069,0.6999379310344828,-0.20144375603933484,0
NFLX,2025-10-14,0.5824569708856044,0.5798669782491461,0.5899100725669251,0.5818667026990507,0.5818667026990507,0.06474376149633775,0.6180205962991758,0.6809820165807201,0.9126700939867218,0.35224129278857874,0.2836989429559184,0.7821684935221498,0.7364289230162042,0.4354851444967446,0.719401954825915,0.752741936875161,0.5940528273282809,0.10656558157162317,0.0956948328403392,0.19018247398971821,0.49599916805762057,0.6523876147293004,0.8048513774286272,0.11781000097229061,0.12291724137931034,0.1771448275862069,0.6999379310344828,-0.09283018867924542,0
NFLX,2025-10-15,0.576573225577385,0.5630774761819164,0.5847366410888513,0.5411275884200926,0.5411275884200926,0.03936526668493036,0.6139681915569444,0.6797189506548538,0.9171817822878374,0.35048646694370517,0.29457242751409374,0.7421400107371847,0.6867882664930065,0.35746379041434106,0.6124821309775904,0.6997566673205505,0.6562854570466743,0.08008917720938179,0.042587289309420906,0.1344450234687331,0.4826229831273805,0.6462320931947421,0.8053044028552567,0.10891073657547118,0.12291724137931034,0.1771448275862069,0.6999379310344828,0.22017604095137022,1
NFLX,2025-10-16,0.573665167551483,0.5526154952363833,0.4958161174959197,0.47458027902577404,0.47458027902577404,0.10013216084486605,0.5921479640110618,0.6689310565692992,0.9175977824180919,0.3300251855943675,0.29875747718445816,0.6585341445186186,0.6401093597859384,0.24353623873703456,0.4378286873779234,0.5879164080581682,0.613721820710242,0.15692427301618578,0.04062824593723591,0.2248784659248404,0.4799705089757538,0.6403256248916502,0.7991589182274788,0.11370190130688229,0.12291724137931034,0.1771448275862069,0.6999379310344828,0.4111324649441259,1
NFLX,2025-10-17,0.4771244040171778,0.5037569656660073,0.5060588174021734,0.5278519069013274,0.5278519069013274,0.1095023346408928,0.5895638555870759,0.6668404952202351,0.9191437398493116,0.3297525848297273,0.30204538146771115,0.6473197694859585,0.8525734617314379,0.34685996765378724,0.5776400988280134,0.537455749322122,0.7109324290390988,0.17791065523684013,0.03079375160123632,0.20524811451715896,0.4653096144537141,0.6335840957536423,0.7996623693290652,0.10391484307950682,0.12291724137931034,0.1771448275862069,0.6999379310344828,-0.531102009471394,0
NFLX,2025-10-20,0.5592263213065971,0.664245910479957,0.6031040588868444,0.6602709184879911,0.6602709184879911,0.18695491177736767,0.6244645641312481,0.68412142508173,0.9213352708681866,0.3681633823585586,0.31314908798997687,0.7450178000934645,0.9877634210736708,0.5527432802885776,0.9189808627450549,0.6465551103447227,0.8213519652498571,0.2686130407209243,0.15282958122799373,0.33879328503055905,0.47633419664509447,0.6363163562047216,0.7961737653411145,0.11455143231861947,0.12291724137931034,0.1771448275862069,0.6999379310344828,-0.6393635526450425,0
NFLX,2025-10-21,0.6774084468941259,0.667265863742585,0.6894205062324228,0.6696956389555115,0.6696956389555115,0.37676678578202194,0.655016271447213,0.7011965709648331,0.9232109348605668,0.40091514710441056,0.329257059393676,0.8075714329264403,0.7740986536267318,0.5654062267944894,0.9366213828416535,0.8241022213687238,0.7212017393525714,0.46942553908758566,0.14627445213114632,0.2651120591147271,0.49616752135847086,0.6419029620242656,0.7907909410457457,0.13271959175540238,0.12291724137931034,0.1771448275862069,0.6999379310344828,-0.7397730138713752,0
NFLX,2025-10-22,0.33949886720995526,0.34010426029120966,0.2753723829033716,0.24750869844272527,0.24750869844272527,1.0,0.5615938605011452,0.6555639106149513,0.9143446776813073,0.30418223447306675,0.32080425380194505,0.500560141025231,0.0,0.05629085520702859,0.026595938216539026,0.6279560074145397,0.1735649162094572,1.0000000000000002,0.9318761902014241,0.8982462188440143,0.5376628568548618,0.6205185678950853,0.7355200304729612,0.21742228743373154,0.12291724137931034,0.1771448275862069,0.6999379310344828,-0.29766616623447384,0
NFLX,2025-10-23,0.28539546207689437,0.23307567859068845,0.2309989236484844,0.2381177583353038,0.2381177583353038,0.4024689090859829,0.484234221874706,0.6127193575123941,0.9069486675377432,0.22634610951403555,0.29687143886683687,0.3070590287421248,0.7402151517005914,0.049094772666586906,0.09145149278398446,0.33339385712582603,0.10749239990103304,0.37415878098396665,0.9289310599641636,0.8551351448428366,0.5631442249768526,0.5974078930340792,0.6883006138188081,0.28409172523079407,0.12291724137931034,0.1771448275862069,0.6999379310344828,-0.15732728046531497,0
NFLX,2025-10-24,0.2316302032259152,0.18518784828330004,0.21252734280059737,0.17427287774887645,0.17427287774887645,0.3406257620322063,0.404522656104791,0.5645215694108634,0.8958876229785115,0.14847231613829862,0.26054630684239016,0.1521542681983044,0.6357481429885135,0.00033730656728703234,0.0,0.0,0.07475532340328062,0.2959707777923211,0.9352205559686655,0.7649925446319674,0.5906121458009164,0.5691037257875085,0.6328866000956528,0.36150514738085265,0.12291724137931034,0.1771448275862069,0.6999379310344828,0.11087420042644025,1
NFLX,2025-10-27,0.1966996922868831,0.14121876685241785,0.18784069997569564,0.17383373306759475,0.17383373306759475,0.24000740582410868,0.34063080554531666,0.5206417864905113,0.884132973505432,0.08977219137242226,0.2185370130542934,0.08110188061470525,0.7571773063506536,0.0,0.0432719373722774,0.0059358837859231,0.07772541232364749,0.20018298168119159,0.936371437182655,0.649217732850476,0.6062101198990035,0.5417933297684536,0.5864656142506806,0.4223807919041542,0.12291724137931034,0.1771448275862069,0.6999379310344828,-0.10804508356004827,0
NFLX,2025-10-28,0.1741453352720388,0.19406794894840873,0.2076664004722062,0.20065533898591337,0.20065533898591337,0.18956651844983458,0.29700523026482717,0.48463629502585714,0.8725248602817564,0.05463780956975067,0.17717896892438562,0.08924254322273362,0.8096564539538981,0.044989424543071754,0.09258653628985783,0.0063399067341080445,0.1189740046324601,0.1554348140598556,0.9437127678695882,0.5980246615892901,0.6111139095673845,0.5182504742999043,0.5519688300290357,0.46388709737140826,0.12291724137931034,0.1771448275862069,0.6999379310344828,0.2754208754208751,1
NFLX,2025-10-30,0.17549792040036483,0.15516807477979544,0.1906531023228366,0.15505185285275136,0.15505185285275136,0.19989252523549617,0.2198762787884947,0.4146118597572075,0.8531006663328897,0.0008352987947031765,0.10115590126592061,0.1413652185196161,0.6835711819937751,0.002908424648804253,0.008739296316641767,0.022383844058839628,0.17664814157259268,0.16837470027009993,0.924081556726905,0.4028414436124157,0.6346068559886824,0.48308513469628966,0.48999356423308216,0.5482995565324225,0.12291724137931034,0.1771448275862069,0.6999379310344828,0.08627450980392237,1
NFLX,2025-10-31,0.2126601968011359,0.2584217149020316,0.23881115239054207,0.2559200081072861,0.2559200081072861,0.40373331808014545,0.21583008852354713,0.39625076788097324,0.8459895877853887,0.012356954870042125,0.07394696569934889,0.26610731016754646,0.9512550077349162,0.1778070194484268,0.1941969693240665,0.058552454784682365,0.23371019831849732,0.3301017476921975,0.9692432283764627,0.5064878749836472,0.6361698109157485,0.4746710421901055,0.4777871411125503,0.5631770993519636,0.12291724137931034,0.1771448275862069,0.6999379310344828,-0.2692713833157332,0
NFLX,2025-11-03,0.3068339363608694,0.25346036311342823,0.14565466476858457,0.1925142722021418,0.1925142722021418,0.3282375643870175,0.19489187938636832,0.3703742837223327,0.8374774598755259,0.007058295597315856,0.0510109383682838,0.3195189378942388,0.6371732106269752,0.11199712331162359,0.14223017539966562,0.08084385448691628,0.03450820340238964,0.2542915396920465,0.9746546563842906,0.6808413374933835,0.6396479822224768,0.45923462523593006,0.454998643030752,0.5914119541582625,0.12291724137931034,0.1771448275862069,0.6999379310344828,-0.05386909984207777,0
NFLX,2025-11-04,0.1944002975687278,0.14955959014920017,0.18568799694455107,0.1684288754518124,0.1684288754518124,0.1783448886266411,0.17141728640391118,0.3433613381207259,0.8272923764516245,0.0,0.031105063631681362,0.35739604018855353,0.7115772475260315,0.08785313674815631,0.10104844454382876,0.11370163836762488,0.0,0.1294512481182023,0.9355962164127671,0.5894930777963832,0.6319077097741914,0.43528156444496435,0.42812690512557605,0.6176843649966282,0.12291724137931034,0.1771448275862069,0.6999379310344828,0.2146008824709169,1
NFLX,2025-11-05,0.14371216988469193,0.13607765594103904,0.13947432380820146,0.18700807350606352,0.18700807350606352,0.15441895890971818,0.15782444809086638,0.32149538834101676,0.8169021422785567,0.003967838326525641,0.016055664965138883,0.4181023033753358,0.793882028605678,0.1209992018089624,0.14162448526907667,0.09498826756607202,0.46142820886299896,0.10824266585426555,0.9092987352353847,0.5645522057148487,0.6029952969882117,0.40700913927691484,0.409189449949821,0.621984027398035,0.12291724137931034,0.1771448275862069,0.6999379310344828,0.39035404624277437,1
NFLX,2025-11-06,0.17610658370811194,0.14632392593924193,0.180306239366689,0.18214370165185967,0.18214370165185967,0.16189251921450099,0.1455921694504294,0.30091262784454553,0.8066055284870535,0.009757129249430174,0.00529325775563827,0.471689972276883,0.7486551881340839,0.11545757286505964,0.13339176420065665,0.0918422022994841,0.46661452082135113,0.11236699615793279,0.8898229436005121,0.48558182227532454,0.5533451364670503,0.3742781729259601,0.39772036381922415,0.6048010231487027,0.12291724137931034,0.1771448275862069,0.6999379310344828,0.7310830860534123,1
NFLX,2025-11-07,0.1747539985797859,0.1625741506381453,0.18853512030832276,0.2045738607573555,0.2045738607573555,0.21903929000424482,0.14206827226975083,0.2854501284847233,0.7962022688695951,0.02479195796418976,0.0,0.5400546921610926,0.8011319678775215,0.1591444947118641,0.17135375579392523,0.11686763874957644,0.5694874372555905,0.15800505814279447,0.8964013733938716,0.42571948183160746,0.5055568159227324,0.3458519207620059,0.39077627835507656,0.5832715619568389,0.12291724137931034,0.1771448275862069,0.6999379310344828,0.8890356671070017,1
NFLX,2025-11-10,0.2171575423528216,0.23440589609922702,0.24599840283323537,0.2600074316792216,0.2600074316792216,0.1648804380876115,0.1547247872445956,0.27942309234749985,0.7890236208293127,0.056432651964434755,0.0027452988983577287,0.6405371672808153,0.8634553045406695,0.26262436200719375,0.5536236938697631,0.2635202860246521,0.6368632281779903,0.11160853690004573,0.9164365379819979,0.39406097217296576,0.4522157396739912,0.32168887391314005,0.39309344791971945,0.5471660212114771,0.12291724137931034,0.1771448275862069,0.6999379310344828,0.4438092763414325,1
NFLX,2025-11-11,0.2539478578433032,0.2740248067589435,0.2763792923856814,0.31530588116069325,0.31530588116069325,0.09742271300023182,0.18028790949969054,0.2819541771508609,0.782700581667501,0.10068402964626533,0.01470334718873817,0.7556971271360443,0.8616704243632366,0.3568100387292329,0.9577060364292036,0.5569380103438983,0.6702050519455343,0.05731628356297848,0.9347462036361447,0.3764398434628098,0.39993252703260485,0.3024214322514158,0.4012414495097887,0.5045883497321031,0.12291724137931034,0.1771448275862069,0.6999379310344828,-0.2600171416327415,0
NFLX,2025-11-12,0.3235045480674934,0.3643357900413444,0.3300579840977744,0.3864473195284259,0.3864473195284259,0.18213058936511617,0.22059927415753222,0.29456029420731955,0.7771094096624367,0.15888777647244737,0.037109473517999425,0.8862987745187101,0.8891903231198724,0.46510565137717197,0.9246735887007687,0.8250850005185348,0.7642600293304693,0.11977553911828841,0.9557153893365706,0.42058626483418315,0.36486565822681705,0.29124089551728627,0.40902486252916104,0.47315526351977905,0.12291724137931034,0.1771448275862069,0.6999379310344828,-0.47727272727272685,0
NFLX,2025-11-13,0.3922496872146888,0.37508538558331894,0.390576716086247,0.37540114177617134,0.37540114177617134,0.18907731258899785,0.2497645560731785,0.3044203161991996,0.768703927578529,0.20361840840304182,0.06490190675578045,0.9536279572586857,0.7378169172250163,0.44626919525174047,0.8603253287603821,0.9342565856608178,0.8000090172750276,0.12239307965420108,0.9438106599672791,0.37112921640109997,0.344852531713955,0.284072069168432,0.4124184611839916,0.45638264914595833,0.12291724137931034,0.1771448275862069,0.6999379310344828,-0.11994960856654402,0
NFLX,2025-11-14,0.33892401853041587,0.28664389717778205,0.25697024408874736,0.23332094720129692,0.23332094720129692,0.24524567165706818,0.23343163156441538,0.2928030701594997,0.7579864291151246,0.19943222214271294,0.086212384889852,0.8726031016197215,0.49286388898530753,0.2367514039122045,0.41187367438341077,0.7399655307476369,0.5062966088544636,0.16055075144771375,0.9943996779331628,0.4841816084898185,0.2937839798968591,0.26278290127481174,0.4170912637341133,0.41803340416154605,0.12291724137931034,0.1771448275862069,0.6999379310344828,-0.1761980599391908,0
NFLX,2025-11-17,0.2197950833530582,0.19953262628078372,0.2163119336134165,0.20200655338985918,0.20200655338985918,0.08324853765078831,0.21162311552177293,0.2777059182518089,0.7464377444814856,0.18896501882533884,0.10095171292924154,0.7904633028576367,0.6982364024604092,0.1978550821870947,0.3130351856512546,0.5222505713258397,0.5443430580556703,0.040705052397691885,0.9218548809169893,0.438700886578423,0.17097853581052824,0.22965882148987582,0.45237376639175464,0.29667117317746367,0.12291724137931034,0.1771448275862069,0.6999379310344828,-0.7725752508361199,0
NFLX,2025-11-18,0.20424035437730392,0.32176882976811116,0.2041595777924381,0.3303719217646859,0.3303719217646859,0.2138883286018346,0.23001262464601968,0.2825754879339373,0.736477349973339,0.2198220511231242,0.11955020548446085,0.838703107481271,0.9999999999999999,0.3933477538617681,0.7181983541325879,0.4716599472584884,0.7285119464544417,0.14582357769477822,1.0,0.6313635781529454,0.0025728300879332977,0.2051319615872016,0.5285643357841381,0.0961595788577525,0.12291724137931034,0.1771448275862069,0.6999379310344828,-1.0,0
NFLX,2025-11-19,0.2958779968214249,0.2531008448678773,0.18367417797993157,0.19221024896125405,0.19221024896125405,0.12679086976286313,0.20615303278497077,0.2669890811132989,0.7244524225291338,0.20571350441532715,0.131316668390797,0.7533022975149873,0.49724378591540974,0.22706337893845796,0.2821148385829417,0.4254718081062256,0.5392053039023239,0.10295651472846028,0.38484310194153126,0.7745606407458956,0.0,0.2011349013920123,0.5249081807416838,0.09855270386509823,0.12291724137931034,0.1771448275862069,0.6999379310344828,-0.5325131810193333,0
NFLX,2025-11-20,0.22824874040509924,0.17256875786446146,0.07187250442692994,0.04594128973414868,0.04594128973414868,0.1648014125254763,0.14623081348568423,0.23163195812891857,0.712501577299907,0.15419438119491055,0.129364772227163,0.5818219269379551,0.47115584058851845,0.09031266727608889,0.022910490383289583,0.3222008461414438,0.369089873591868,0.14582951443553294,0.5013448434073948,0.9219362222085872,0.01872438971724133,0.1872440794919319,0.49432389296513124,0.14619789234762948,0.12291724137931034,0.1771448275862069,0.6999379310344828,-0.9338235294117567,0
NFLX,2025-11-21,0.029756872823182956,0.008268919647672401,0.017013298149370026,0.0,0.0,0.19727113444581257,0.08546740702957756,0.19283433368404523,0.7006695892507517,0.10293329320301653,0.11649511111805186,0.4453491630181352,0.6654929262704552,0.05280757205685371,0.03694184935382952,0.07970506504881056,0.2883130497628753,0.18224928131899115,0.49352411639548954,0.8714955301381258,0.04534597769898063,0.17464735771613338,0.46035827063543167,0.20334474014373827,0.12291724137931034,0.1771448275862069,0.6999379310344828,inf,1
NFLX,2025-11-24,0.0,0.06255617472586783,0.0,0.08985575786237865,0.08985575786237865,0.3604822516113689,0.06194210723554594,0.17057974327109005,0.6898780085723697,0.09168562497351246,0.1037181579924489,0.4465080187738675,0.9379022023646483,0.1809323433224993,0.2707998740725393,0.07567746144027472,0.3324582957269389,0.32688024015788464,0.5468057166084164,0.9499349662399914,0.04962255580318509,0.16857729562374413,0.4495173768833136,0.2187873600456287,0.12291724137931034,0.1771448275862069,0.6999379310344828,0.22932330827068004,1
NFLX,2025-11-25,0.0632333547492645,0.0,0.017360508315683365,0.003040232408877852,0.003040232408877852,0.1512850309027579,0.018885197023218225,0.13777271038511518,0.6771366816866315,0.06088144026674214,0.08670122349339981,0.3935079789403972,0.5843097806035097,0.10487077613924423,0.0788461381682509,0.09558796285257558,0.17030000429863335,0.13581481734638462,0.5764377531974787,0.9244289665246841,0.06474240231042927,0.15429336028968343,0.4207393257871921,0.2624908529409952,0.12291724137931034,0.1771448275862069,0.6999379310344828,52.55555555554895,1
NFLX,2025-11-26,0.0503837960301623,0.023368685960812652,0.06596993159959741,0.06181805898050863,0.06181805898050863,0.09730981934003873,0.0008489320658684463,0.1164623457258509,0.6635332332002291,0.05716314127642258,0.0722674228966656,0.4257973188359168,0.8760992725031038,0.1852289345002559,0.20880703329411146,0.15676401288642067,0.16280085100207786,0.08726025478870135,0.6009889210041066,0.8631616574531384,0.06728833198047557,0.14476829503529487,0.4064193396271505,0.28097230077967705,0.12291724137931034,0.1771448275862069,0.6999379310344828,1.7540983606557359,1
NFLX,2025-11-28,0.07405403577587633,0.05896099227035778,0.1013853685635917,0.11046177752254849,0.11046177752254849,0.0,0.0,0.10413553027569922,0.6527888697577664,0.07178095730804979,0.0639450578550052,0.5021906562895045,0.8542870727034861,0.24918179155144515,0.3163608775362032,0.17298162115112758,0.23000556417276724,0.0,0.6099532621306203,0.7592916266453966,0.06747839539696443,0.14154525321632772,0.402007701932936,0.28627889583134825,0.12291724137931034,0.1771448275862069,0.6999379310344828,-1.1070336391437336,0
NFLX,2025-12-01,0.076421059750448,0.10929354664749269,0.10381583972778774,0.16282133567543822,0.16282133567543822,0.07414705076602111,0.01393830146189945,0.10051383244181711,0.6417441070040262,0.10167146853011771,0.06388098237338208,0.6054198068653623,0.8602109741653419,0.3156870086629652,0.43213064043567684,0.2987345508102482,0.4492922005961502,0.08201462363551794,0.5717244740859202,0.7398863750339513,0.05780183358496238,0.13481593257005908,0.3993064035176497,0.28292910297980123,0.12291724137931034,0.1771448275862069,0.6999379310344828,-1.2261410788381737,0
NFLX,2025-12-02,0.16772055591248725,0.12331475822398019,0.14582826985174124,0.1702530148971384,0.1702530148971384,0.08084239743987286,0.027163677060586977,0.09829788926335148,0.630845880499689,0.13020901929652762,0.07012507683132074,0.6842723367766754,0.7724116396826085,0.3252105871346914,0.4485624777504407,0.3840763910228861,0.49495582120685494,0.09790442485233768,0.5537683097562849,0.6705035519690186,0.05624307498643066,0.13320685335892257,0.39817255262795737,0.2832102860398924,0.12291724137931034,0.1771448275862069,0.6999379310344828,-1.8075396825396848,0
NFLX,2025-12-03,0.07912623000710095,0.020492539996405323,-0.04479011145446288,-0.011823126034523845,-0.011823126034523845,0.29030077881573046,-0.013087015975084881,0.06990891521886144,0.616284247760233,0.10261907086020156,0.06903403767028005,0.5925826948304987,0.3969498907826531,0.1407761632189618,0.12968528759061887,0.3176285220084338,0.13709457905584305,0.3126774956451319,0.7140851504613652,0.9261599460147303,0.06670201424375488,0.12017795097558182,0.3740765295323185,0.31869184645821474,0.12291724137931034,0.1771448275862069,0.6999379310344828,20.485714285713673,1
NFLX,2025-12-04,-0.02299394718155101,-0.08987956138774011,-0.053817575778618565,-0.036820592507516015,-0.036820592507516015,0.2766459143031752,-0.052266222574460564,0.04047977084039189,0.6023022472962021,0.07674361285087339,0.062453106468639163,0.5239586912781509,0.7069970092401904,0.11902340050440485,0.10594321086719403,0.20152089593667194,0.2581546179704766,0.2895699314256883,0.7114009435948441,0.8422190956637827,0.07578641485830051,0.10399925772370278,0.3466774250685414,0.3573615141278142,0.12291724137931034,0.1771448275862069,0.6999379310344828,5.972477064220208,1
NFLX,2025-12-05,-0.18496601629865062,-0.05428725507819454,-0.19374327280302728,-0.13748606560145937,-0.13748606560145937,0.8906707689714033,-0.11171280875815004,-0.0008558058919350131,0.5855450130865005,0.03064841623190695,0.047019807742483266,0.4133035279422621,0.548760648228032,0.03647257307792118,0.14121605553112976,0.09211979635186555,0.30385319275550143,0.8000592501777131,0.7515323883334761,1.0686976688158563,0.09927305678043474,0.08089590795773915,0.30075679550456336,0.4282260748851651,0.12291724137931034,0.1771448275862069,0.6999379310344828,1.8501228501228484,1
NFLX,2025-12-08,-0.1481080715517531,-0.23045119539816605,-0.27846255338356274,-0.25402830794176223,-0.25402830794176223,0.6463892091723842,-0.19180568579887503,-0.05531522756850382,0.5657862280348258,-0.03534940560201821,0.02011411599889662,0.26989787745591204,0.5078416966411143,-0.04560972763795956,0.07300334521574643,0.07194364861070586,0.211535539273633,0.535552173851302,0.7960703933285525,1.1468317322448573,0.1364272269789213,0.04774741118932724,0.23263707807681344,0.5360252606398386,0.0682,0.0123,0.9196,0.35904255319149025,1
NFLX,2025-12-09,-0.24414161566293568,-0.32572353046917124,-0.27325440088885733,-0.25673073674965385,-0.25673073674965385,0.2763937851287439,-0.25663443631478966,-0.10521525069185333,0.5463042336764721,-0.08330394454829654,-0.011989160198141113,0.20492773754068994,0.7521190612907571,-0.04742409303946282,0.0764825917643294,0.061457031909494614,0.10532756130322124,0.2161933371713381,0.7699686551298373,1.0220731671297276,0.14664200016278173,0.010396751564519136,0.17633453947776978,0.6126466718914128,0.0795,0.4897,0.4308,0.1999999999999993,1
NFLX,2025-12-10,-0.2539478578433032,-0.33543052309904686,-0.38088955244609535,-0.3918521771442083,-0.3918521771442083,0.4448589732396868,-0.34621988089421674,-0.17015180621837622,0.5241756318358135,-0.15482680319582637,-0.053449651452856295,0.08796194757445464,0.456289703622897,-0.1320911128801694,0.017415684490936764,0.017389830401159802,0.03373246719926892,0.33454724057796265,0.8047185559624679,1.0834931966523995,0.15911030873971566,-0.04071776164629082,0.10026052644335692,0.7170517210954268,0.1966,0.0149,0.78845,-0.09137931034482738,0
NFLX,2025-12-11,-0.34998140195448535,-0.412726945892504,-0.36665393562723425,-0.3452352802080867,-0.3452352802080867,0.21771467105797915,-0.40487399332024854,-0.22243238865634218,0.5054515555229919,-0.1915018566995293,-0.09470852417545139,0.09048219219167286,0.863570850511341,-0.058553978890268366,0.09847796363588607,0.026457615366875048,0.02679464291937339,0.15268107758159494,0.7932642467513196,0.9833031681063558,0.1177580668502829,-0.09360494785753115,0.05660779274375516,0.7459794338283856,0.0367,0.0281,0.9352,-0.046966731898237746,0
NFLX,2025-12-12,-0.2958779968214249,-0.33722811432680144,-0.30103121419395107,-0.30807688409958445,-0.30807688409958445,0.2581614590075594,-0.44142361111523254,-0.26457764388371885,0.488304372071819,-0.203188784107403,-0.1302937467224316,0.16140318424885292,0.8410530103592796,-0.0006623201780910914,0.16188424496584258,0.05685665075873329,0.019479261791035096,0.1819222115052609,0.8179089479867163,0.9353693699452545,0.05530683981315132,-0.14300783052660115,0.031226195989226824,0.7375038168951993,0.12291724137931034,0.1771448275862069,0.6999379310344828,0.0438596491228056,1
NFLX,2025-12-15,-0.27829439015318025,-0.3570016178321045,-0.33991875282108186,-0.3560449954396514,-0.3560449954396514,0.18811771647735653,-0.48405477303039657,-0.3098398911125324,0.4707509575736859,-0.2197550475106877,-0.16241642571575177,0.20468520133940143,0.6506625750774407,-0.035713488493183565,0.08003249997626183,0.0791453386085152,-0.09456444536135311,0.12887582180524204,0.7731372218813173,0.8914858006179265,0.02817474133971487,-0.1856081415989692,-0.007927469319368718,0.770826688332019,0.12291724137931034,0.1771448275862069,0.6999379310344828,-0.02182163187855779,0
NFLX,2025-12-17,-0.2796469752815067,-0.32248786625921255,-0.30762820735391117,-0.32158902813903945,-0.32158902813903945,0.26681438174915934,-0.5297888318590545,-0.3798444067057023,0.43324011999690715,-0.20838151508164465,-0.2059060101789063,0.37979401855404704,0.7746239343296318,0.021207022847888557,0.13882741539131332,0.08078677141920401,0.13969182301781485,0.18639975027146044,0.68557546401371,0.7432353046198368,-0.0942021114268421,-0.2711164177355192,-0.042628159262277254,0.7340380059826748,0.12291724137931034,0.1771448275862069,0.6999379310344828,0.16386554621848792,1
NFLX,2025-12-18,-0.3121090183613431,-0.37713463958295845,-0.33783549182320005,-0.34827551261696454,-0.34827551261696454,0.16725647332247545,-0.55257790908587,-0.41350241567119017,0.41091369421955193,-0.20181951882453447,-0.21894967698833157,0.4431740805742229,0.698242483663445,-0.0021663897531301046,0.09329017698161668,0.08550589074993457,0.13471279692842675,0.10779670685478145,0.6342135600874124,0.6742396584067487,-0.14712508576338923,-0.31018359129876316,-0.06041369358015869,0.7214793779355775,0.12291724137931034,0.1771448275862069,0.6999379310344828,0.04849660523763255,1
NFLX,2025-12-19,-0.36114022926317935,-0.3868416322128341,-0.34269643415159123,-0.33510117217849533,-0.33510117217849533,0.4814432927618606,-0.5671312325610689,-0.4421922480710041,0.3875354638075814,-0.18644185108363082,-0.22599231248140483,0.5181873579438951,0.787601405579218,0.022684020574811448,0.11577058581678323,0.0818126669258848,0.2727622740482671,0.332061331451099,0.5654764550183153,0.602029253233721,-0.17187938109315226,-0.33772594866085015,-0.08106674232937738,0.7322574742921275,0.12291724137931034,0.1771448275862069,0.6999379310344828,0.07560483870967705,1
NFLX,2025-12-22,-0.3225915531058736,-0.41668164659356455,-0.36144578313252973,-0.37428638989291585,-0.37428638989291585,0.18411601253571203,-0.5897134001495692,-0.4739500543500963,0.3641075738888686,-0.17945743278778198,-0.23008566526211527,0.5550535815113682,0.6696947438724286,-0.014487428031415561,0.058897072866276774,0.05336116487394457,0.36897153195553656,0.1118461244632548,0.5648903583998586,0.5168115370130804,-0.18956498514869402,-0.36477996635339593,-0.10563792813831796,0.7534507446251908,0.12291724137931034,0.1771448275862069,0.6999379310344828,-0.1119133574007215,0
NFLX,2025-12-23,-0.36688871605856654,-0.44903828869315054,-0.4163049894100892,-0.3651656926662836,-0.3651656926662836,0.0818448931423875,-0.605232869239118,-0.5014996167065284,0.34098496782308185,-0.16517460391185018,-0.23020956987877972,0.6046719388298434,0.7786831847849756,0.004345843154415108,0.1596924757652028,0.07699730955208077,0.38497116731685627,0.04123725031068938,0.4992742945508575,0.4802750558650799,-0.2351306834654805,-0.3976696430969513,-0.1199576830546274,0.7412082010491443,0.12291724137931034,0.1771448275862069,0.6999379310344828,-0.060129509713228724,0
NFLX,2025-12-26,-0.3641835458019136,-0.4174006830846664,-0.34894621714523755,-0.33239874337060415,-0.33239874337060415,0.0530351836855114,-0.6173769835809768,-0.5439437049154838,0.2972243592091921,-0.11815529085942383,-0.21673842244447694,0.7246441721168352,0.821062924222761,0.07715708174335845,0.36567052476960404,0.20553769513959202,0.5509608980538795,0.022819638915118304,0.4567626842541972,0.26294629772627687,-0.3186757120728929,-0.452436937035924,-0.13884623696812026,0.7080924610913562,0.12291724137931034,0.1771448275862069,0.6999379310344828,0.07215447154471555,1
NFLX,2025-12-29,-0.3469380854157511,-0.4073341722092394,-0.33644665115794536,-0.3432084586021684,-0.3432084586021684,0.0712893359143333,-0.6212338388071572,-0.5619496121815875,0.27751604775453487,-0.09351077278658837,-0.2037228069415412,0.7689167853031862,0.7337879819167603,0.06348976177946875,0.4690358001429421,0.315649599458411,0.4842443468745149,0.03588566139956563,0.4267506826675347,0.17313503164626232,-0.3961883550067222,-0.48522894584557097,-0.1323911480194777,0.6433083533009658,0.12291724137931034,0.1771448275862069,0.6999379310344828,0.31102362204724576,1
NFLX,2025-12-30,-0.36283096067358755,-0.4425669602732336,-0.3465157459810415,-0.3557071918386647,-0.3557071918386647,0.06322346020573742,-0.6278086490735193,-0.580129111865241,0.2562227025354833,-0.07261624033403152,-0.18870100180772964,0.7939942847034924,0.7298979402001863,0.04713384892650119,0.40725694670045337,0.4000620144393575,0.5334302418554333,0.029752842537611193,0.3902582220770412,0.05654039227762997,-0.5127546082089944,-0.5227090154828078,-0.10693695708601147,0.5224228129491064,0.12291724137931034,0.1771448275862069,0.6999379310344828,0.2203228869895546,1
NFLX,2025-12-31,-0.3601257904169346,-0.4310623764156025,-0.35137668830943314,-0.35638279904063763,-0.35638279904063763,0.06377438126747971,-0.6332571095074435,-0.5967537942501782,0.23172184163501797,-0.051482551796639964,-0.17202148737872658,0.81471575749762,0.7565020817735989,0.046203463728098915,0.40391754921707634,0.41367618473028306,0.4947681256956595,0.03051154330259491,0.3871098608199528,-0.03293447532529159,-0.6703528687158293,-0.5607750927234934,-0.05574668591933074,0.33303016059597496,0.12291724137931034,0.1771448275862069,0.6999379310344828,0.29478672985781973,1
NFLX,2026-01-05,-0.45074899401481083,-0.4914614416681644,-0.4333182875594592,-0.43407762726750665,-0.43407762726750665,0.18184684996583084,-0.6836915319964927,-0.6491829942913672,0.18831292001970112,-0.052375599781310345,-0.149215493208805,0.7403684325647628,0.7948286644851613,-0.027861061977948243,0.09805537297113645,0.14585695692506329,0.4124828578584139,0.12982346778433923,0.27968235830788357,-0.022029895969846613,-0.8548671795876164,-0.6211582928621819,-0.01685940817292364,0.1355251706745394,0.12291724137931034,0.1771448275862069,0.6999379310344828,0.07237354085603043,1
NFLX,2026-01-06,-0.42978392452574976,-0.5270537479777095,-0.4715114058539629,-0.46143971894740377,-0.46143971894740377,0.21306345225802376,-0.7072926161854278,-0.6747479793063436,0.1714539245256912,-0.05174312381162183,-0.1404905624226136,0.7152829504178495,0.6944805063658074,-0.06078125779515464,0.11829347079196835,0.04418800622777269,0.3562999190662137,0.1828821796345731,0.22708433641898784,-0.056408097596152285,-0.9174289945815062,-0.6445741800166518,-0.007589351563649149,0.07262474705853594,0.12291724137931034,0.1771448275862069,0.6999379310344828,0.08711566617862387,1
NFLX,2026-01-07,-0.4291076319615863,-0.49901132482473454,-0.4604006805319254,-0.4587372901395126,-0.4587372901395126,0.16184510387721984,-0.7254190346532416,-0.6975974168116696,0.15619868687238725,-0.04574633802955341,-0.1321877329138047,0.7100066573060124,0.7643269413957556,-0.05286610658190116,0.12885283042320206,0.08085639585596517,0.4134007277322622,0.15705075616778058,0.13087113713480825,-0.05951695242495969,-0.9342539555607443,-0.6593708720037297,-0.016406215270325042,0.070783247910781,0.12291724137931034,0.1771448275862069,0.6999379310344828,0.09720176730486085,1
NFLX,2026-01-09,-0.4808440131200755,-0.5842171490203123,-0.5208152494705041,-0.5016383474647839,-0.5016383474647839,0.3052486520496973,-0.7650068510364862,-0.7443575377228662,0.12386627753151558,-0.03842344836963202,-0.11731046356587321,0.6887560508675517,0.6730941470885266,-0.10859049266597054,0.15636274104141543,0.11323395492419548,0.3339356365571511,0.3119100612022147,-0.05505663503454716,-0.11461358480442252,-0.941709659266114,-0.6823960874225659,-0.04222718968006589,0.09958559400594397,0.12291724137931034,0.1771448275862069,0.6999379310344828,0.06127946127946138,1
NFLX,2026-01-12,-0.49234098671085125,-0.5737911198993344,-0.4857470226728231,-0.5033273654697159,-0.5033273654697159,0.16007568390979343,-0.7840388291090976,-0.7673378899407108,0.10707078107891377,-0.03440216599948953,-0.11114114094927502,0.6833376839514804,0.7540320930114093,-0.11076423514253042,0.16238872146254874,0.12517117979497278,0.2941535401370832,0.16862486098196539,-0.09741546790063949,-0.19812702940984783,-0.9375207067913855,-0.6938232356898153,-0.06013998665794862,0.12737388852718412,0.12291724137931034,0.1771448275862069,0.6999379310344828,0.09127516778523503,1
NFLX,2026-01-13,-0.5007946437628918,-0.5446701420097062,-0.4947744869969788,-0.4725872377799547,-0.4725872377799547,0.22728880606675478,-0.7906825555192629,-0.7837762849024319,0.09194498377925076,-0.017848826022287045,-0.1025540327949866,0.7135601586559435,0.8303613885041029,-0.0046806181878285,0.29947977604331805,0.1780422825325227,0.3515877147148594,0.23883705456974963,-0.10367770632784079,-0.20865191441824016,-0.9504753197219493,-0.7057143066431273,-0.06759153089989889,0.12698642585238162,0.12291724137931034,0.1771448275862069,0.6999379310344828,0.1658327376697637,1
NFLX,2026-01-14,-0.43992831298819857,-0.529210857451015,-0.5336620256241096,-0.5323784751545451,-0.5323784751545451,0.26128183977529645,-0.8126897181911588,-0.8073812877498634,0.0729473731342063,-0.01781695342160855,-0.09567731520807421,0.6921801665716749,0.6166488179695663,-0.09044883258976377,0.08380633148354516,0.1522155592857088,0.28431452857264683,0.268680777020853,-0.08226609709710464,-0.12133517518923842,-0.9459337042244638,-0.7184599720181364,-0.08748674204590712,0.15800497568545963,0.12291724137931034,0.1771448275862069,0.6999379310344828,0.0818527918781724,1
NFLX,2026-01-15,-0.5149967876103201,-0.5899694409491278,-0.5381757577861874,-0.5492686552038646,-0.5492686552038646,0.16500161061621876,-0.8350107538495122,-0.8312869935152358,0.05507076479710804,-0.01833697781689181,-0.09029065799431957,0.6735543160841656,0.7175765644013223,-0.11246146285136716,0.03040710832277438,0.10523621429055295,0.261436867930069,0.1705536906093436,-0.10235949244841502,-0.13797157874993937,-0.9489291021595738,-0.734379845245158,-0.10673518695765827,0.1821559096324028,0.12291724137931034,0.1771448275862069,0.6999379310344828,0.1654366543665433,1
NFLX,2026-01-16,-0.5379907347918707,-0.63958295883516,-0.5395645984514421,-0.5509576732087962,-0.5509576732087962,0.24918566039780715,-0.8533391129282784,-0.8532641145287085,0.03773389831198326,-0.014892382506716484,-0.08522145798090436,0.6695860806648343,0.7539681233652785,-0.11473666586300835,0.0288344731929299,0.00889901434694148,0.3864480754628138,0.256314017295732,-0.10645127097034512,-0.2373554062398202,-0.9592626607900065,-0.750958977026059,-0.1221187943388955,0.19509323767290448,0.12291724137931034,0.1771448275862069,0.6999379310344828,0.2734518700183932,1
NFLX,2026-01-20,-0.5166875190207283,-0.5896099227035765,-0.5659525710912812,-0.5759551396817888,-0.5759551396817888,0.7127962705955667,-0.8749804523621298,-0.8768643016062541,0.019346855372792682,-0.015113865177710295,-0.08121495682344049,0.6563022766252358,0.6977030895620946,-0.14873799552595512,0.031162458526215422,-0.009839767599331202,0.328216962537503,0.6513140508703145,-0.1063400802698995,-0.1949673756934398,-0.9634284690679529,-0.7674160238895755,-0.14132569445161902,0.21853663374046406,0.12291724137931034,0.1771448275862069,0.6999379310344828,0.06686217008797657,1
NFLX,2026-01-22,-0.6502553004429714,-0.7621786805680384,-0.7062254782820032,-0.7016180792487243,-0.7016180792487243,0.40710733327111637,-0.9555603830052473,-0.9444780325324285,-0.02230851579131654,-0.054106755631883496,-0.0865905407260541,0.538697368062475,0.6040731091024385,-0.2839495224995962,0.13038804879581586,0.1136373839109293,0.17964313233137558,0.32856582676612317,-0.03918727045904302,-0.00787466437517459,-0.9482915454571392,-0.8131246169585706,-0.21193071931916752,0.3311051968079202,0.12291724137931034,0.1771448275862069,0.6999379310344828,-0.09821858449687015,0
NFLX,2026-01-23,-0.7040205592939501,-0.7190364911019231,-0.6958091732925933,-0.6144647501942369,-0.6144647501942369,0.3725400471443925,-0.9675083650112128,-0.9653643212163727,-0.043382870726534684,-0.04344331878580143,-0.08855967184009039,0.5816064889495774,0.9752968077794493,-0.003908738722162131,0.3904819359778781,0.24153848538332523,0.31577167139404577,0.2828686196441204,0.10853180836193876,0.026891290121155098,-0.9620274599309848,-0.8311443507646166,-0.22703261293730792,0.3416517972746846,0.12291724137931034,0.1771448275862069,0.6999379310344828,0.08136338647608587,1
NFLX,2026-01-26,-0.5860075068474622,-0.6960273233866614,-0.6239366688656638,-0.6286525014356652,-0.6286525014356652,0.1950825026868691,-0.9810276072534894,-0.9864070106884677,-0.06613180935633967,-0.03456109322566919,-0.08817556675404425,0.6110220927828957,0.7231032028758443,-0.022878687619817373,0.35822446839947514,0.27089751187023464,0.34556800920262815,0.13241183887931723,0.10480658697054113,-0.03039925128758192,-0.9800893954297063,-0.8505314356453759,-0.24115842520825925,0.3473247059738653,0.12291724137931034,0.1771448275862069,0.6999379310344828,0.13648576034390114,1
NFLX,2026-01-27,-0.6414634971088491,-0.7442027682904904,-0.6749765633137734,-0.6327061446475017,-0.6327061446475017,0.17136655517790533,-0.9929746743723102,-1.0061239153346229,-0.0906929129371159,-0.02424823122848191,-0.08559327575651016,0.638499558037782,0.7480163750942954,-0.028507549963088685,0.3467641910494653,0.3479174027007075,0.3419726840976072,0.11030540606684515,0.08504130711202373,-0.06919073068359927,-1.0119640400129626,-0.8722381339564533,-0.24944478102186407,0.3331571293515188,0.12291724137931034,0.1771448275862069,0.6999379310344828,0.11158569140416486,1
NFLX,2026-01-28,-0.6296283772359921,-0.7129246809275567,-0.660393736328599,-0.6644596831402221,-0.6644596831402221,0.17115431509674234,-1.0113971024465416,-1.0286480051671436,-0.11575305385614199,-0.02093357010946778,-0.08279623206725817,0.6411839804946049,0.6791305608795806,-0.07248265228553386,0.2795206673168459,0.3084203273315337,0.25257649010628536,0.10725384769759834,0.08875466259183928,-0.08328787634348167,-1.0435448850096147,-0.8954586852431063,-0.2599354401745062,0.3223132555331835,0.12291724137931034,0.1771448275862069,0.6999379310344828,0.09557702084392483,1
NFLX,2026-01-29,-0.6742636864707672,-0.7880639942477075,-0.7280997187597649,-0.7144546160862073,-0.7144546160862073,0.20513906993686987,-1.0400923492476029,-1.0563664227818501,-0.13859398468696238,-0.028408913541682235,-0.08220765031828642,0.6135780642189821,0.6320143975678576,-0.1351036636737477,0.12587377792620158,0.22571423677900798,0.26157331948088997,0.12866204814641202,0.10487010467102831,-0.08886144973190557,-1.0710130972972998,-0.9213895216957093,-0.2766902837831635,0.32399682908224453,0.12291724137931034,0.1771448275862069,0.6999379310344828,0.15224586288416075,1
NFLX,2026-01-30,-0.7151793866026441,-0.7995685781053381,-0.7131696816082767,-0.7033070972536568,-0.7033070972536568,0.23130706774522763,-1.0599364450447002,-1.0799502201530782,-0.16041160404277255,-0.026590829603487354,-0.0813357174407045,0.6171199715483995,0.786315957145358,-0.09759052199291307,0.16013288164168282,0.15928212958631605,0.3020592856635014,0.14274404651159545,0.11220989349945076,-0.15730190764135443,-1.1102147117990881,-0.9464657637266161,-0.2847255366370489,0.30293476241468315,0.12291724137931034,0.1771448275862069,0.6999379310344828,0.1599423631123913,1
NFLX,2026-02-02,-0.7006390964731342,-0.7560668703936719,-0.7152529426061589,-0.7279667601256627,-0.7279667601256627,0.19887121392294932,-1.0826960677427997,-1.1049620898559551,-0.18591705234193467,-0.027855749099926275,-0.08091721110052608,0.6114521106718294,0.6952931964420377,-0.12936563304642046,0.08434759160440684,0.08980954897806222,0.2674767473468102,0.1189688539509502,0.041626980186975415,-0.1413027257010402,-1.1223299300929828,-0.9665609411282094,-0.30363649929067993,0.3207189932864017,0.12291724137931034,0.1771448275862069,0.6999379310344828,0.08770301624129906,1
NFLX,2026-02-03,-0.7445981131437458,-0.8574510156390431,-0.822888094163396,-0.8232273756038238,-0.8232273756038238,0.26166793609315686,-1.1274980890387996,-1.1414990464120782,-0.2103886059925184,-0.05191589230104421,-0.08589004929006167,0.5440599573429676,0.5103784780878879,-0.23180943063950116,0.024985283281351255,0.0538979149011031,0.15895112365389075,0.16212052904581703,0.12558253080857773,-0.08948956209996828,-1.126429486459827,-0.9946893060937452,-0.3384169188241515,0.3692646436857831,0.12291724137931034,0.1771448275862069,0.6999379310344828,-0.09273697168650019,0
NFLX,2026-02-04,-0.8203428803300308,-0.8937623584396901,-0.8364292906496291,-0.8157956963821231,-0.8157956963821231,0.2554527637873264,-1.161264971646431,-1.1736379520653069,-0.23115604889426233,-0.06389708946355838,-0.09251135982091613,0.5234539470662614,0.7776574515397752,-0.20651439740954441,0.08549958327743824,0.02733191537610108,0.26135531322026195,0.15621303887909505,0.13420477763629612,-0.09963124679819257,-1.135979890078584,-1.020302721761146,-0.3663282957845575,0.4033982567103979,0.12291724137931034,0.1771448275862069,0.6999379310344828,-0.054244306418219534,0
NFLX,2026-02-05,-0.7696209380177863,-0.8268919647672113,-0.7909447588625387,-0.7918116407120896,-0.7918116407120896,0.29942484443253625,-1.1815827438929474,-1.1993809496026424,-0.25023832492785125,-0.06149677638420753,-0.09727890160737895,0.5466261755836113,0.821017268684479,-0.12421495007743155,0.15216234466070575,0.05147082839438011,0.39046071801530485,0.1828479840670384,0.15274022076189653,-0.05079461740446689,-1.1593545583962888,-1.0443778674694952,-0.3832591681780624,0.40938693181787283,0.12291724137931034,0.1771448275862069,0.6999379310344828,-0.05716723549488001,0
NFLX,2026-02-06,-0.7855138132756228,-0.8560129426568395,-0.787125447033088,-0.7468837617809001,-0.7468837617809001,0.2343107917307652,-1.185294249004735,-1.2162756860044839,-0.270403341026487,-0.04180630409940528,-0.09674923676060382,0.6128415991526873,0.8745496998416271,0.01922727897362153,0.2770376582378109,0.14118980665377967,0.33001741276328767,0.13540318590355555,0.2002117954027255,-0.08687651271903452,-1.1926094342431792,-1.0647172147058583,-0.3888340886134656,0.3895403829130711,0.12291724137931034,0.1771448275862069,0.6999379310344828,0.1166892808683857,1
NFLX,2026-02-09,-0.7462888445541536,-0.8660794535322665,-0.8142078400055546,-0.7715434246529065,-0.7715434246529065,0.20455277552826706,-1.195147799154587,-1.235206591189737,-0.28907043102009533,-0.028895244412650123,-0.09347733817134352,0.6471196972817533,0.6943043048747244,-0.017159460973279805,0.2892410803861403,0.21371234865637262,0.3128955842732045,0.11724557749111018,0.196815242234615,-0.08906182439788068,-1.2184088025185282,-1.0842263845040039,-0.3981222418228225,0.38164254786954316,0.12291724137931034,0.1771448275862069,0.6999379310344828,0.24562171628721563,1
NFLX,2026-02-10,-0.7280289453217459,-0.7779974833722809,-0.7371271830839197,-0.7465459581799143,-0.7465459581799143,0.21505640167263246,-1.1960519871036297,-1.248795518838306,-0.3085516112881761,-0.007098592892064437,-0.08605150001424583,0.6990442090119245,0.822615973426466,0.06039828316246887,0.3853949378841755,0.2967323557656672,0.35738991986616603,0.12315093960864461,0.21354764968278717,-0.03784822320713799,-1.25066628898879,-1.1018066126074642,-0.4006702142754892,0.357664350397394,0.12291724137931034,0.1771448275862069,0.6999379310344828,0.24162895927601724,1
NFLX,2026-02-11,-0.7537280627599499,-0.8563724609023899,-0.8287906669907286,-0.834037090835388,-0.834037090835388,0.19431783629516125,-1.2212006200607988,-1.2738225409746384,-0.33131357536237216,-0.01108276683990217,-0.08098973423285083,0.6694931522865002,0.5293572593465761,-0.06473262045832029,0.0488564366410514,0.21551040313308706,0.26852641589662335,0.10936102405889363,0.2600037338509903,-0.0003149141148308665,-1.292197278841419,-1.127932784927883,-0.40859728276404006,0.33367250921953157,0.12291724137931034,0.1771448275862069,0.6999379310344828,0.10611583637100042,1
NFLX,2026-02-12,-0.8500997531532137,-0.9760920366708601,-0.9753133571750969,-0.9610512448062694,-0.9610512448062694,0.44024388041099316,-1.276778623943228,-1.3149729035335538,-0.35839835879400717,-0.04663702725391833,-0.08478355550426625,0.5587977446398764,0.41246337611882933,-0.19431557904500318,0.05207880147330674,0.13109160981917445,0.14158403857348467,0.2755903893028948,0.39600504126406166,0.1197259550132137,-1.2931120733432024,-1.15891793696023,-0.44923722051758475,0.3962147578137873,0.12291724137931034,0.1771448275862069,0.6999379310344828,-0.07486818980667809,0
NFLX,2026-02-17,-0.9241537889290905,-1.0221103721013831,-0.9728828860109018,-0.9225416342938213,-0.9225416342938213,0.157598797005157,-1.338440119224745,-1.3763197423688656,-0.40678788470853533,-0.06434190645742832,-0.09650620062859505,0.5344046593796163,0.7700959525747605,-0.0896829440165865,0.15594054712845787,0.08340906242156186,0.2226546360148926,0.08029893010220208,0.4323928076236456,0.06132430903052111,-1.3393571833535916,-1.2130748063122763,-0.491417598651529,0.4222965604696917,0.12291724137931034,0.1771448275862069,0.6999379310344828,-0.06114976199194455,0
NFLX,2026-02-18,-0.9106279376458257,-1.0059320510515906,-0.9388562897121617,-0.8890990777961694,-0.8890990777961694,0.11185127539731042,-1.3504830217556196,-1.3977296092678717,-0.4273273823334267,-0.05323872423995851,-0.09865305630065568,0.5793849205451348,0.8492825690662066,0.002313912695129705,0.27358126457201504,0.16225368618116498,0.42419947662911134,0.06067023707140355,0.4600802990436865,0.029761641130184202,-1.3726593182191786,-1.2357093499954805,-0.5000161347225136,0.40647787470623004,0.12291724137931034,0.1771448275862069,0.6999379310344828,0.07484802431610937,1
NFLX,2026-02-19,-0.8960876475163153,-0.9922703577206535,-0.928092774556438,-0.9225416342938213,-0.9225416342938213,0.11377874648900717,-1.369453648711576,-1.4220374169206664,-0.44624684031212203,-0.04946238942651676,-0.09953748519691163,0.595165336427035,0.6667687485881381,-0.03970729693260322,0.17479629917727585,0.1730898531054294,0.3571991077114932,0.08036069953534224,0.44274078531535177,0.004838152264297957,-1.389061544805589,-1.2561219481822756,-0.5165791132835489,0.41845964637968963,0.12291724137931034,0.1771448275862069,0.6999379310344828,-0.03808128890516316,0
NFLX,2026-02-20,-0.934636323673621,-0.9868775840373893,-0.9346897677163977,-0.8661284329290946,-0.8661284329290946,0.13087912551065567,-1.3688810298367464,-1.4359637389036095,-0.46099815608552763,-0.025513267919404725,-0.09496187632567588,0.6634161596456543,0.9112954425342973,0.10776702844465291,0.34143356403506925,0.2391167808580028,0.4116675118253353,0.10311914182320776,0.4697111233441307,0.0029920402744143537,-1.4006557385460052,-1.268013019135588,-0.5249097929481139,0.42153448937890986,0.12291724137931034,0.1771448275862069,0.6999379310344828,-0.1571762870514819,0
NFLX,2026-02-23,-0.8947350623879884,-1.0235484450835872,-0.9829519808339979,-0.9556463871904874,-0.9556463871904874,0.17567307200207122,-1.393414053997318,-1.4615910766342255,-0.4778416838643236,-0.02818665876938703,-0.09189113654698589,0.6446051992134717,0.5132577587752979,-0.008047515140205741,0.10303437544921411,0.17840998275677483,0.1977604735437966,0.1497531553074256,0.44258281186454096,0.07707051249216468,-1.4302733153799716,-1.292674172447386,-0.5385861329189501,0.4170774595188708,0.12291724137931034,0.1771448275862069,0.6999379310344828,-0.30293389890420697,0
NFLX,2026-02-24,-0.964393196496804,-1.0131224159626093,-0.9760077775077249,-0.8874100597912369,-0.8874100597912369,0.13590515126245217,-1.3939906390215948,-1.475004342827793,-0.4897843881908064,-0.006117906262008199,-0.08456620023579353,0.6977829294492944,0.9453588378387665,0.14683346736335623,0.31274161637428316,0.227512130343054,0.3452495472682602,0.1161848900332181,0.5189706900759119,0.0988787071673416,-1.4689964563880684,-1.3113775817907878,-0.538450431502945,0.3817189095183385,0.12291724137931034,0.1771448275862069,0.6999379310344828,-0.6928054815378759,0
NVDA,2025-05-09,0.0,0.0,0.0,0.0,0.0,0.0837934342647032,0.0,0.0,0.0005039683845613485,0.42388497397080804,0.16471292304476545,0.7204552097597883,0.4129644045778298,0.5029201729396192,0.8997592294758425,0.950216762676452,0.4369855504229788,0.014125251018764606,0.788441049957363,0.32191191532744057,0.0,0.0,0.06122632176931586,0.4632118065101196,0.1244138888888889,0.11846944444444445,0.7571055555555556,inf,1
NVDA,2025-05-12,0.050920313016642904,0.05076628352490409,0.05611510791366925,0.07025113397499738,0.07023142775916313,0.44074915987470054,0.021696905082170703,0.013147826045898592,0.0,0.48698387334252136,0.21530997419900716,0.7695510798995864,0.9688978422291425,0.6580792402912231,0.9999641871822047,0.9607591434435497,0.6731538215930488,0.3587817284602673,0.8629179793209837,0.33769089291113485,0.022946882772669763,0.0071785934934500695,0.05141169879815899,0.5400070991478737,0.8113,0.0096,0.1791,1.8629683882247239,1
NVDA,2025-05-13,0.08409566846687988,0.13825031928480191,0.1024903154399559,0.14691890695873444,0.14687659361701422,0.849495614596348,0.05549870495962428,0.03285367217693125,0.004193600137680997,0.5848605316069262,0.2804527277245168,0.8683651421925616,0.9858534777242998,0.7866076055475583,0.9516863455379823,0.9644661264647835,0.8509541518324321,0.7255882883543492,0.9587887630579434,0.37992337253552333,0.06355543293073551,0.018609628302353354,0.03153688423614409,0.6806016487869323,0.1244138888888889,0.11846944444444445,0.7571055555555556,0.41189672832439816,1
NVDA,2025-05-15,0.1867078143943568,0.19231587909748837,0.19313779745434423,0.20112844341188207,0.2010703575343724,0.44698970289074447,0.1260705966982416,0.07803850949362756,0.013938247880393329,0.7773781834327725,0.44551882824049716,1.0,0.43531296182673074,0.8463343898247412,0.9520526146668535,0.9824718102651137,0.898654820354712,0.37432404184911344,0.7117096524228314,0.3506395986119786,0.15377939001787722,0.05041671390808311,0.0,0.9498123336366191,0.1244138888888889,0.11846944444444445,0.7571055555555556,-0.024751467538111083,0
NVDA,2025-05-16,0.20797972004849563,0.1928480204342271,0.20199225235196483,0.20743445071357458,0.20737458199529457,0.44664031314007924,0.15197754544838782,0.09796506228407975,0.020497839731767886,0.8381506613044036,0.5284494275463345,0.9892042227767416,0.5104331230168521,0.8550276901493422,0.9691603211073494,0.9888645697410107,0.823745809623112,0.3864900496286959,0.6249243902615514,0.31305267289910366,0.1869142131492849,0.07058456538749414,0.005128744873919011,1.0,0.1244138888888889,0.11846944444444445,0.7571055555555556,-0.19199748221010726,0
NVDA,2025-05-19,0.16576656012344304,0.1877394636015326,0.19014941892639725,0.2093151897333776,0.2092551192094665,0.3171687253905138,0.17310657506896643,0.11627034178920881,0.026542555020664826,0.8804641543312447,0.6054569914138146,0.9489669638372605,0.4825832467978919,0.8577686634312661,0.974729457649808,0.9807581488004659,0.8488755230644702,0.277553630502909,0.42366804028075145,0.2868473035026766,0.20856456228120668,0.09357750314767643,0.027806563312521293,0.9803143226802973,0.1244138888888889,0.11846944444444445,0.7571055555555556,-0.14481989363839087,0
NVDA,2025-05-20,0.1867078143943568,0.1740102171136655,0.19269507470946334,0.19615001659475606,0.196093571106984,0.19447359257199714,0.18718597909351686,0.13158010818080856,0.03378075175147588,0.8978262456874946,0.6714383240703679,0.8740619046023449,0.38793985715396584,0.801736521949799,0.9185031979675481,0.9684842761111118,0.8267252148664194,0.1681593568232141,0.45956960439541084,0.2543387768521119,0.2231607630972141,0.11468510686038158,0.05413447073202593,0.938577747070078,0.1244138888888889,0.11846944444444445,0.7571055555555556,-0.17427849358034242,0
NVDA,2025-05-21,0.17315110768213393,0.20402298850574718,0.17022689540675162,0.16760703617656847,0.16755918437782458,0.6175202091530031,0.19232742898680066,0.14261159415789382,0.03986762067706673,0.8852145906368918,0.7210452280327602,0.7628246624466974,0.28862124310465737,0.6842094085042069,0.7774112684980846,0.898333922049095,0.6575212396751173,0.5874494529813421,0.49043828801975076,0.2814124500121786,0.2319807623809338,0.13198629168105724,0.07899596124550667,0.8910292885723605,0.1244138888888889,0.11846944444444445,0.7571055555555556,0.2442217424887596,1
NVDA,2025-05-22,0.1640030860795767,0.17049808429118762,0.1808522412838962,0.17900210200243416,0.17895081510226274,0.29463638260232927,0.19888467151878864,0.15379257314354566,0.04438062177248048,0.8758244846616466,0.758364425815884,0.6793499609269957,0.5439405000171046,0.707357148051401,0.8183689930376885,0.8411302915508881,0.6745568383298213,0.27058182099291556,0.45846630482246054,0.24596966397939757,0.24261317519410297,0.1476876134611922,0.09881562555439238,0.8606476552288265,0.1244138888888889,0.11846944444444445,0.7571055555555556,0.12237051140191979,1
NVDA,2025-05-23,0.13942466659318864,0.15378884631758183,0.15439955727725518,0.161964819117159,0.16191867893366907,0.33914305280554924,0.20047620840129254,0.16223416148348235,0.04852921577173608,0.8501559507991431,0.7817512624430905,0.5847025408155775,0.36120788830555084,0.6363190259245072,0.7571312687478956,0.7820932438242577,0.656305976932345,0.32513122876779316,0.42310925662474597,0.22700135354028794,0.2515137072576381,0.15974907580322983,0.11327578326606025,0.8410126961554216,0.1244138888888889,0.11846944444444445,0.7571055555555556,0.5396108598521603,1
NVDA,2025-05-28,0.2058855946214042,0.20242656449552987,0.2167127836192584,0.2009071799977875,0.200849117862117,0.747086802994592,0.21911252141273208,0.18510491846742383,0.056216364580570666,0.8457935409497007,0.8151711596027281,0.5186090486939681,0.4228139682352099,0.7018839068106187,0.8765305337133559,0.8555705779808013,0.398091599793642,0.7078185915649593,0.40709677055126214,0.18578889514488262,0.2687330238751082,0.1910089541172726,0.1568562937342055,0.7661341072553007,0.1244138888888889,0.11846944444444445,0.7571055555555556,0.14152351473560576,1
NVDA,2025-05-29,0.2744406480767112,0.26883780332056184,0.2512451577199779,0.2493638676844785,0.2492917564991921,0.9999999999999999,0.2354044453500681,0.1995384217939673,0.062490706258827355,0.8646916773068319,0.8308596814704216,0.5324051862581197,0.7712468091855611,0.7954392080076907,0.8394009884523916,0.8856685100817415,0.3713389894834775,0.9155087543105715,0.42352262058640944,0.24568448327170023,0.2782074114484223,0.20901194909419596,0.18241669980665653,0.7225138237135265,0.1244138888888889,0.11846944444444445,0.7571055555555556,0.09006518488278714,1
NVDA,2025-05-30,0.23553400198390828,0.2276500638569603,0.19601549529607087,0.20444739462329897,0.20438895261820567,0.8601238879439984,0.23880405542595162,0.20811750750826685,0.06714102361813334,0.8427716821304896,0.8378866165716795,0.47356398681317563,0.1926169693340305,0.6158251311626871,0.6191964004033714,0.7755872071023041,0.29435099606707316,0.7543671986683838,0.5088436754662099,0.2717548874624607,0.2794092609720604,0.22300044483271297,0.20870639220496434,0.663070507917288,0.1244138888888889,0.11846944444444445,0.7571055555555556,0.3674195067300985,1
NVDA,2025-06-02,0.19993386972335525,0.21168582375478917,0.22346430547869423,0.22933952870892793,0.22927399095350975,0.33465178522263606,0.2468628464736602,0.21843399877159242,0.07211879761135753,0.835549139107935,0.8416880694422048,0.4516521537550432,0.625969213387557,0.6677051213245654,0.6601031589817737,0.6964084223336973,0.33075342102529715,0.2588361108955706,0.4968282979561257,0.24163775109420205,0.28415552764808405,0.23660829273347472,0.23054726478715581,0.6213983024647945,0.1244138888888889,0.11846944444444445,0.7571055555555556,0.12590283842268057,1
NVDA,2025-06-03,0.23619530475035821,0.25297999148573846,0.2516878804648588,0.27182210421506814,0.2717442646380466,0.44290327759384074,0.2624219072714622,0.23210883808083538,0.07832980318636062,0.8516229093122876,0.8487798538078817,0.4740045306308885,0.7298492464119128,0.7481784874412635,0.8317367869494707,0.6936045156561079,0.4101808454060264,0.3440743904456997,0.5001054177118266,0.23770442085569043,0.2905948401652225,0.25290441022070675,0.25591444696926,0.5756127778991875,0.1244138888888889,0.11846944444444445,0.7571055555555556,0.02034959455498675,1
NVDA,2025-06-04,0.27377934531026127,0.2571306939123028,0.26928610957387944,0.27956632370837475,0.27948544077026827,0.21621486422659997,0.27653003085205086,0.245323592611697,0.08374591161227585,0.8626614172524917,0.8572350072617754,0.4832663754406296,0.517249595506553,0.7621023514714665,0.8833624518032773,0.7902482371488572,0.45255783725049065,0.1343181140052226,0.49188562088286136,0.20759468162798678,0.29176977885189204,0.2697833073401441,0.28792357392848644,0.506463801058747,0.1244138888888889,0.11846944444444445,0.7571055555555556,0.02809771466115607,1
NVDA,2025-06-05,0.2735589110547778,0.27426564495530004,0.2614277808522416,0.2582144042482577,0.2581402371910526,0.46546858167925786,0.2832369008386244,0.25517776623894983,0.08884251343224592,0.8502788652664475,0.860878702290095,0.45058044935404384,0.34212402639823547,0.6740745859825313,0.7136191310230644,0.8098267661459185,0.47026287517821197,0.3589458959101853,0.5001079306043742,0.2138331297669529,0.28984542520371237,0.28342083851501787,0.31678501447468954,0.4398860793889665,0.1244138888888889,0.11846944444444445,0.7571055555555556,0.17009487568457082,1
NVDA,2025-06-06,0.27730629339799395,0.2664963814389103,0.2910902047592696,0.27735368956743,0.2772741502460738,0.16528151662296386,0.2927075917232498,0.2660716556026492,0.09622597645492248,0.8466170822588441,0.8628708817099464,0.4393611240820417,0.5862083817725224,0.7136302934286288,0.8368373123527916,0.811692765784907,0.48432153166353475,0.08988189651239026,0.498219983960723,0.19214121453729505,0.2852899485218139,0.2979029450923678,0.35005556767251744,0.36022128171952983,0.1244138888888889,0.11846944444444445,0.7571055555555556,0.04467096207935195,1
NVDA,2025-06-09,0.28480105808442646,0.2849084716900807,0.2958494742667406,0.287421174908729,0.2873383429369787,0.2859908282282101,0.30244342425739656,0.2769932656893792,0.10446503152463449,0.8437957389239414,0.8637536411125462,0.431824444456977,0.5309344682360753,0.7343274938785159,0.8411867647796503,0.7962630187418007,0.5414151415980292,0.1938468932606579,0.48439645824535826,0.1720031439134857,0.2700915431507318,0.3133544871771232,0.3963430033741193,0.23519281439008669,0.1244138888888889,0.11846944444444445,0.7571055555555556,0.09161010652427559,1
NVDA,2025-06-10,0.27929020169734375,0.27735206470838647,0.29131156613171005,0.302135191946012,0.3020485687452503,0.17263266146576173,0.3133881798793594,0.2884100601734083,0.11352008697383442,0.8447558723364893,0.8647018041647133,0.4322687544076132,0.558012715470358,0.7646896106443551,0.9299369077431825,0.8754017076705373,0.47113252956811835,0.09872898293862536,0.366994961843672,0.1452597262053139,0.26685684270854293,0.32582039156462006,0.4242650587180463,0.17210677673587224,0.1244138888888889,0.11846944444444445,0.7571055555555556,-0.0725066013308866,0
NVDA,2025-06-11,0.30045189022374097,0.2848020434227332,0.2950747094631989,0.28963380904967395,0.2896602532973007,0.2184376189999775,0.31948606233072474,0.29753578617735976,0.12262001650119436,0.8306399473648746,0.8619030934308508,0.4068149254864336,0.39738898061544686,0.7059725411595502,0.8551953788630053,0.8821179070366422,0.4627040216676852,0.16327187897034617,0.21969247877057174,0.1257330599530846,0.27158027093733805,0.3334985444488292,0.43445389583001415,0.160424819619596,0.1244138888888889,0.11846944444444445,0.7571055555555556,0.07102485373417089,1
NVDA,2025-06-12,0.271354568499945,0.2849084716900807,0.29485334809075825,0.31364088947892466,0.3136614391419441,0.19777282453499367,0.3295138400872015,0.3082598143470605,0.1318255942408204,0.8290819583231616,0.8592715085057274,0.407950269772601,0.6124811473703362,0.7594317721431086,1.0,0.940218870399126,0.41058511710930595,0.16009295731749168,0.12449038333623585,0.10804336452050867,0.28391269321071455,0.33924978290759755,0.43290704031258076,0.18658205721211393,0.0871,0.0147,0.8982,-0.03103167353790659,0
NVDA,2025-06-13,0.2769756420147691,0.26979565772669223,0.2837852794687328,0.28011948224361105,0.28014805358867356,0.2693399442062183,0.33034574116444015,0.31461878148711486,0.14015967987746514,0.799117916912784,0.8496152425186284,0.3602291453931094,0.2723473289720345,0.6051237691187473,0.7345329863737781,0.8687314023640015,0.43664858571923315,0.23812861638457056,0.16738091311011172,0.10611725005165173,0.2886092610038682,0.34350216473753137,0.4363783936959309,0.18833440789575404,0.1244138888888889,0.11846944444444445,0.7571055555555556,0.13858078680213026,1
NVDA,2025-06-16,0.2865645321282928,0.29746700723712216,0.30979524073049247,0.31021130656046036,0.3102333304203444,0.27830968263311906,0.33746607994663846,0.32344302922361634,0.15148841691489157,0.789550093335356,0.8394791191528511,0.3569693057718807,0.6491254188078546,0.6779832833960947,0.881006097580884,0.878174114241926,0.4442597692506026,0.2543543088951364,0.18708102181671304,0.10568777067712487,0.29771121497848796,0.3490333662605509,0.4377699109175186,0.2023855633516015,0.1244138888888889,0.11846944444444445,0.7571055555555556,-0.029948297379211786,0
NVDA,2025-06-18,0.29383886255924163,0.29182630906768825,0.3089097952407307,0.3189512114171922,0.3189711912760773,0.19439564879854132,0.34851183155872234,0.3390618944098571,0.17728039421151354,0.7622151578527753,0.814428638011777,0.3410188411158772,0.5590538208840881,0.6867938056687554,0.9439808544854353,0.8946410466309872,0.36167695304172687,0.17800318631306916,0.1816922866582229,0.041788797797484234,0.31229704272574144,0.3607320859061314,0.44558207206408906,0.2135556310145256,0.1244138888888889,0.11846944444444445,0.7571055555555556,0.08391567163402658,1
NVDA,2025-06-20,0.3097101289540394,0.29767986377181765,0.30370780298837863,0.30091824316849203,0.30094237038397265,0.5102893536561058,0.35000557006132516,0.34472418539245786,0.18983969521335942,0.7369773312815644,0.7980813949195946,0.3147749891353422,0.3649096882518821,0.6005874562859418,0.7694832164286521,0.8538410035935527,0.36898418607446437,0.506787911809395,0.157035001964552,0.03599124035023016,0.3124102987696338,0.3679047308476555,0.45958717057453846,0.1859523552210741,0.1244138888888889,0.11846944444444445,0.7571055555555556,0.38444262289056064,1
NVDA,2025-06-23,0.27719607627025256,0.28256704980842895,0.2968456004427229,0.3044584577940037,0.30448109894169995,0.16653288257789922,0.35195979763685226,0.3502296935979998,0.19772224039078012,0.7141599489206545,0.7792535746971451,0.29792355791419245,0.4916668531157184,0.6107056985954803,0.7388882430958842,0.8184731168493385,0.33878066888330305,0.15859329011117113,0.1563632880832917,0.018815555629364655,0.31234955434691747,0.3746550880879418,0.4729423671835553,0.15954128487652905,0.1244138888888889,0.11846944444444445,0.7571055555555556,0.39414350590372504,1
NVDA,2025-06-24,0.3109225173591976,0.31641123882503197,0.33525179856115117,0.3457240845226244,0.3457378730239149,0.2954976419100179,0.3623748504388822,0.35940815666876946,0.20837498734202375,0.7185915894105774,0.7653081007391175,0.33109104997435135,0.7108222737805567,0.7201528389848441,0.9922184193969765,0.8361205691396484,0.3965122704292584,0.2942137648002899,0.16753070750899712,0.018435408437242562,0.3134077712992822,0.3845399157946783,0.4913016370947403,0.12567019654356495,0.1244138888888889,0.11846944444444445,0.7571055555555556,0.31511841456937595,1
NVDA,2025-06-25,0.35181307175135035,0.38548318433375894,0.37686773657996686,0.416639008739905,0.41663744459328966,0.6118500904690664,0.3859184470788837,0.37492427777909887,0.2198332754997414,0.764042102666029,0.7656053413340209,0.42784680965732,0.8694819582311808,0.8628525279516409,0.990441874361113,0.9169570993655151,0.4991234270173779,0.60292148837223,0.2182507338611871,0.05877153362870868,0.33893020050650513,0.39573348441068945,0.4867046095642018,0.18093437621833444,0.1244138888888889,0.11846944444444445,0.7571055555555556,0.09769567145197366,1
NVDA,2025-06-26,0.425768764465998,0.40964240102171123,0.4293303818483676,0.424493859940259,0.4244903467600005,0.3365232113455111,0.40643817023480033,0.38982422684634055,0.23153716933892365,0.7991689770919411,0.7746951760479919,0.48757798803716823,0.5139267776030689,0.8763008502738311,0.8866861628782688,0.9710281691375849,0.5383987274073032,0.3426396952569309,0.20817015760269086,0.039526476157743184,0.3594610047789524,0.40775973132532406,0.48895692226838783,0.2133039779260649,0.1244138888888889,0.11846944444444445,0.7571055555555556,-0.04481703662394665,0
NVDA,2025-06-30,0.4524413093794777,0.4302894848871859,0.45102379634753764,0.45735147693328937,0.45734111949486556,0.32269730438633426,0.4482175698365185,0.42178363478853464,0.25769936438337826,0.8683735466117894,0.8135911655827421,0.569611873696871,0.48507750153944307,0.9304119335305613,0.9574225743671323,0.9410212259620764,0.6191251625512577,0.3786966691261347,0.059133327717823536,0.018282265292903,0.40739576251082354,0.43240719931824834,0.48745958288749347,0.30019575936009857,0.1244138888888889,0.11846944444444445,0.7571055555555556,0.03264842115447464,1
NVDA,2025-07-01,0.42918549542598905,0.41475095785440597,0.4015495296070837,0.4054652063281339,0.40546594734274577,0.394682063082494,0.4521957697757921,0.43049917079506117,0.27138376602174974,0.8486708858615092,0.8255584149378494,0.5071252757744459,0.1876088015757829,0.674884142229352,0.6798458824898466,0.865349827819098,0.4625315858495893,0.4550997473902743,0.1637230100137853,0.05738672214636453,0.41396196823981835,0.44188187436967663,0.4992625586565922,0.28873027237131743,0.1244138888888889,0.11846944444444445,0.7571055555555556,0.13476018988377758,1
NVDA,2025-07-02,0.3927036261435026,0.4190080885483183,0.41793027116768133,0.4491647306117934,0.4491563578197717,0.23212663963064728,0.46475213891882783,0.4428420229166814,0.2873207988420534,0.8556289693311657,0.8368856652989602,0.5027775379446713,0.7098547916387385,0.765779169077686,0.9136270749919327,0.8545246202478906,0.5553081035009657,0.28549188946432674,0.15666783040461918,0.06639454924740895,0.43023001544551476,0.4514221619488503,0.5010689261244221,0.31311213076713484,0.1244138888888889,0.11846944444444445,0.7571055555555556,0.0677205962032923,1
NVDA,2025-07-03,0.4521106579962526,0.4549808429118771,0.4710570005534036,0.4722867573846665,0.4722725849753928,0.12545612618670365,0.4797568375013652,0.45640119048097305,0.3032869113327834,0.8697084450409226,0.8494955214769436,0.5114907295012443,0.5948591876037238,0.8087825043595381,0.9140210766345391,0.838646416985174,0.567537839314864,0.16945560992088887,0.16120691216481664,0.06175212103956185,0.44920884803816996,0.46178923876024114,0.5016740396332136,0.3441026920280973,0.0883,0.0408,0.8709,0.08290996479541213,1
NVDA,2025-07-07,0.4502369668246444,0.4372073222647934,0.46629773104593264,0.4601172696094702,0.46010661539805997,0.11158484897133603,0.4891503787886682,0.4674970204550577,0.3179537621090678,0.8657347670065633,0.858582031649288,0.4875554032588602,0.40569737668210165,0.752833440091185,0.8472455708014446,0.8998886877819917,0.5815262390434779,0.16905966698567837,0.1437327038621088,0.031417298463079835,0.4610284273640637,0.472649926410464,0.5107232038809684,0.34664444177858933,0.1244138888888889,0.11846944444444445,0.7571055555555556,0.14087056871867043,1
NVDA,2025-07-08,0.4626915022594513,0.44689229459344393,0.4779192030990591,0.47958845004978445,0.479573494159826,0.10380598282444964,0.5008418447472645,0.4795533704839099,0.3321030687055151,0.868706509147194,0.8666001247186974,0.4802972708243049,0.5747302680222532,0.7918987941937413,0.9454185587104971,0.9115194301959254,0.6102017885337698,0.16273611729377552,0.14264080606028662,0.00347919757891213,0.47544842680446364,0.48352851920198536,0.5170935682667761,0.35855611047832514,0.1244138888888889,0.11846944444444445,0.7571055555555556,0.11347233082602681,1
NVDA,2025-07-09,0.48352253940262324,0.4915921668795229,0.5085777531820699,0.5114503816793894,0.5114286883695409,0.2803366085229383,0.5170295724891012,0.49373609863498946,0.3458035024600983,0.8853275126895054,0.8772031251333338,0.49785745381948043,0.6384340844385473,0.8512181604027794,0.9275167927919546,0.9164567649774032,0.5851974123712484,0.36864800451632823,0.15316429767204587,0.013505950874482475,0.49436165555339184,0.4955789172374401,0.5210816977939887,0.3822145159839865,0.1244138888888889,0.11846944444444445,0.7571055555555556,0.025734864707028127,1
NVDA,2025-07-10,0.517689849002535,0.49244359301830554,0.5135583840619815,0.5249474499391527,0.5249220959804073,0.2184767847766892,0.5328747750522118,0.5079944549252677,0.3604281995996883,0.9002374463892573,0.8894428584197603,0.5089763547719368,0.5409097918491311,0.8749347767625565,0.98140325696967,0.9655376290378875,0.47409212339301826,0.2941339649941745,0.15265145786839562,0.0,0.5136469409592397,0.5075638812017074,0.5245526691188191,0.4071372300544823,0.1244138888888889,0.11846944444444445,0.7571055555555556,0.13907082406096127,1
NVDA,2025-07-11,0.5110768213380359,0.5285227756492121,0.5341449916989487,0.5340192499170262,0.5339918163445234,0.3190250280946586,0.5474968521716201,0.5218740724083502,0.37519288062053135,0.9106939437287109,0.901869703180991,0.5102474687033988,0.5176293833373167,0.8909882171317235,0.8789183946267622,0.9412089035908714,0.4753226251011768,0.4047645854932162,0.1356644024860818,0.010011416071468382,0.5304316041643029,0.520702745268611,0.5329056256120916,0.4185418675433442,0.1244138888888889,0.11846944444444445,0.7571055555555556,0.13360139374843305,1
NVDA,2025-07-14,0.5292626474154085,0.5029799914857387,0.5180962921970118,0.5246155548180109,0.5245902364720239,0.09931859304121093,0.5571773981004984,0.5335408608157255,0.3897594976554286,0.9052537406976352,0.910440237003201,0.484050194785422,0.42223261606379026,0.8395889749227919,0.8198562022445537,0.9018218586868433,0.40544606914081927,0.15566710055240623,0.14131012782530572,0.005304447752659813,0.5437998804764201,0.5320453845958917,0.5412874037237874,0.42427989333328464,0.1244138888888889,0.11846944444444445,0.7571055555555556,0.1882849599770573,1
NVDA,2025-07-15,0.5934090157610492,0.5765219242230737,0.5975650249031543,0.5979643765903309,0.5979234444362096,0.4624807370301173,0.5806555276919874,0.5515652778274707,0.4053666967570382,0.9424617218086551,0.9266731493238958,0.5361034217067449,0.8430517720490586,0.9636743756609168,0.9225506023367457,0.8802909332204102,0.5240187574568469,0.5634006227049366,0.1563381391737959,0.07284276195063355,0.5663443150349645,0.54913367074313,0.5514055058568181,0.44123529043671217,0.1244138888888889,0.11846944444444445,0.7571055555555556,0.03163244351283301,1
NVDA,2025-07-17,0.6025570373636064,0.5952532992762876,0.6156059767570561,0.6234096692111961,0.6233626881505139,0.1918634456111451,0.6211939717201618,0.586102185082183,0.4360186502902077,0.9933947488331643,0.9681942374665191,0.5745793189231179,0.5597476490437959,0.9999999999999999,0.946089775226034,0.9517617152918393,0.5818900593916035,0.2538995060680114,0.13711725930371688,0.04455985691133835,0.6083124461331606,0.5821801371426747,0.5726735852739093,0.4675287687498384,0.1244138888888889,0.11846944444444445,0.7571055555555556,-0.10592918061179946,0
NVDA,2025-07-18,0.6204122120577535,0.596211153682418,0.6203652462645268,0.6168823984954088,0.6168372240173365,0.13608246063451657,0.6359267516869249,0.601261581313242,0.4515677692871245,1.0,0.9873761102675729,0.5561367454451227,0.4386894545645682,0.9628697075520251,0.9147273585934468,0.948899623870589,0.5286518874510814,0.19260683821507601,0.14908663783016063,0.03030979970634695,0.6233851376256938,0.5981978029142434,0.5884818324058849,0.4619177671911968,0.1244138888888889,0.11846944444444445,0.7571055555555556,-0.02922784194943162,0
NVDA,2025-07-21,0.6106028876887468,0.5869518944231586,0.6174875484228004,0.6054873326695431,0.605444487094537,0.04561223089039712,0.6452686557073155,0.6138903833431943,0.46591532475388875,0.989200051497642,0.9999999999999999,0.5115860643628823,0.41448170288755953,0.8969466786874264,0.8668907138843915,0.9192104499350163,0.5316230331929527,0.10689716022867274,0.13445975489076778,0.00808602185890206,0.6286139373171147,0.6145723223158621,0.6152668030403956,0.4217520440752587,0.1244138888888889,0.11846944444444445,0.7571055555555556,0.043113717751954495,1
NVDA,2025-07-22,0.5950622726771742,0.5657726692209448,0.5464305478693969,0.5573625401039939,0.5573303893707613,0.31701245006363465,0.64241926443129,0.6205039832300874,0.47903223702007414,0.9404570537878234,0.9978157793919237,0.41098937261989155,0.22919376590348867,0.6490288485530306,0.6414819069846508,0.8077713084298307,0.41682030467893316,0.420176125549288,0.21985469163791005,0.05274917751848329,0.6209570511720972,0.6281692248810795,0.6500312824926147,0.34850838766862313,0.1244138888888889,0.11846944444444445,0.7571055555555556,0.12840371160621267,1
NVDA,2025-07-23,0.5751129725559352,0.5643891017454234,0.5839513004980632,0.5988494302467089,0.5988084031252316,0.16565378539170816,0.6490388892838967,0.6307121825529074,0.49332963599806456,0.9221449019302028,0.9914537042064624,0.38260773989267416,0.6794315796948063,0.7439068179714149,0.782961710757373,0.7595655586588147,0.4302218286705228,0.24863618343808908,0.2116456080370579,0.05646778212271242,0.6209221149884796,0.6417780245501499,0.6768641660290058,0.30173926681246255,0.1244138888888889,0.11846944444444445,0.7571055555555556,0.11027283257069276,1
NVDA,2025-07-24,0.6071861567287555,0.5917411664538101,0.6208079690094082,0.6315964155326919,0.6315474498256077,0.06833032028298636,0.6613587753325585,0.6433041825099937,0.506731851261474,0.9220695048384259,0.9863450438409677,0.39112262676013676,0.6322630298395239,0.8087500933519479,0.9679853935110305,0.7965505005560047,0.46029509064712637,0.15724116805851468,0.11988828645753158,0.04253311641484414,0.6326563063645112,0.6533347522612529,0.6873729879806452,0.30164225766648123,0.1244138888888889,0.11846944444444445,0.7571055555555556,0.030999252080424977,1
NVDA,2025-07-25,0.6200815606745289,0.6012132822477649,0.6391809629219702,0.628941254563558,0.6288936799569027,0.04247392761388902,0.6706453159253187,0.6544830049620021,0.5182406920887606,0.9127372885397688,0.97990637847545,0.3820874359135377,0.45780427125885237,0.7958134988975764,0.920852971533326,0.8987568938919225,0.4405677888486753,0.13849305259843575,0.12399050961844926,0.010297259663912817,0.6415302644276006,0.6643264865104095,0.6997545317741682,0.2939920170869238,0.1244138888888889,0.11846944444444445,0.7571055555555556,0.10147963652865855,1
NVDA,2025-07-29,0.668026011242147,0.6508088548318431,0.6619811842833427,0.6511782276800531,0.6511249484235013,0.1656355597332384,0.6949576367820876,0.6794388950255066,0.5399248820081148,0.9125171649156962,0.9724342738357802,0.39430654587539754,0.40463013347834065,0.7950237074218621,0.7696861299467718,0.8994229398902266,0.3705487613590602,0.33280202911195317,0.13767437757285095,0.014975182522849684,0.6677095988604596,0.6860481592384524,0.7152022668748252,0.3073819955730671,0.1244138888888889,0.11846944444444445,0.7571055555555556,-0.030406972299380608,0
NVDA,2025-08-01,0.6253719828061282,0.6205832269050657,0.6162700608743774,0.6313751521185973,0.6313262101533523,0.361276370007236,0.7188020258100369,0.7110593429740264,0.5730783739113148,0.8735867919086404,0.9566805595045631,0.3377536937930934,0.2489397149257775,0.5911679833654743,0.45898626653697566,0.7087933254045099,0.3101248235226635,0.5694244480746717,0.09785476282990324,0.11749170442753587,0.6826061913542467,0.7223124353169337,0.7710609167510956,0.23658505174859676,0.1244138888888889,0.11846944444444445,0.7571055555555556,0.09986385546601939,1
NVDA,2025-08-05,0.6863220544472612,0.6601745423584502,0.6717210846707251,0.6816019471180441,0.6815420847635558,0.17467122075460428,0.7384739173888044,0.732578893713909,0.5978100393375836,0.862209689456225,0.9360978536505357,0.3483639631478196,0.3795103012452946,0.6622735270836145,0.7153402592607212,0.6485617933159813,0.48521828314127813,0.3206885580490196,0.17657097714744685,0.1481929250892119,0.6891309761164417,0.7461158037915356,0.811121051739137,0.18115404204613902,0.1244138888888889,0.11846944444444445,0.7571055555555556,0.07205670397590036,1
NVDA,2025-08-06,0.6500606194202581,0.6563431247339293,0.6755949086884339,0.6944352251355239,0.6943728795560165,0.10015813667072282,0.7463860392391277,0.7422655827391329,0.6105231377244358,0.8513007361455182,0.9242264928955772,0.3451812290540213,0.5317435189355523,0.6889349164154442,0.7808419656513524,0.7663109604827165,0.4363563008035801,0.23444125371550245,0.16412969387211884,0.1362691026503866,0.6934860325201437,0.7559535784525369,0.8259467636058702,0.16385769157523936,0.1244138888888889,0.11846944444444445,0.7571055555555556,0.04205279181024357,1
NVDA,2025-08-07,0.7078143943568829,0.6987015751383565,0.7038184836745991,0.7093705055869015,0.7093054512349046,0.15710789046922147,0.7559195307815099,0.7525822137916875,0.6224810362779587,0.8459868157171232,0.9133902857719427,0.3522133910492028,0.5412338556763512,0.719946717575059,0.8296318531285803,0.7721797874438519,0.40661997924711807,0.3126573091825547,0.16414397004962034,0.1462756081685559,0.6994515160735377,0.7658687437740972,0.8392440603472808,0.15154644595544206,0.1244138888888889,0.11846944444444445,0.7571055555555556,0.03726860155019418,1
NVDA,2025-08-12,0.7231345751129725,0.7050872711792251,0.7111234089651357,0.7358114835711917,0.735740273474359,0.13231828049055716,0.785580555159116,0.7840089206524554,0.6591417318837485,0.835334018428888,0.8890268498131296,0.37079457399505295,0.527397158253465,0.7569432551384284,0.8968116352594782,0.9130772378607098,0.4157932051960057,0.31711690147850696,0.06106413376525066,0.12322126862763128,0.7195309359910371,0.7945553974959214,0.8747726732522256,0.12532678884149692,0.0548,0.018,0.9272,-0.04074081313232325,0
NVDA,2025-08-14,0.6877548771079025,0.6895487441464454,0.7111234089651357,0.7231994689678063,0.7231307183541538,0.07053833941760101,0.7931537673267139,0.7986922015441971,0.6815972065767493,0.7925638073081684,0.8620991899656429,0.3250018996415101,0.4930131095232635,0.6843373866053378,0.8081399001198663,0.8284597998660651,0.3563197382585487,0.2342114361780397,0.069328413019352,0.1156154687224824,0.7320033670191954,0.8059991622059468,0.8842885652707186,0.1288260354172314,0.1244138888888889,0.11846944444444445,0.7571055555555556,-0.09758638413481246,0
NVDA,2025-08-15,0.7112311253168742,0.6776287782034909,0.6954067515218594,0.7058302909613896,0.7057656164788157,0.17542584057124644,0.7925742391424744,0.8035210571285869,0.6917752496982292,0.7588962071214573,0.8417414368005721,0.2875301863713452,0.38938621752459507,0.597194238673365,0.686026653499847,0.7513452540564167,0.40156274047432394,0.37660477728282077,0.07706518606615187,0.11058220375988892,0.7347596450448981,0.8107812625849053,0.890828040079285,0.1227220332037526,0.1244138888888889,0.11846944444444445,0.7571055555555556,-0.07914452751524248,0
NVDA,2025-08-18,0.6971233329659428,0.6886973180076628,0.7236303265080244,0.7230888372607589,0.7230200985180262,0.08005445981862758,0.7958125782056471,0.8096563559313104,0.7028749149994102,0.7383491754254747,0.820277341404094,0.28001441522594084,0.5516777203613801,0.6468577755973198,0.8073620096457939,0.7632950631812164,0.320603513233452,0.2430216327610763,0.07367004941283173,0.08454386958486715,0.7377960992562926,0.8171038594561812,0.9001084114369962,0.11282989839214366,0.1244138888888889,0.11846944444444445,0.7571055555555556,-0.10754458329763417,0
NVDA,2025-08-19,0.7172930673426652,0.6840144742443592,0.6671831765356948,0.6526164398716672,0.6525630062931624,0.28643561185086597,0.783286629321446,0.8081065968803467,0.7118354681227383,0.6699641779205202,0.7858729096679904,0.19210616792936372,0.13601761967322024,0.34562752738049884,0.31190022999431133,0.5817484631577854,0.2446638055702881,0.529410887609782,0.12952781825484516,0.12669381003684088,0.7255642839136882,0.8222249678094111,0.9229584690210646,0.05990602468641684,0.1244138888888889,0.11846944444444445,0.7571055555555556,0.03983285727604846,1
NVDA,2025-08-20,0.6372754326022263,0.6148361004682843,0.5931377974543444,0.6499612789025337,0.6499081302260961,0.4024341724116268,0.7726962646322568,0.8064291628786922,0.7204923354599087,0.6099853031786052,0.7432345685199272,0.13617033088410474,0.4579394858491413,0.33594288956757945,0.38758169528155406,0.47256398896015117,0.2220319598880174,0.6670326869934862,0.09624446616007265,0.16863369710499376,0.7196493967798945,0.8249728418861815,0.9345425353072208,0.033594990717423806,0.1244138888888889,0.11846944444444445,0.7571055555555556,0.07505510497604284,1
NVDA,2025-08-21,0.6337484845144934,0.6244146445295871,0.6485888212506918,0.6453147472065495,0.6452632033070906,0.11120443682327552,0.7632274004483657,0.8044343510380798,0.7286870711045748,0.5559520233898796,0.6955074015988891,0.10160015104032455,0.44826449493189285,0.31811531693083295,0.35927183498333193,0.3086326214955288,0.19377492575594152,0.27066584763858387,0.07420092731091021,0.14699525255829304,0.7183933230619333,0.8257104028395057,0.937305793388036,0.02755725167441153,0.1244138888888889,0.11846944444444445,0.7571055555555556,0.11638974415239778,1
NVDA,2025-08-22,0.6090598479003639,0.6424010217113665,0.6197011621472053,0.6786148910277687,0.6785564553864671,0.2381965594610168,0.7627954004330357,0.8059887668290833,0.7379725188926736,0.532431821331757,0.6513985303514418,0.12618050370798523,0.6310653060623639,0.43725896423632415,0.5621872589879923,0.4001987776883058,0.21212634682471468,0.4275699410362413,0.09645282391477006,0.19028569323766276,0.7155783801259601,0.8283810052267548,0.9455022989674937,0.011018416011315646,0.1244138888888889,0.11846944444444445,0.7571055555555556,0.05884453052022054,1
NVDA,2025-08-26,0.6911716080678938,0.6828437633035331,0.7039291643608192,0.7204336762916255,0.7203652224509596,0.22229292743628581,0.7745986491058257,0.8147670550395529,0.7576763594851574,0.5294277985865719,0.5854912368930675,0.23168497303006638,0.5726633004437547,0.5682389826740969,0.8170029698646935,0.6764218686119832,0.2655342771309033,0.3964236657162367,0.07916608574242279,0.18359117483163034,0.7182047282542003,0.8339244607667422,0.9536765286318949,0.002594416905707969,0.1244138888888889,0.11846944444444445,0.7571055555555556,-0.11653880173462228,0
NVDA,2025-08-27,0.7123332965942908,0.6839080459770115,0.7071389042612064,0.718552937271822,0.7184857914351488,0.4814489941375424,0.780459267309698,0.8194213086457645,0.767423965377813,0.529138966832093,0.5625557927019411,0.27001902636549924,0.4620016388512793,0.5592263764916602,0.8055482300107584,0.7654541639470286,0.2879786873559549,0.7139738546283805,0.04415966305747865,0.16530642846368326,0.7204038701812439,0.8353103543944989,0.9541101815373172,0.0051864123605640244,0.1244138888888889,0.11846944444444445,0.7571055555555556,-0.1665689005079224,0
NVDA,2025-08-28,0.6995481097762593,0.7049808429118773,0.6773657996679581,0.7027326031640668,0.7026682610672381,0.6608705194933112,0.7817540992833956,0.8220523774548616,0.7769444540261501,0.515359932291887,0.5407350932323813,0.27759187857614376,0.39649751340572736,0.48247998692828353,0.709143683117625,0.7743312481367126,0.2579754770415309,0.9197101935971124,0.04426159907527971,0.217164927767323,0.7211306719767732,0.8366783428809574,0.9560452583001462,0.003353128990294607,0.1244138888888889,0.11846944444444445,0.7571055555555556,-0.1503266636230537,0
NVDA,2025-08-29,0.669679268158272,0.637718177948063,0.6412838959601552,0.6364642106427705,0.6364147226152301,0.5114592858178784,0.7685752202321754,0.8177421781571363,0.7845238680705264,0.4576151775007151,0.5087267405697823,0.20838357418895234,0.15306223279078124,0.2197006941514047,0.30534219160979864,0.5871429190899509,0.18579889633842028,0.7173516664619521,0.09626418973873307,0.2496915844508505,0.7202932220380476,0.8369519762695612,0.957458102103133,0.0,0.1244138888888889,0.11846944444444445,0.7571055555555556,-0.043796724240723006,0
NVDA,2025-09-02,0.5802931775597928,0.576309067688378,0.575650249031544,0.5988494302467089,0.5988084031252316,0.46456505435511797,0.7499636539246053,0.8100196324865887,0.7916358415997335,0.38514050447563436,0.4648562966535564,0.12780022426587356,0.28554643963115234,0.10462226162074784,0.1609360673877222,0.35131504497349014,0.10666241193527304,0.632120286973723,0.005563333128002057,0.27902080883384306,0.7292174955349708,0.8314680657343541,0.9373457467939872,0.04342012578930257,0.1244138888888889,0.11846944444444445,0.7571055555555556,-0.06945232126594048,0
NVDA,2025-09-03,0.5919761931004079,0.5766283524904214,0.5940232429441064,0.597079322933953,0.5970384857471873,0.20576070408433123,0.7346946638239968,0.8028200949976927,0.7986210636862741,0.32579205717378545,0.41480401473048806,0.08580482862930205,0.46198113371788685,0.09944527966784888,0.15113058885540417,0.14716897175401322,0.2039012327709338,0.3147219731440774,0.000667003941065003,0.25598330177813877,0.7360415554935253,0.8269239074324424,0.9212758024359342,0.07782604280829744,0.10805,0.46585,0.426,-0.04279618543654973,0
NVDA,2025-09-05,0.5585804033946875,0.5406555981268624,0.5407858328721638,0.5572519083969467,0.5572197695346333,0.43849266824415556,0.7061386265094796,0.7873549158080781,0.8082524829574906,0.22083713057115978,0.30830497561849235,0.042080762265054084,0.21328902921553217,0.0,0.09583827948944845,0.09025090344607589,0.154252623008381,0.5750533689085315,0.04469004885091732,0.2595075414965773,0.7455550424629738,0.8141299998917368,0.8861547286309612,0.14569532618130146,0.1244138888888889,0.11846944444444445,0.7571055555555556,0.2046513474614131,1
NVDA,2025-09-08,0.5532899812630885,0.5611962537249893,0.5770890979524073,0.5715233986060406,0.5714875159983939,0.20321764305784673,0.6941526628381189,0.7796311203399278,0.8117622486292275,0.17957547992047335,0.2527160895458723,0.04819273308649652,0.5430875080816663,0.06270065105194222,0.16267730588021975,0.09447520743361798,0.1281372366019763,0.28651581825690703,0.03767577374755127,0.24418300506749957,0.7437887845642297,0.805570985438302,0.8711450343013871,0.16648319791420726,0.1244138888888889,0.11846944444444445,0.7571055555555556,0.17167257361751198,1
NVDA,2025-09-09,0.5702634189353026,0.5614091102596848,0.5703375760929721,0.5986281668326143,0.5985871634529762,0.17909501462318256,0.6903781408775407,0.7753508361110308,0.8151980869644315,0.16623031989779524,0.2048819738127007,0.10087361021647306,0.6065962116472221,0.17557223836338387,0.2896289626115815,0.12182900217535286,0.14004173860534105,0.25431251782297565,0.06704386205017909,0.23409952425289582,0.7383711549095098,0.7988498950734928,0.8635652394732616,0.17045500710467323,0.1244138888888889,0.11846944444444445,0.7571055555555556,0.13063991233014427,1
NVDA,2025-09-11,0.6869833572137112,0.6603873988931459,0.6781405644714997,0.669543091049895,0.6695962486601172,0.15431936472334618,0.7126507231767523,0.781788106788295,0.8266120821091565,0.23533327692523254,0.16127623682558567,0.3228058503832026,0.4628370958470707,0.4128528847027507,0.6222798218204775,0.48541166679234493,0.2163538485195446,0.21549353649486208,0.18877211338737254,0.26853659127059104,0.7240955818363755,0.7927591727562984,0.8664716985980558,0.1450131015842188,0.1244138888888889,0.11846944444444445,0.7571055555555556,-0.03782836317739746,0
NVDA,2025-09-12,0.6659318858150558,0.6425074499787142,0.677808522412839,0.6767341520079655,0.6767865380084228,0.05253371552926922,0.721954321561193,0.7852222306317904,0.8320470751530145,0.26402455774274797,0.15637443412891544,0.3925278835192317,0.5052048101881339,0.4350328031555656,0.6559636233044294,0.6194332215436947,0.24968470208621707,0.09871712462027565,0.18960442547410383,0.225906345451245,0.7176222743319174,0.7902670269268341,0.8683207212272919,0.13259633347086883,0.1244138888888889,0.11846944444444445,0.7571055555555556,-0.12307028454772984,0
NVDA,2025-09-15,0.6427862889893088,0.6451681566624095,0.6563364692861096,0.6759597300586351,0.6760121991555283,0.13842930499747552,0.729231065307379,0.788265830775271,0.8369116470867957,0.28597975135993087,0.15798574444159305,0.4367737465377243,0.4670899917959108,0.43189590681431345,0.6523361369907734,0.6275853842414657,0.34816336264024084,0.19969661053410098,0.185096833321575,0.21860237013849748,0.7138191900248587,0.7886670449152553,0.8691395505097834,0.12570606135843668,0.1244138888888889,0.11846944444444445,0.7571055555555556,-0.02470737817719504,0
NVDA,2025-09-16,0.6574451669789485,0.6308003405704554,0.6548976203652463,0.6442084301360771,0.6442665185835794,0.11390687541637878,0.728241401559619,0.7878214082417421,0.8413087256813003,0.281802916944483,0.1582222221094916,0.42743402576411876,0.31782664141041245,0.30717948272295736,0.5036195623774727,0.5841741699499414,0.3584741736936181,0.1697828661676159,0.1944258341931011,0.19737608919109484,0.7042678620454315,0.7844320923424646,0.8707694248083886,0.1090216612128718,0.1244138888888889,0.11846944444444445,0.7571055555555556,0.030732381549239296,1
NVDA,2025-09-17,0.6093904992835886,0.5850361856108981,0.5888212506917543,0.593428476601394,0.5934942261976532,0.3896416990656829,0.716556438480267,0.7822813606856569,0.8440287445542969,0.24454206075050638,0.14902159435478682,0.3633244558518056,0.220852202895957,0.14110139942001687,0.2657704669143322,0.44142411355660616,0.28230284520236754,0.48169021919828275,0.15337879674355281,0.2233638434925328,0.7043527696186078,0.7812556845849343,0.8644262979655899,0.11908074914065589,0.1244138888888889,0.11846944444444445,0.7571055555555556,0.24825494811907167,1
NVDA,2025-09-18,0.6241595944009699,0.6265432098765431,0.6391809629219702,0.6592543422945019,0.6593097100985954,0.31177354270349333,0.7213292277259624,0.7839027210971283,0.8475596134564334,0.25934750178149873,0.14539209274533144,0.40117107142989616,0.793522710710987,0.36191764015790484,0.7369756482414674,0.47238902108066727,0.3663227870705449,0.3977454719666605,0.24559770772796818,0.25279004472499267,0.7050036239405266,0.7817612520131387,0.8647424899822438,0.11955010567628496,0.1244138888888889,0.11846944444444445,0.7571055555555556,0.036742425513494714,1
NVDA,2025-09-22,0.638708255262868,0.70583226905066,0.6585500830105149,0.7407899103883178,0.7408321045313202,0.6137521512093694,0.7465091676397178,0.7954007311679481,0.8558204848819784,0.33670456143984,0.16264523513861273,0.5374075184470736,0.8328611991411274,0.5743539227606141,0.9520396635051329,0.819088311448801,0.5548983251491058,0.6860711963024531,0.32464497966987615,0.2963621953259079,0.7171799311034455,0.7861212431474169,0.8606191347135348,0.14401953261361858,0.1244138888888889,0.11846944444444445,0.7571055555555556,-0.08839199056307911,0
NVDA,2025-09-24,0.687975311363386,0.6550659855257557,0.6661870503597125,0.6673304569089502,0.6673838519375619,0.12486670063619176,0.7502074496391193,0.7992636479243906,0.8612739663629825,0.34293222866186124,0.18989248838634717,0.5044592044450487,0.3935783210008495,0.3459532472214185,0.6093062749125052,0.7429859715777268,0.28202134844440213,0.14901492571039182,0.36872090785897516,0.3149038089930718,0.7075609619802516,0.7824573515595379,0.8634440542161665,0.1253762234947796,0.1244138888888889,0.11846944444444445,0.7571055555555556,0.08088338888769164,1
NVDA,2025-09-25,0.6296704507880524,0.6601745423584502,0.6410625345877146,0.6752959398163516,0.6753484801387617,0.3110887232809908,0.7516911663742629,0.8009636150524406,0.8629456644377183,0.344328528065947,0.19950419565869412,0.49112325152298164,0.50894648774711,0.3676951076684297,0.5933092764146142,0.6117463992055799,0.2964349294297075,0.36240970545589885,0.37048357955687916,0.3423683038367218,0.7006580583617594,0.7801376542504128,0.8660810058331361,0.11100098489888657,0.1244138888888889,0.11846944444444445,0.7571055555555556,0.14560705505042515,1
NVDA,2025-09-26,0.6703405709247217,0.6549595572584079,0.6609850581073604,0.6808275251687135,0.6808794719451505,0.14429292588516596,0.7540648180578531,0.8030685441666827,0.8643189591369087,0.34817835909982453,0.20816372655610674,0.4846547831585723,0.4971967424248498,0.38341030956105226,0.6229879163434621,0.5891804404038308,0.29392656715340115,0.20050121224037848,0.3681236018601374,0.33411576628562845,0.6972513751816234,0.7789659679775176,0.8673294477917466,0.10397769063685788,0.1244138888888889,0.11846944444444445,0.7571055555555556,0.1470237021801324,1
NVDA,2025-09-29,0.6952496417943348,0.6999787143465304,0.7206419479800774,0.7213187299480033,0.7213641195711933,0.3168154578401742,0.764649749856285,0.8090774648783554,0.8668146868552651,0.3771601742780958,0.22239482635646873,0.5225044065451432,0.6618490859561006,0.49311592024258066,0.8235791319102925,0.6675710065095453,0.35554114429014605,0.4104147080165627,0.31478091064256375,0.3408967138594643,0.7076857399057264,0.7835340989436919,0.8654339941337688,0.1224402566461372,0.1244138888888889,0.11846944444444445,0.7571055555555556,0.10795094700135444,1
NVDA,2025-10-01,0.7482640802380691,0.7440400170285226,0.7602656336469289,0.7809492200464654,0.7809848926489802,0.24228957701736709,0.8016639433988453,0.8303487256459083,0.8761717113071745,0.48033760060496433,0.2802216486106218,0.6450866238485171,0.5039740596505615,0.6288524660155465,0.9523077097893151,0.921298734261124,0.5800626710652748,0.3204040944838365,0.3109493992195794,0.3304376881646587,0.7469376765779956,0.8028296547686509,0.862460718791696,0.1846483804877008,0.1244138888888889,0.11846944444444445,0.7571055555555556,-0.024077630848375775,0
NVDA,2025-10-02,0.7963187479334286,0.7750106428267349,0.8063087991145548,0.7992034517092599,0.7992360594117018,0.09865936709655954,0.819436531186732,0.8417550049454043,0.880957205554074,0.5267994188975551,0.31775055134209684,0.6807745602554168,0.553235885823095,0.6679940093538809,0.8997384309886182,0.9491612020165522,0.4985596855701592,0.15472244905889004,0.3119305115037875,0.3080081294537427,0.7671610030587341,0.8130841849775985,0.8615453452132753,0.21528901627124195,0.1244138888888889,0.11846944444444445,0.7571055555555556,-0.053283912820222046,0
NVDA,2025-10-03,0.7917998456960211,0.7676670923797362,0.7766463752075261,0.7851532249142605,0.7851873402234744,0.10172709441899319,0.8306404385465349,0.8507032084540855,0.8846255756044752,0.5508517828145792,0.3538349170850398,0.6709613134058676,0.4073922517746528,0.611225924923077,0.8404369952148869,0.9063236796243538,0.46979294492996065,0.17332000437683787,0.24786813920881556,0.304273531813835,0.7751379579601465,0.8253430797580656,0.8773581940714377,0.202034353870065,0.1244138888888889,0.11846944444444445,0.7571055555555556,0.02099162166617119,1
NVDA,2025-10-06,0.7511297255593521,0.7343550446998721,0.7539568345323742,0.7621418298484348,0.7621806267056197,0.17959796524095484,0.8346674573965185,0.8565106241964073,0.8878079902905063,0.5511133073752328,0.38276831438896547,0.6223822745425456,0.3660346232135089,0.5208162533339474,0.7433227226777174,0.829867652123667,0.318679332355062,0.26714330469660114,0.266766893844933,0.2904801122942675,0.7768941578061666,0.8355975504814941,0.8957168258546238,0.1761137378747534,0.1244138888888889,0.11846944444444445,0.7571055555555556,0.10202479212898519,1
NVDA,2025-10-07,0.7591755758844922,0.7538314176245211,0.7613724405091313,0.7566102444960727,0.7566496348992309,0.1113870811879406,0.8367023941810303,0.8612305886006839,0.8900000586347578,0.5443583562989521,0.40421277112233095,0.5715072723488064,0.4454310202011935,0.4992036401864911,0.6492703223733997,0.7382352489304932,0.39658414196642594,0.18908569791537339,0.26331783730120284,0.28917673973202085,0.7785264413970701,0.8440973173577442,0.9107496875403327,0.15535129293913005,0.1244138888888889,0.11846944444444445,0.7571055555555556,-0.027483556502911344,0
NVDA,2025-10-09,0.825305852529483,0.8202426564495529,0.839513004980631,0.839915919902644,0.8399419467100002,0.2777803629775607,0.8652303982610263,0.8819880813008802,0.8971098135515068,0.6046360745096724,0.4546082204635879,0.6149084215003239,0.641166486751782,0.7011585368105792,0.870400453674554,0.8014030356535354,0.5336879096971753,0.40401363941513285,0.21652574103084143,0.29695121947560255,0.811849897805488,0.8602705972477005,0.9078160408370071,0.20713260158556399,0.1244138888888889,0.11846944444444445,0.7571055555555556,-0.16514180731063266,0
NVDA,2025-10-10,0.8394136448804141,0.823648361004683,0.7397897066961818,0.7358114835711917,0.7358542119055707,0.6104071612102148,0.8566910738173092,0.8822882884010592,0.89850957312787,0.561916357051683,0.4661093471022607,0.5039587405352183,0.0,0.3496523385744096,0.41492016703410256,0.715667298512553,0.3697082064685752,0.7591853298683133,0.40481492764147664,0.42062556222667524,0.8134987269641234,0.8634469455197116,0.9123495511729647,0.20251584702008316,0.1567,0.0108,0.8325,-0.05005637317538836,0
NVDA,2025-10-13,0.7783533561115397,0.765006385696041,0.7830658550083014,0.7928974444075674,0.7929307287524185,0.1633294322668608,0.8621054222646616,0.8883349541925567,0.9023681099603496,0.5630143498582261,0.47558694478483576,0.490212198002185,0.7318636704806389,0.48117815244937046,0.6574543213277455,0.6320469907251006,0.3922780918927422,0.23452639628910016,0.44411163060293835,0.43803560064208846,0.8211904555078167,0.8697342079925461,0.9167016419081633,0.20667034615480998,0.1244138888888889,0.11846944444444445,0.7571055555555556,-0.09081384528889902,0
NVDA,2025-10-14,0.7430838752342115,0.708492975734355,0.7137797454344217,0.7011837592654055,0.7012324155942997,0.36559003436506066,0.8467629615618617,0.8845558987779258,0.9023787276056818,0.49945470246139234,0.467151865338953,0.3685250942496903,0.047744841446691555,0.2554446818450179,0.2678024283849101,0.4115897615711134,0.18474508188385502,0.4545797382789551,0.5515384897022996,0.4785132386234461,0.8188730422057999,0.8727975337779599,0.9251521686843294,0.19055884273226,0.1244138888888889,0.11846944444444445,0.7571055555555556,0.050319287219676934,1
NVDA,2025-10-15,0.7434145266174366,0.7092379736057897,0.6871057000553404,0.698971125124461,0.6990200188717441,0.39974995947699343,0.8340143216814311,0.8808965920745824,0.902796038044132,0.44549386827340975,0.4468055642151725,0.28760798410792554,0.46034432313751183,0.25059546667183363,0.1937886828210388,0.3306900037850028,0.17162219618294375,0.4931317627198489,0.5064118676606836,0.5009244798037678,0.8080124021673558,0.8784721548879193,0.9476610267588392,0.14125450939253462,0.1244138888888889,0.11846944444444445,0.7571055555555556,0.04446505209586138,1
NVDA,2025-10-17,0.6924942136007937,0.7010429970200083,0.7143331488655231,0.7364752738134752,0.7365179309223371,0.23953750258843132,0.8274606913971527,0.8803530598868432,0.9040796638231623,0.4010148514814692,0.4002937582252432,0.27141909297904215,0.5433853133831785,0.34321107027496567,0.28534960589675257,0.17122886603767656,0.21896211833509158,0.32544550781432097,0.4530276907668572,0.43773993516155985,0.8030545838144219,0.8856813834237891,0.967030835753842,0.10525047649824434,0.1244138888888889,0.11846944444444445,0.7571055555555556,-0.04415373755275487,0
NVDA,2025-10-21,0.7212608839413643,0.6871008939974454,0.7148865522966246,0.7136851421617438,0.7137313508783771,0.04993248750766838,0.8199532096813797,0.8784430546433739,0.9038315489966562,0.35780528181134175,0.35317642289052886,0.2589751136218138,0.39433300538879346,0.28100275389065177,0.16654819932437803,0.1787735543361439,0.22625192613854614,0.13787710181935792,0.31671125328846583,0.3626650816417851,0.8013195078733604,0.8867282095917548,0.9709029869809105,0.09702741010107482,0.1244138888888889,0.11846944444444445,0.7571055555555556,0.07903926002501471,1
NVDA,2025-10-22,0.7030750578639919,0.6940187313750532,0.6812396236856668,0.7039495519415866,0.7039979114974941,0.19732532645256562,0.8136345306429735,0.8758430150503129,0.903073655133914,0.3299937674008268,0.32651895505632,0.24473401318868765,0.4250345840526139,0.2539826028973283,0.1406795331617901,0.1258467904933223,0.150724980755366,0.31686466676782504,0.31340035273959377,0.3800849228431149,0.7983344335323814,0.8886971207937937,0.9778953928119094,0.0824082561087097,0.1244138888888889,0.11846944444444445,0.7571055555555556,0.1761327567676283,1
NVDA,2025-10-23,0.695139424666593,0.6896551724137931,0.714775871610404,0.7247483128664676,0.7247933344911544,0.0,0.8130412604675761,0.8755829675330393,0.9032268978658056,0.3212782914821676,0.3029966635185568,0.2660323663344523,0.5682774962383133,0.31703200214157856,0.24605292736665849,0.12370802093132782,0.12909846937684824,0.08563602681138743,0.3185812372316347,0.3455538640375908,0.7953502013755045,0.8913560045337485,0.9862455107758539,0.06581022720587884,0.1244138888888889,0.11846944444444445,0.7571055555555556,0.2879820393735759,1
NVDA,2025-10-24,0.7328336823542381,0.7369093231162196,0.7558384061981187,0.770107312755836,0.7701441487084582,0.07729618091021262,0.8222966943431769,0.8799341615059915,0.90434941012113,0.34395935490073415,0.2898945033923813,0.3368199768687833,0.6799472666633372,0.44208835332303786,0.47585201467007837,0.2368651492924676,0.337509799042182,0.18682177061807642,0.3462603031732746,0.3441506036138713,0.7942644946666981,0.8961561885105627,0.9968304689215661,0.04866741543000774,0.1244138888888889,0.11846944444444445,0.7571055555555556,0.2984582193827132,1
NVDA,2025-10-27,0.8006172159153533,0.7851213282247764,0.8104039845047042,0.8279676955415425,0.8279950044082005,0.16321271049666086,0.8421129844073496,0.8897418732597069,0.9072678099247089,0.3992962596507533,0.2933577853777546,0.4493548402215918,0.7310133367643445,0.5752142828371875,0.7689906069745645,0.466729358211758,0.33723963139817725,0.3052329121466932,0.36674673745056185,0.34919032637142156,0.804966189775324,0.901890235654264,0.9969517512176345,0.06367489386398809,0.1244138888888889,0.11846944444444445,0.7571055555555556,0.15229557584785658,1
NVDA,2025-10-30,0.9677063815716964,0.935823754789272,0.9540675152185945,0.9540878415753957,0.954094980403696,0.26175419248311793,0.9518622673062933,0.9515282705686736,0.9278522547784818,0.7068123257423011,0.44429650588182845,0.8510704516972782,0.2805167039879433,0.7020937294570234,0.7232591723800421,0.8308025718317454,0.6282397756201841,0.37207762883591283,0.5310951050813263,0.5097486621728937,0.921372542150664,0.9305903925889609,0.9319706249152779,0.320586938581816,0.1244138888888889,0.11846944444444445,0.7571055555555556,-0.04869338978943738,0
NVDA,2025-10-31,0.9820346081781108,0.9550872711792251,0.9613724405091311,0.9496625732935062,0.9496701869585853,0.265390793017789,0.9718709412643411,0.9671358535000507,0.9351204027774698,0.7507996886712498,0.5054589507765515,0.8413255084265958,0.4522444163175405,0.6888621175574959,0.7113240535060306,0.7560274600166671,0.5966150755871342,0.36657993100141256,0.5268254361630532,0.5051651007794389,0.944514548058897,0.9394354134190057,0.925233632536306,0.3615131589418987,0.1244138888888889,0.11846944444444445,0.7571055555555556,-0.08479450762318907,0
NVDA,2025-11-03,1.0000000000000002,0.9909535972754364,1.0000000000000002,0.9982298926872442,0.9982300826219559,0.2671943576463617,0.998296441193733,0.9862367905459559,0.942753063520829,0.8120122208510672,0.5698145865801456,0.8630179751998638,0.672344061005616,0.759815081532104,0.8423060155888692,0.7542809005351132,0.6774933494146781,0.36352185038131485,0.5287168547594671,0.5445593815393921,0.9765333332163746,0.9521289094031977,0.9168097979765224,0.416246786907845,0.0342,0.0267,0.9390499999999999,-0.2083229443360296,0
NVDA,2025-11-04,0.9440096991072411,0.912515964240102,0.9155506364139459,0.9076225246155551,0.9076368616267532,0.30074508042944303,1.0,0.9944370434430982,0.9477420362245537,0.7934484599733092,0.6166209905503856,0.743799882919884,0.09121145726277707,0.5097596460527073,0.5979463917623592,0.7084358973436788,0.5719262693070727,0.39155026265893184,0.6334113397494713,0.582277736119371,0.9877260165929418,0.9602482068982505,0.921115315887846,0.4242488041442053,0.1244138888888889,0.11846944444444445,0.7571055555555556,-0.12845078799416432,0
NVDA,2025-11-05,0.8973878540725229,0.9013409961685821,0.8792473713337026,0.8691226905631158,0.8691433710510101,0.2326160179495591,0.9931040407798251,0.9979978916173595,0.9512943253017274,0.7472537797553925,0.6424249624102372,0.6011229889557056,0.30474523127251363,0.4195246120852544,0.4941168251178965,0.628971807331686,0.530968260130474,0.30364149889702213,0.6355497846974066,0.6074480332019203,0.9925653539808266,0.9638765856311307,0.9232089668552472,0.4273401195117932,0.1244138888888889,0.11846944444444445,0.7571055555555556,0.04887088378178572,1
NVDA,2025-11-06,0.8714868290532347,0.8449340144742443,0.7877144438295518,0.790242283438434,0.7902758526853519,0.43301876622374436,0.970666190252846,0.9932569404338698,0.9530084147216342,0.6530778002331297,0.6393356057012907,0.40484046535009316,0.12113998342758792,0.2573799296774423,0.28138526630751765,0.4237619842458781,0.38323487322073396,0.523610411783036,0.6896607678700665,0.6745991374263527,0.9900038502976269,0.9612058047873235,0.9206235021048488,0.4279394153589062,0.1244138888888889,0.11846944444444445,0.7571055555555556,0.07110372658722564,1
NVDA,2025-11-07,0.7445166978948528,0.745955725840783,0.7050359712230216,0.7910167053877644,0.7910501915382464,0.59554704507787,0.9528820447926294,0.9890253154358486,0.9551186585254856,0.5753661024588799,0.6172806178924635,0.2760002756435395,0.4742870965868148,0.25900728071085066,0.28347391211046946,0.30871392799657943,0.317609682542581,0.7098547735649576,0.5597470021225265,0.7099789885920387,0.9900651988059643,0.9641739537419189,0.9264039094092138,0.4192845584088106,0.1244138888888889,0.11846944444444445,0.7571055555555556,0.0790049600968803,1
NVDA,2025-11-10,0.8570483853190789,0.8696253724989358,0.8697288323187602,0.911605266069256,0.9116191757273535,0.33943699002087035,0.9645228912518595,0.9973749092759865,0.9616895547355726,0.5911350057891315,0.6036104226558713,0.33296111496217734,1.0,0.4812569906944003,0.6086879987489698,0.3506291723545181,0.403732978918534,0.4073972334517874,0.6780033970004794,0.778068390258714,0.9999562830944606,0.9705563930455723,0.9286479426813532,0.4286630088906912,0.055,0.0907,0.8542,-0.14791026828022324,0
NVDA,2025-11-11,0.8575994709577868,0.8215197956577267,0.8421693414499172,0.8464431906184313,0.8464674108431778,0.25252076367835663,0.959857210105524,0.9983748223843032,0.9676027644122513,0.5564097866731935,0.5839234421657309,0.2920869806184168,0.18852768455766233,0.35222444778086837,0.3962488575235508,0.3926513961047394,0.1728740243894587,0.31552526651626883,0.6161548487512033,0.7814250682696633,1.0000000000000002,0.9783663658404644,0.9439805501749516,0.4056936585149238,0.1244138888888889,0.11846944444444445,0.7571055555555556,-0.03907193375884088,0
NVDA,2025-11-12,0.8637716301113192,0.8265219242230732,0.8402877697841726,0.8535236198694551,0.8535470803553551,0.16896193629395584,0.9576436134066633,1.0000000000000002,0.9737272705134619,0.530572689096164,0.5616628577829186,0.2746035859443805,0.5018758076945974,0.36469383686805,0.41657872587481115,0.4413470724894071,0.1000577612748787,0.23170764532079685,0.6149923064628621,0.7406321094070896,0.9989366234175538,0.9866760169971549,0.9614525222690555,0.37827490880600845,0.177,0.0378,0.7852,-0.0933069294612262,0
NVDA,2025-11-13,0.8123002314559684,0.779161345253299,0.7597122302158275,0.7767452151786707,0.7767813388761247,0.3724991100449747,0.9394025906490167,0.9937119600006288,0.9777442268402343,0.45621392920342857,0.5251158348516001,0.17755079381071456,0.1281082065968655,0.22403549088552188,0.19613942210854715,0.2904184064788384,0.05584311004804732,0.4594858088157237,0.6884453116770021,0.7790958854978858,0.9965065766164491,0.9896798572633072,0.9699034744994881,0.3626103505853727,0.1244138888888889,0.11846944444444445,0.7571055555555556,-0.07832009888807856,0
NVDA,2025-11-14,0.7220324038355563,0.7745849297573435,0.7235196458218043,0.8133643102113066,0.8133942922376955,0.29171988946719807,0.9326651080876265,0.9916992556741688,0.983860756501419,0.4201143156131705,0.4867810420638782,0.16540584560215665,0.6357897366009239,0.2936477389608131,0.3012766069038641,0.2556733221283371,0.10917930039434487,0.3640484562108976,0.6990880780037668,0.8220467873426922,0.9948584840243064,0.9938138629099105,0.97976365514528,0.3459214940926435,0.1244138888888889,0.11846944444444445,0.7571055555555556,-0.049636477874517415,0
NVDA,2025-11-17,0.7563099305632093,0.7531928480204342,0.7649142224681793,0.773868790795442,0.7739052231368024,0.24145197228769244,0.9188027136801402,0.9858748864800899,0.9886937660317858,0.36377291235414155,0.44191506212472964,0.12103719859182327,0.29270549349118896,0.22364058105283824,0.1878804130908468,0.1720052810252971,0.0,0.2975552498262403,0.7182913682163129,0.7942629549406595,0.9925637707652075,0.9961693705016308,0.9867967597821106,0.33260515450378425,0.1244138888888889,0.11846944444444445,0.7571055555555556,-0.08518627574298754,0
NVDA,2025-11-18,0.7277636944781218,0.708492975734355,0.7132263420033205,0.7158977763026886,0.7159437476009325,0.39644762527425736,0.8952771216245492,0.974716734436303,0.9914958207416069,0.2799255099637119,0.38489256596186283,0.03845371649274976,0.2031316210832106,0.12892039577314118,0.02347056031671916,0.10883531160247609,0.03172962288879788,0.4506090511010799,0.7548812222112024,0.7846809580203302,0.9923489787148354,0.9962883415401542,0.987255198083699,0.33165362869999493,0.1244138888888889,0.11846944444444445,0.7571055555555556,-0.038316715877820484,0
NVDA,2025-11-19,0.7433043094896947,0.7410600255427842,0.7484228002213615,0.7729837371390642,0.7730202644477804,0.5269258898193022,0.8887024559824019,0.9703467100969225,0.9939255975634567,0.25201452850224987,0.3322409461761301,0.0681466140635234,0.7344188177351496,0.24314753439161974,0.19166646318640862,0.06873503321290489,0.1571146421670759,0.5715075679158179,0.7877121144163787,0.7694524313961122,0.9871402386067614,1.0,1.0,0.30623101725185364,0.1244138888888889,0.11846944444444445,0.7571055555555556,-0.056808164760563384,0
NVDA,2025-11-20,0.8663066240493771,0.8276926351638996,0.7154399557277256,0.7079322933952872,0.7079791193997325,0.9001966819994865,0.8694880987208742,0.9597945240401795,0.9948420429807558,0.18700539016876605,0.27373721815589375,0.028391188517918164,0.1697787772691779,0.1392807696550502,0.0,0.0,0.17167276208918913,0.8938591805029266,0.8318476321556579,0.8974066568079322,0.9889108649448126,0.999095820107224,0.9963716226490522,0.3138337998002939,0.1244138888888889,0.11846944444444445,0.7571055555555556,-0.04405861774250719,0
NVDA,2025-11-21,0.7041772291414086,0.7059386973180075,0.6388489208633095,0.6884611129549729,0.6885111344396055,0.9134641858055469,0.8499397426472384,0.9482322838534747,0.995121984331208,0.12398998756969279,0.2110542289195384,0.0,0.37878451145442527,0.10988186210198247,0.1462378477656482,0.04491374827976405,0.14315889777972496,0.8402422861844048,0.8103314694291347,0.9495951470532158,0.9956059120620868,0.9947060267277958,0.9807402812765105,0.34544956759100476,0.1244138888888889,0.11846944444444445,0.7571055555555556,0.022171809026818368,1
NVDA,2025-11-24,0.6848892317866198,0.6946573009791399,0.6781405644714997,0.7290629494413101,0.7291064019017766,0.5632682405879985,0.8430108018057991,0.9418276952896971,0.9963896836422388,0.10321295659489862,0.15567198439020313,0.049596521628931745,0.6616343947167636,0.1945988248441296,0.28268196085941577,0.0782112759598754,0.044434857097721464,0.47943296718347966,0.7926804261265156,0.9301031135246629,0.9973514658282749,0.9893883187334063,0.9684476101977686,0.36585648642967794,0.1244138888888889,0.11846944444444445,0.7571055555555556,-0.08419990593375926,0
NVDA,2025-11-25,0.6344097872809433,0.6378246062154107,0.6014388489208635,0.6767341520079655,0.6767865380084228,0.8113776193567351,0.8262423844644302,0.9307127656330645,0.9971661451782865,0.053951910686399845,0.0989523071960253,0.04051087204782494,0.22409770478332297,0.11114296775113819,0.23127233542214584,0.1628210093267099,0.054646617510616446,0.7080491228050865,0.6825730936448856,1.0,0.9917351201173175,0.9755825030245417,0.9471250295645537,0.3903210584969188,0.1244138888888889,0.11846944444444445,0.7571055555555556,0.03432257895794932,1
NVDA,2025-11-28,0.6795988096550203,0.649851000425713,0.6783619258439404,0.6676623520300919,0.6677157114459453,0.03865817273425981,0.8047823132852883,0.9129868680257609,1.0000000000000002,0.0,0.0,0.09311240573100477,0.299284725717309,0.1099405787850517,0.20274763695232836,0.1957378971140597,0.13288927080968177,0.0,0.6353697488409661,0.8809827058549806,0.9498905703775582,0.9442532051095207,0.9291091607327009,0.36275092248216223,0.1244138888888889,0.11846944444444445,0.7571055555555556,0.04290663057290023,1
NVDA,2025-12-01,0.6327565303648186,0.6606002554278416,0.6471499723298286,0.6999668104878858,0.700015597396894,0.29768821094609776,0.800643405153358,0.9068436385558607,1.000858338900554,-0.0034803072432028626,-0.040058313492200404,0.15369736443647697,0.6245534391710867,0.18124575475376636,0.3580030044570931,0.24210162711607314,0.12956577533587252,0.25246304163655325,0.6605938466084876,0.8604954417235222,0.9277588676495341,0.9308280967239306,0.9257732746366396,0.3384714790950667,0.1244138888888889,0.11846944444444445,0.7571055555555556,0.05483461122734723,1
NVDA,2025-12-03,0.7024137550975422,0.6834823329076201,0.707249584947427,0.6963159641553271,0.6963651428046778,0.2085259630321601,0.7968239552198888,0.8973790731436464,1.0005968595751955,0.006435547125900942,-0.09289570145815906,0.2646522551021262,0.37344801937758243,0.17940621296070136,0.34481357001824176,0.3319049164771362,0.2591621551546181,0.16835732907240236,0.5710525115653103,0.7635502815514355,0.8638098949132458,0.9043466306866526,0.9403733992816061,0.22992806920484313,0.0931,0.40485000000000004,0.50205,0.09483536453633934,1
NVDA,2025-12-04,0.7083654799955912,0.7055129842486165,0.7166574432761486,0.7382453811262308,0.7384006805332319,0.21716143512712593,0.802512266071636,0.8965376950170854,1.0022924869700096,0.03597217466616681,-0.10443277072932275,0.34745218845223963,0.6675617281089768,0.2746380895705275,0.4966919059807791,0.38264350117400103,0.23855021935982393,0.1774332268324969,0.5945829675886042,0.7266873468357002,0.8478525454076229,0.897315977679606,0.9431843553981274,0.20368768919523048,0.0353,0.0362,0.9286,0.023819796498040446,1
NVDA,2025-12-05,0.7333847679929459,0.7070029799914856,0.7271721084670724,0.7275141055426488,0.7276705564288379,0.12644496510368075,0.8047607588598118,0.8946873671735054,1.0035417506680002,0.0545652919065,-0.1089769236118466,0.3949575242551742,0.420951906103485,0.25217746950221687,0.45792296232718405,0.39668215107816784,0.3167518265825422,0.09841801283257717,0.5292203004599062,0.6749165240871062,0.8439897079735184,0.8939493947169961,0.9405870215831387,0.20224656607153604,0.1244138888888889,0.11846944444444445,0.7571055555555556,0.020826619155625004,1
NVDA,2025-12-08,0.7196076270252394,0.7425500212856533,0.7436635307138906,0.7622524615554822,0.7624051849729594,0.36069121003636595,0.8140118927859366,0.8965189389130102,1.0054882925669453,0.09461882475896513,-0.10251867595504754,0.46970069337242826,0.631174225020509,0.3310595257096208,0.5834224294120186,0.4839759120696038,0.39746615110363703,0.34466224414988506,0.5473135183590746,0.654113168826266,0.8413072469697009,0.8924090171957171,0.9403536216722164,0.1988753704328545,0.1244138888888889,0.11846944444444445,0.7571055555555556,-0.06703307545428738,0
NVDA,2025-12-09,0.7517910283258018,0.7182843763303532,0.753846153846154,0.7558358225467419,0.7559892344775481,0.1293478859399515,0.8200362531040852,0.8975349789659817,1.0063150162399792,0.12365342953736805,-0.09003529966292165,0.5106315072374503,0.44137042719982816,0.3159626128346432,0.560240999186157,0.5072250041929509,0.326905647113653,0.11695520610142979,0.3438070742542866,0.5876268134332516,0.8090606995677898,0.8840400589763235,0.9575304069047097,0.1279289363705803,0.1244138888888889,0.11846944444444445,0.7571055555555556,-0.1455929951478755,0
NVDA,2025-12-10,0.7452882177890443,0.7157300979140058,0.7396790260099613,0.7426706494081208,0.7428254739783431,0.19940305151811977,0.8220314470153731,0.8971270311447486,1.0055782256076367,0.13923498532549985,-0.07612201557208159,0.5203453728651735,0.4101391134063345,0.28393621416957393,0.512679099239994,0.5272572408023759,0.3863943049792779,0.19127468314192314,0.296122589788688,0.5412193935012501,0.7916633446921806,0.8784667417056666,0.9647138636526731,0.09253410811237309,0.1244138888888889,0.11846944444444445,0.7571055555555556,-0.11153933213404998,0
NVDA,2025-12-11,0.6935963848782101,0.6714559386973178,0.6796900940785835,0.7111406128996574,0.7112988206819271,0.2744431285777549,0.8168635358601954,0.8935669941105207,1.0039143719126618,0.13188257704200146,-0.0668442098140073,0.48885494132462176,0.3239219528425573,0.2089179422290809,0.595989056525393,0.5318546733809083,0.2988934181193805,0.264029071704499,0.3043576539117726,0.552960698395953,0.7669613342102879,0.8708173798127805,0.9754333447530499,0.041193440384901886,0.1244138888888889,0.11846944444444445,0.7571055555555556,-0.04992130784495463,0
NVDA,2025-12-12,0.7027444064807673,0.6874201787994889,0.6575539568345325,0.6457572740347386,0.6459224975304123,0.3602910211099658,0.7987026694835371,0.883717254179557,1.0002537934179154,0.08412662451262229,-0.07145656025243027,0.39449423431806185,0.15871433627949832,0.07261009031968091,0.2573562575167499,0.4210459284147037,0.255135203896271,0.3527809205388844,0.2903864732951017,0.5791932487311175,0.7653120111654752,0.8637804808262115,0.9632987286185557,0.05689331611126941,0.1244138888888889,0.11846944444444445,0.7571055555555556,-0.06987354258860945,0
NVDA,2025-12-15,0.6678055769866638,0.6405917411664537,0.6620918649695628,0.6598075008297379,0.6599712167186396,0.20712064843015032,0.7871881392527178,0.8761840864604509,0.9972640810710571,0.05809869799678649,-0.08170552986609014,0.3562027015967657,0.5387318982797806,0.11286129252020816,0.3301250654255436,0.35425952225900353,0.2287398163900299,0.1988914088746489,0.2675707808747009,0.5327986143518473,0.7500098350247792,0.8555301962177442,0.9630243640863321,0.03515566274651322,0.1244138888888889,0.11846944444444445,0.7571055555555556,-0.0360368212506621,0
NVDA,2025-12-16,0.6492890995260663,0.6413367390378886,0.6606530160486996,0.6756278349374933,0.6757898532849114,0.14434876620047754,0.7813704149931207,0.8709359349041585,0.9952013789627256,0.05056823892034845,-0.09180239622565753,0.357235992395741,0.5467081039954538,0.15865162196121052,0.24218181798427932,0.22482105716296108,0.22746287354538625,0.1376989898133691,0.2587114990768329,0.4925185390767026,0.7414334614969691,0.8502540686013185,0.9615865525849636,0.024819627101202474,0.1244138888888889,0.11846944444444445,0.7571055555555556,0.05352653082604397,1
NVDA,2025-12-17,0.6475256254821999,0.6162196679438057,0.6098505810736028,0.6006195375594647,0.6007896043902801,0.4320326417665393,0.7606248778988007,0.8585780076605418,0.9914799999218198,-0.002803049834855298,-0.11332956025846164,0.27958596783993067,0.10527613713125589,0.009866221612582882,-0.01841654532132833,0.12393106841716428,0.1465560194628333,0.4346419222376228,0.303395973966721,0.5114235509677532,0.7506913543497926,0.844061685531706,0.9397309805152201,0.0711514563061765,0.1244138888888889,0.11846944444444445,0.7571055555555556,0.23475820825170524,1
NVDA,2025-12-18,0.6302215364267607,0.6164325244785014,0.6265633646928612,0.6360216838145814,0.636187951951168,0.2510188918644538,0.751623189314385,0.8509243568433893,0.9875288888433424,-0.01803656456791336,-0.13439016750355975,0.28275545187768014,0.6450768730841907,0.11129198717753597,0.17281522933383184,0.06638011549663755,0.13987671819135328,0.2594578065090433,0.26869500520288914,0.4965495489370142,0.7424104937883966,0.8367035647411245,0.9338851916586361,0.06795309268965302,0.1244138888888889,0.11846944444444445,0.7571055555555556,0.26203591648235536,1
NVDA,2025-12-19,0.653808001763474,0.6728395061728394,0.6765910348644162,0.7118044031419408,0.7119625396986939,0.8281514296284059,0.7606793310948623,0.8516317034617524,0.984473199187925,0.023644594455267065,-0.1407349183037394,0.38272543052340013,0.833349209686062,0.29867025469938613,0.5821707469550369,0.19076322675542096,0.2649606740559239,0.87457237862041,0.3164489993797467,0.5136926017373478,0.7427381585236843,0.8369177720959855,0.9339649934938055,0.06830966977179645,0.1244138888888889,0.11846944444444445,0.7571055555555556,0.11839431210107954,1
NVDA,2025-12-22,0.733715419376171,0.7016815666240952,0.7431101272827891,0.7416749640446956,0.741829895453193,0.06863976869700505,0.7743323073148094,0.8552960698849292,0.9846158770985893,0.07890137716138756,-0.13188589977202975,0.4859420391755914,0.6099395736961805,0.36338589862792114,0.7435225568203281,0.46951452727866416,0.25838507751736517,0.0999301991717983,0.32233385261134095,0.46858631642603443,0.7475952250597511,0.8397849741243939,0.9345413448106665,0.0745057268344789,0.1244138888888889,0.11846944444444445,0.7571055555555556,0.10199638539125422,1
NVDA,2025-12-26,0.7998456960211617,0.7924648786717752,0.8056447149972332,0.8173470516650074,0.8174938633645907,0.11003877024114483,0.8349428016847349,0.8821727495028775,0.98995124387828,0.29375286711832793,-0.0163337801193551,0.7494610423665722,0.5659660463814508,0.5079949561339606,0.8990569858731801,0.9656129681815561,0.4436024842510464,0.2141218292427049,0.2942610208287809,0.408005574497583,0.7917325177962728,0.8562922652050049,0.9209789924951921,0.1585673689199513,0.1244138888888889,0.11846944444444445,0.7571055555555556,-0.054532267405671075,0
NVDA,2026-01-05,0.8201256475256253,0.8024691358024691,0.7851687880464862,0.7906848102666226,0.7908344828577971,0.27984529130418934,0.8645713553835535,0.9053793468863687,0.9979199187607504,0.38755064963053565,0.172444765119221,0.62957129331106,0.4343954234005852,0.4238010460594118,0.7513059545095455,0.7519095915505967,0.523525360225727,0.4678944753493966,0.24285504693250315,0.367578121665493,0.8253755981464155,0.878849174108999,0.9302814457182365,0.19188896871099878,0.1244138888888889,0.11846944444444445,0.7571055555555556,-0.04308222550467744,0
NVDA,2026-01-06,0.8064587236856606,0.7869306087696892,0.7925843940232429,0.7809492200464654,0.7810999372785532,0.2539916130948642,0.8658713426436355,0.9081300455191992,0.9992643186738863,0.3879586436660214,0.1965408929755964,0.5895210051230425,0.4267288507568082,0.3927599175812567,0.7114133826504679,0.7529045216392435,0.3892062125162944,0.4252013073245357,0.24229861471684666,0.36504243489731647,0.8295331332207898,0.8817223246893344,0.9315996103580044,0.19570369741507934,0.1244138888888889,0.11846944444444445,0.7571055555555556,-0.033705701078582395,0
NVDA,2026-01-07,0.7849663837760386,0.7784163473818646,0.7897066961815165,0.8016373492642994,0.8017858466344472,0.16356365136719586,0.8713495092767785,0.9127232272918524,1.0000198090397998,0.4006190448470989,0.21900824154540413,0.578456135667008,0.5641746718479959,0.4493468115475413,0.7961850978510084,0.7477012563386345,0.3744493454048522,0.32041793177476036,0.2295099975475856,0.3547281076116864,0.8341826963292049,0.8838400091750462,0.9309166945335643,0.2032228352309409,0.1244138888888889,0.11846944444444445,0.7571055555555556,-0.05753216006357542,0
NVDA,2026-01-09,0.7465006061942028,0.7248829289059173,0.7577199778638628,0.7546188737692228,0.7547724162801428,0.07741561714018474,0.8614236546568312,0.9117987442862743,0.9940511868757869,0.3594557713230344,0.23663380309399032,0.46043576498798156,0.46164458578665435,0.3001655218599212,0.4648684685253685,0.5965601873842706,0.22944116977100112,0.20811617652354625,0.2610336835147684,0.3188108461726664,0.8349870229201592,0.8845240926465547,0.9314242148837031,0.20357476355832946,0.1244138888888889,0.11846944444444445,0.7571055555555556,-0.025208409056267755,0
NVDA,2026-01-12,0.7260002204342555,0.7331843337590465,0.7505257332595463,0.7555039274256001,0.7556573749691649,0.10316808477800765,0.8578944619030726,0.9113921408563519,0.9882171605342014,0.34361947611052357,0.23671856492142745,0.4264033668019363,0.47485592592897863,0.30306601768457775,0.18666755981895186,0.37357149190900774,0.20167500688341233,0.2516820386105348,0.242035429435706,0.30133316353814976,0.8365804087223896,0.8869094619689446,0.9344581135017269,0.2012033599023503,0.1244138888888889,0.11846944444444445,0.7571055555555556,0.03088805349635204,1
NVDA,2026-01-14,0.7381241044858371,0.7048744146445296,0.7259546209186498,0.735590220157097,0.7357458044661653,0.18699680701974808,0.8501922386612502,0.9095572837691226,0.9786012187260826,0.3107910901334988,0.22717261790827445,0.37236540824213615,0.33477945301686163,0.23435778150465902,0.13674361416279718,0.12398881147232615,0.21893190486583602,0.376299335115686,0.16927494371692087,0.291796841466085,0.8312278212268354,0.8974027075666888,0.9607063397735729,0.1542993995901872,0.1244138888888889,0.11846944444444445,0.7571055555555556,-0.0762277631436511,0
NVDA,2026-01-15,0.7621514383335171,0.7606428267347805,0.7871610403984508,0.778847217612568,0.7789981603921254,0.3677119663469033,0.8539171115135127,0.9117155582661629,0.9733667459891049,0.3187257966218501,0.2228763600172916,0.39664156195311573,0.669303580855002,0.38075867246444994,0.458915775751135,0.22358934915692408,0.2964756336333815,0.6013564687492714,0.194067425715845,0.31250986404484515,0.8309549097648767,0.9029527065137954,0.9719194082151161,0.13721300784138293,0.1244138888888889,0.11846944444444445,0.7571055555555556,-0.05296700425440115,0
NVDA,2026-01-20,0.7114515595723574,0.6827373350361854,0.6906474820143886,0.6794999446841465,0.6796615475493835,0.43424221202102387,0.8364112643103736,0.9045784536829984,0.9655545889331061,0.25724565971056945,0.201105941464857,0.3020523593544544,0.04974822221073949,0.0859073876766897,-0.025710091782896374,0.22295261621815332,0.13096230319966487,0.6853031249912922,0.21474308957204158,0.3498557738761108,0.799479636949816,0.914385823315873,1.0272825106314594,0.011627188987801462,0.1244138888888889,0.11846944444444445,0.7571055555555556,0.15624694830179076,1
NVDA,2026-01-21,0.6800396781659872,0.7146658152405279,0.6993912562257887,0.7375815908839474,0.7377369615164651,0.345191256957742,0.834039711948567,0.9030154458822113,0.964300148472715,0.2481343301421975,0.18423382887238043,0.31120936637104124,0.7438358893331054,0.2675625689961233,0.3207352303078777,0.17240001084450496,0.22634831171333286,0.6089082374960377,0.16702056664046772,0.3774769534665088,0.7970593014890757,0.915771835914668,1.032537741949732,0.000580244257202045,0.1244138888888889,0.11846944444444445,0.7571055555555556,0.04723261839643067,1
NVDA,2026-01-22,0.7428634409787283,0.7230736483610045,0.7605976757055897,0.754397610355128,0.7545511766078872,0.10963664241490745,0.835749972077366,0.9032954232349095,0.9634286827817868,0.2523542941452536,0.1717995781225236,0.3413573197232601,0.548384675463134,0.314794640738432,0.42103939975130245,0.1832616226394077,0.22152213624466305,0.2820086924647551,0.15563820611926849,0.3373834619094609,0.7967394306956133,0.9164559193861765,1.034218586039974,-0.0023041768548246744,0.1244138888888889,0.11846944444444445,0.7571055555555556,0.05395008444361049,1
NVDA,2026-01-23,0.773173151107682,0.7595785440613025,0.7925843940232429,0.7857063834494966,0.7858565902320471,0.12170241610186516,0.843834779332794,0.9067167433014645,0.9604259228807137,0.27661145432288164,0.16796503014550251,0.3997781194760869,0.6135738114627791,0.39908721009871473,0.6077899257545187,0.41502417856244145,0.3295477638581214,0.3065233057377193,0.10287572886454799,0.32830776064404454,0.7945268847921458,0.9155398423895478,1.0347240157620066,-0.00618195505061836,0.1244138888888889,0.11846944444444445,0.7571055555555556,0.05419390438224636,1
NVDA,2026-01-26,0.7694257687644661,0.754469987228608,0.7833978970669622,0.7724305786038281,0.7725822098967146,0.05210172864553886,0.8474545972279968,0.9084842235853501,0.9586618090322989,0.28663329464785336,0.16742291546360263,0.42214477461693545,0.41051054723283065,0.3586074569668688,0.587229819015475,0.5125197828382261,0.3133880768794402,0.19728743164567725,0.10521879643405752,0.29585363777054674,0.792142878773322,0.9142668522773496,1.0347056181140792,-0.009550567297849283,0.1244138888888889,0.11846944444444445,0.7571055555555556,0.08648190466372219,1
NVDA,2026-01-27,0.7703075057863991,0.7638356747552151,0.7801881571665745,0.7951100785485121,0.7952592763029083,0.12543867608816872,0.8552158325556065,0.9123849920981819,0.9572701051321209,0.3093052709387542,0.1727026068478677,0.4616943468958229,0.5735350196882758,0.420806814180103,0.7821280793513784,0.6446221237731169,0.3446523354067144,0.29609137296331717,0.10671504295220813,0.2829638153661427,0.7880258248558583,0.9130711933401918,1.0366482699364314,-0.018228488732585924,0.1244138888888889,0.11846944444444445,0.7571055555555556,0.03630486067835803,1
NVDA,2026-01-28,0.8147250082662845,0.7888463175819496,0.8260099612617597,0.8282995906626842,0.8284452271412408,0.14421149209200312,0.8685448905905453,0.9192881720059403,0.9585036536585367,0.34862118452560503,0.18683404839571577,0.5218273930520463,0.6191521322401602,0.5057810305939686,0.9415602333605313,0.7667301860312493,0.37804333741437857,0.3145239310420636,0.11430003371742603,0.26406675443164396,0.7951333928255144,0.9150342154758242,1.0330953987218763,-0.002965162354125861,0.1244138888888889,0.11846944444444445,0.7571055555555556,-0.07891447860362777,0
NVDA,2026-01-29,0.815496528160476,0.8008727117922518,0.7841726618705038,0.8392521296603606,0.83939659091789,0.23422181479473647,0.8815577600435369,0.9266716089196125,0.9591244953779168,0.385737199810048,0.20749251132566343,0.5661677405290001,0.5192400170044196,0.5327393671942501,0.9364729472196726,0.8944988960398171,0.43803525682525557,0.41516256250361555,0.11383362651356077,0.2994371539216967,0.8049859705125291,0.9179906457831253,1.0286336348375151,0.017477238631839448,0.1244138888888889,0.11846944444444445,0.7571055555555556,-0.1603822817773043,0
NVDA,2026-01-30,0.8140637054998348,0.8116219667943807,0.8219147758716103,0.8239849540878417,0.8241310535322572,0.2641782050595979,0.8886928235104188,0.9318395920071121,0.9603237082353473,0.403265388951422,0.22843642020448313,0.5681068750618801,0.4031851439826833,0.47671017990208264,0.790659263360402,0.897619983579273,0.3518595652617625,0.4380535389992492,0.11590455889073281,0.2969043807457845,0.811252960798732,0.9207448253249368,1.0275159030374246,0.02795802916677892,0.1244138888888889,0.11846944444444445,0.7571055555555556,-0.22737888785683968,0
NVDA,2026-02-02,0.7698666372754326,0.7670285227756493,0.7711123408965135,0.7629162517977657,0.7630689039897258,0.2110701873985471,0.8812999459018793,0.9303608292960288,0.9614488881080308,0.37478018516728145,0.23801321928440522,0.4908861079177599,0.19539889636104152,0.27954904614742626,0.444955151301997,0.715939699576035,0.2780421700592355,0.3650445073335729,0.1733402875122657,0.3126830866638406,0.8087645553160747,0.9188174945008614,1.0263180367737377,0.02617900192770678,0.1244138888888889,0.11846944444444445,0.7571055555555556,-0.19903973836349642,0
NVDA,2026-02-03,0.7592857930122341,0.7241379310344829,0.6753735473159934,0.7046133421838701,0.7047722503503884,0.3593010188530864,0.8628780545807397,0.9231193226306049,0.9598193700820425,0.3124090179671663,0.22995700033038008,0.3710988265650661,0.20011984870247662,0.12983864116452704,0.18188100046903766,0.43987631612469036,0.3252454018087563,0.5492573617161207,0.229017900939126,0.3832004721469411,0.8100395344439886,0.9141895211023097,1.015874626596673,0.04315878451370908,0.1244138888888889,0.11846944444444445,0.7571055555555556,0.0795778450256781,1
NVDA,2026-02-04,0.6845585804033947,0.6529374201787996,0.6275594908688436,0.6365748423498176,0.636741051131807,0.370913089978137,0.8335443984894839,0.9096542299886845,0.9581184602766155,0.21772371277987487,0.19965113988947356,0.2199492014892837,0.144737745580501,-0.010067239846102805,0.05068001311453895,0.16915890867511202,0.1415900679116025,0.5548881686387293,0.300108931787323,0.4249490215029188,0.8221581017957711,0.906426660838672,0.9879410215768285,0.10117346616670439,0.1244138888888889,0.11846944444444445,0.7571055555555556,0.275359096057761,1
NVDA,2026-02-05,0.6346302215364268,0.6235632183908044,0.6178195904814612,0.6110189180219052,0.6111878689862908,0.36819397684643373,0.804595019891384,0.8948283261078565,0.9562722577672693,0.1270593943412299,0.15255886291922227,0.10591318134611127,0.3453385460515859,-0.055929794144664924,-0.017762650439694973,-0.00012389706120891075,0.08195534208176472,0.5357930087718574,0.29220551164564224,0.4248011445036979,0.8313176843409085,0.8961773058699007,0.9581996712834946,0.1581711368125933,0.1244138888888889,0.11846944444444445,0.7571055555555556,0.301531912429051,1
NVDA,2026-02-06,0.6540284360189572,0.7319071945508726,0.6573325954620919,0.7607036176568205,0.76085650726717,0.4652680994360904,0.813547031688461,0.896490422152117,0.9570303365143833,0.15714823134971184,0.12246748812901688,0.22140627780697306,1.1828333603613528,0.33346650036306247,0.5919254219052766,0.14988863730850266,0.25245961093996155,0.6377891811073364,0.6284948173274406,0.5621908118849621,0.831570464977075,0.8963974022911683,0.9583692254537732,0.15827051913529375,0.1244138888888889,0.11846944444444445,0.7571055555555556,0.06746029438276802,1
NVDA,2026-02-09,0.7374628017193869,0.8027884206045126,0.7608190370780299,0.8119260980196927,0.8120734913943299,0.3297048761779786,0.8316972821422226,0.9031824297850208,0.9602605041923586,0.21600454168787364,0.11322629559301536,0.3630488850527033,0.7025683431849585,0.4309968857264418,0.8005622123677464,0.4242289851046961,0.3440285418275958,0.4545838383085505,0.6574794203941846,0.6100219186056894,0.8374317520029371,0.8994787521889189,0.9583191408787495,0.16651660267367704,0.1244138888888889,0.11846944444444445,0.7571055555555556,-0.042227888932478974,0
NVDA,2026-02-10,0.8159373966714425,0.7902298850574709,0.8069728832318763,0.7953313419626065,0.7954805159751634,0.09850037730990835,0.842657447618806,0.9075875597305234,0.9624500633915687,0.2516168978197931,0.11480772615801166,0.4365707629228174,0.3963242168876544,0.39356835211180463,0.7329692996909203,0.6988802096645735,0.28812846882025345,0.17681333293651608,0.6616140595152687,0.5755759226020489,0.8407597613289235,0.9016202308823358,0.9590623814877852,0.17003499675788294,0.1244138888888889,0.11846944444444445,0.7571055555555556,-0.07968160731568918,0
NVDA,2026-02-11,0.8277306293397995,0.7985312899106001,0.8141671278361928,0.8120367297267401,0.812184111230458,0.12730428551153217,0.8550093484524077,0.9132819267635288,0.9658994511099952,0.29076350721787847,0.1259378940580557,0.5014386876033373,0.545750522598505,0.4264352573360256,0.8010128317855927,0.7753737079813703,0.2652813584554555,0.2145020778888121,0.6633573433609218,0.5488968622183126,0.8455346972924798,0.9041424168990275,0.9590450982801482,0.17669001325503,0.1244138888888889,0.11846944444444445,0.7571055555555556,-0.06918982528207152,0
NVDA,2026-02-13,0.7729527168521988,0.7372286079182631,0.7346983951300501,0.7319393738245383,0.7320953498739486,0.19592311409029528,0.8497080727360307,0.9118993446948436,0.9681154487743246,0.2732942299692924,0.13906901313547648,0.4417547133249662,0.260856694216609,0.2451902384055128,0.4747643732654449,0.6298052618310874,0.1600081540531299,0.30042605787496285,0.66909981692735,0.5512365790159601,0.8454090781527779,0.9038806806142765,0.958660834761973,0.17709004411969984,0.1244138888888889,0.11846944444444445,0.7571055555555556,0.07691005905000226,1
NVDA,2026-02-17,0.7097983026562329,0.7335036185610899,0.7080243497509686,0.7558358225467419,0.7559892344775481,0.1974311903836773,0.8485931970641603,0.9115171660403754,0.9695390584346069,0.2695365170626488,0.13999767989114123,0.4321363092215442,0.5811706315268272,0.29997759580913674,0.5720981675200745,0.5460580697083874,0.27769314909439397,0.3078898111150726,0.6762069212338372,0.5742020121609546,0.8446170318671056,0.9031311630715804,0.9580116544452197,0.17696179650585378,0.1244138888888889,0.11846944444444445,0.7571055555555556,0.07096743984594966,1
NVDA,2026-02-18,0.7869502920753886,0.7677735206470837,0.7919203099059213,0.7891359663679614,0.7892858051520082,0.2070178867387782,0.854845099865424,0.9145379477032722,0.9707540128756651,0.2886722062887996,0.14556284504991918,0.4636336704580488,0.6224766657462797,0.3735394208661563,0.7077346122915719,0.5632031641587039,0.41220188807282065,0.3329729876292024,0.5788334669154312,0.557644490979164,0.8450280015347478,0.9090261780304036,0.9691903109275724,0.16086297845252875,0.1244138888888889,0.11846944444444445,0.7571055555555556,0.05003419704223644,1
NVDA,2026-02-19,0.7683235974870495,0.7471264367816093,0.7797454344216936,0.7882509127115835,0.7884008464629861,0.05890687929417843,0.8596567535791593,0.9171945921389792,0.9722040345890133,0.3027863484956519,0.15357176909227094,0.4802349824048314,0.4667901145573634,0.37133032724284243,0.7041296569488085,0.6471152129588105,0.5189067007967425,0.16233788442226188,0.5393615038782201,0.5035026657477994,0.847359344121071,0.9117506148125845,0.9721216458751303,0.15973923686122818,0.1244138888888889,0.11846944444444445,0.7571055555555556,0.06945301889122124,1
NVDA,2026-02-20,0.7629229582277086,0.7673478075776927,0.7828444936358607,0.8094922004646532,0.809639854999519,0.26003981724705694,0.8680629212047721,0.9217582205413033,0.9733318292549515,0.32752376889006996,0.1662127874790954,0.5117024253250023,0.5663238567024393,0.42004854540594916,0.8217034912948681,0.7384319709834082,0.5942697030832012,0.4077706471069276,0.5410279700112154,0.4771073967499313,0.8514793318811307,0.9147129936718117,0.9736546936434003,0.1631681603530923,0.1244138888888889,0.11846944444444445,0.7571055555555556,0.07842472865590411,1
NVDA,2026-02-23,0.8161578309269262,0.8058748403575988,0.8231322634200333,0.828631485783826,0.828777086649624,0.2335253619732106,0.8788937622076061,0.9278428590395571,0.9750697423467247,0.3589041161190154,0.18423351211948621,0.5482486583833561,0.5560460000386631,0.4633416251139785,0.8903911879408773,0.8052558915149208,0.3850472778139332,0.36742095133949854,0.5336272552242164,0.45230269814605695,0.8563580774300024,0.9170210318191612,0.9731073963928778,0.1707215267964549,0.1244138888888889,0.11846944444444445,0.7571055555555556,-0.08889339732946133,0
NVDA,2026-02-24,0.817149785076601,0.8039591315453385,0.7990038738240177,0.843013607699967,0.8431576653462347,0.24724811946104785,0.8906437985781084,0.9348290601596092,0.9774653155598527,0.39196697238597344,0.20698199738755566,0.5803659959477843,0.5343500551910567,0.49583320376665274,0.9503518816819423,0.8953349610483899,0.3312307709689198,0.3722302342508316,0.5319081235649396,0.4587503600277847,0.8639876287077051,0.9208162079480511,0.972617336359566,0.18195926451612757,0.1244138888888889,0.11846944444444445,0.7571055555555556,-0.20545465041222133,0
